1328,107.68
1329,137.49
1340,52.87
1341,66.23
1342,83.67
1343,100.07
1344,84.49
1345,68.7
1346,58.58
1347,60.21
1348,89.36
1349,102.51
1350,112.49
1351,72.41
1352,111.83
1353,125.1
1356,82.53
1357,58.61
1358,48.72
1359,102.81
1360,74.06
1361,58.54
1362,80.01
1363,101.85
1382,43.23
1385,29
1390,20.81
1391,57.64
1392,37.84
1393,24.67
1401,53.1
1478,137.27
1479,108.25
1489,76.37
1490,112.46
1491,76.42
1492,87.25
1493,118.53
1508,83.79
1509,77.6
1514,177.96
1516,90.92
1517,138.04
1518,83.83
1531,109.49
1533,80.69
1537,76.6
1566,60.5
1625,41.77
1626,102.26
1627,103.91
1628,103.2
1629,103.08
1630,103.45
1631,88.88
1632,89.98
1634,89.48
1645,93.59
1672,56.52
1673,85.9
1674,80.29
1675,78.37
1819,195.44
1820,201.74
1821,192.96
1822,194.67
1823,191.19
1831,105.17
1833,180.2
1834,192.29
1839,280.47
1840,193.43
1841,173.21
1842,163.64
1893,114.74
2552,101.24
2553,96.47
2554,84.44
2555,68.1
2556,68.43
2557,54.06
2558,45.18
2559,40.45
2560,46.71
2562,131.18
2563,136.02
2564,134.9
2567,135.79
2568,129.98
2569,126.71
2623,114.76
2624,120.91
2625,108.71
2626,108.71
2627,108.04
2628,108.03
2632,198.39
2633,193.5
2634,190.8
2635,199.88
2638,180.08
2639,183.53
2640,191.3
2643,179.36
2644,183.38
2645,186.99
2646,192.25
2647,191.12
2648,193.62
2649,197.73
2653,119.93
2656,215.98
2660,84.65
2664,184.56
2665,119.59
2666,119.25
2667,119.43
2668,119.19
2669,119.56
2670,118.35
2671,119.62
2672,112.37
2673,121.81
2694,41.61
2695,55.24
2696,25.12
2698,67.1
2699,59.53
2700,72.52
2701,61.63
2702,37.34
2703,73.99
2704,79.85
2705,79.62
2706,69.31
2708,77.67
2710,63.05
2711,96.92
2712,78.13
2713,44.4
2714,71.1
2715,34
2717,75.58
2718,56.57
2719,67.79
2723,48.52
2725,196.34
2727,123.21
2728,145.49
2729,180.73
2730,118.99
2731,132.04
2732,201.4
2733,169.06
2734,157.31
2735,150.11
2736,137.06
2737,152.34
2738,128.1
2739,138.06
2740,143.21
2741,201
2742,189.79
2743,132.44
2745,154.97
2746,142.67
2748,146.55
2769,203.61
2770,126.42
2772,183.14
2773,175
2774,205.25
2863,197.82
2864,193.01
2865,201.02
2866,195.59
2867,206.73
2868,195.74
2869,196.1
2871,59.8
2915,96.76
2916,82.71
2917,43.75
2918,72.37
2919,91.83
2920,121.64
2922,107.12
2923,76.29
2924,78.9
2925,98.21
2926,103.76
2927,147.04
2928,148.77
2932,143.44
2933,62.98
2934,49.49
2939,112.13
3061,88.36
3062,94.67
3063,110.16
3142,157.99
3143,136.42
3145,198.95
3147,152.8
3149,133.61
3150,115.29
3194,74.52
3196,82.59
3200,47.19
3212,92.14
3250,180.21
3251,183.53
3253,304.32
3255,130.04
3256,119.45
3257,129.3
3258,130.98
3261,153.54
3265,119.6
3266,119.74
3267,84.56
3269,172.01
3270,193.05
3277,167.08
3307,65.85
3309,53.75
3310,81.64
3336,185.42
3337,139.63
3338,212.13
3339,118.99
3340,193.29
3341,192.81
3342,193.24
3343,193.24
3344,192.33
3345,101.97
3346,102.12
3348,185.19
3349,195.6
3350,191.78
3351,171.64
3352,139.52
3353,212.22
3354,191.81
3355,165.2
3356,112.87
3357,119.18
3358,208.3
3359,213.48
3360,194.51
3361,189.51
3362,191.96
3363,181.14
3364,177.17
3365,154.69
3366,158.68
3367,90.07
3368,92.08
3372,103.46
3373,58.57
3374,58.6
3375,100.53
3376,93.62
3377,73.11
3378,102.61
3379,96.78
3380,98.13
3381,95.99
3382,97.18
3383,93.07
3384,90.18
3385,90.2
3386,102.74
3387,120.12
3388,86.25
3389,81.51
3390,71.63
3392,73.1
3394,75.26
3395,77.05
3396,76.5
3397,90.19
3398,88.43
3399,85.31
3400,85.77
3401,79.92
3403,77.88
3404,68.06
3406,41.23
3407,83.48
3409,120.12
3410,86.25
3412,102.63
3413,101.92
3414,107.54
3415,107.56
3416,101.94
3417,109.29
3418,107.48
3419,102.84
3420,102.99
3421,100.36
3422,98.94
3423,101.07
3424,105.69
3425,107.77
3426,106.53
3427,109.04
3428,108.52
3429,110.39
3430,110.39
3431,112.81
3433,166.77
3434,196.01
3435,188.99
3436,192.16
3437,192.57
3438,193.59
3439,166.5
3440,185.62
3441,192.51
3442,190.01
3443,158.57
3444,158.36
3445,117.98
3446,138.77
3447,42.26
3448,120.94
3473,117.67
3474,106.07
3475,103.67
3476,103.63
3477,88.27
3478,97.24
3479,87.41
3480,90.65
3507,83.01
3508,79.38
3509,77.75
3510,100.45
3511,106.89
3512,97.47
3513,100.12
3514,104.83
3515,101.8
3516,95.75
3517,101.12
3518,102.86
3519,103.74
3520,97.05
3521,79.62
3522,88.78
3524,93.12
3526,73.41
3528,103.98
3529,76.68
3530,100.11
3532,89.27
3533,106.45
3535,63.1
3576,82.34
3591,75.9
3592,179.36
3593,178.67
3596,73.39
3649,71.56
3650,85.32
3673,100.39
3676,82.37
3677,74.29
3684,65.99
3685,82.74
3686,62.88
3687,70.74
3688,66.62
3699,83.71
3700,66.31
3708,74.67
3724,63.06
3725,85.77
3726,77.19
3727,78.2
3728,70.36
3729,88.33
3730,74.67
3731,86.03
3732,56.27
3733,54.33
3740,71.95
3748,424.66
3749,84.91
3750,183.63
3751,168.2
3752,183.69
3753,182.17
3754,164.95
3755,171.45
3756,146.95
3757,176.08
3758,153.78
3759,102.48
3760,172.1
3761,180.54
3762,143.94
3763,133.38
3764,154.43
3765,124.16
3766,148.02
3767,148.67
3784,149.74
3785,157.33
3786,146.2
3787,124.27
3843,50.22
3861,157.16
3862,187.78
3865,192.29
3866,149.93
3867,203.24
3868,174.22
3896,146.65
4073,73.95
4074,72.05
4075,45.75
4076,56.17
4077,24.78
4079,65.92
4080,56.93
4082,63.03
4084,75.49
4085,68.91
4086,81.1
4087,70.13
4089,80.22
4090,63.82
4091,99.17
4092,79.02
4093,47.01
4094,59.51
4095,38.96
4096,50.73
4130,74.05
4131,39.02
4132,49.28
4176,162.49
4177,142.31
4178,116.41
4179,96.75
4180,74.65
4181,59.18
4182,46.98
4223,181.48
4224,188.34
4225,165.81
4226,193.15
4227,159.7
4228,149.41
4229,135.18
4230,125.59
4231,125.03
4232,200.3
4233,107.05
4234,160.78
4235,134.86
4236,114.51
4238,167.72
4239,153.96
4240,147.08
4244,102.49
4246,84.64
4248,81.04
4250,138.73
4256,95.67
4259,114.02
4260,111.67
4263,79.27
4264,144.83
4271,53.3
4273,99.72
4274,121.8
4280,147.82
4281,73.61
4282,148.83
4285,85.65
4355,48.33
4356,73.63
4358,81.21
4359,75.98
4360,73.39
4361,90.59
4364,92.11
4366,65.99
4367,128.01
4368,72.7
4386,216.08
4388,142.98
4389,123.75
4390,141.93
4391,141.04
4392,122.88
4393,141.19
4394,137.66
4395,160.08
4396,183.74
4397,193.59
4398,162.33
4400,150.2
4401,184.06
4402,183.93
4403,153.35
4404,216.11
4405,205.44
4409,43.54
4410,124.55
4412,42.08
4413,119.42
4414,129.09
4415,109.44
4416,99.43
4418,79.8
4419,98.85
4420,136.18
4421,170.72
4422,53.16
4423,216.08
4424,264.89
4428,167.68
4429,154.37
4431,122.48
4432,146.48
4433,127.72
4434,73.82
4435,62.13
4438,56.27
4439,155.55
4440,166.56
4441,26.99
4442,214.83
4443,317.02
4447,166.55
4463,130.42
4464,170.14
4465,114.42
4466,166.56
4467,177.88
4468,163.59
4469,165
4470,163
4471,163.47
4472,158.81
4473,150.81
4474,160.06
4475,172.95
4477,165.88
4478,177.65
4479,135.12
4481,114.77
4482,127.59
4483,183.15
4484,93.71
4485,166.54
4486,140.44
4487,101.87
4488,84.45
4489,65.11
4490,114.46
4491,107.33
4492,136.7
4493,153.79
4494,120.43
4496,158.08
4497,125.34
4501,149.33
4502,119.22
4506,63.02
4521,119.22
4522,83.11
4523,86.9
4524,80.07
4525,86.64
4526,96.22
4527,93.41
4528,85.45
4529,79.7
4530,74.3
4531,81.3
4532,88.39
4533,86.08
4534,84.79
4535,88.36
4536,85
4538,74.29
4539,226.9
4540,119.22
4542,107.18
4543,91.16
4544,50.62
4545,57.67
4546,58.18
4547,42.05
4550,95.94
4551,82.47
4553,102.38
4554,77.49
4555,85.42
4556,79.81
4557,112.56
4558,384.92
4559,119.22
4561,98.49
4562,63.77
4563,30.85
4565,60.64
4566,39.09
4567,31.75
4568,51.39
4570,56.15
4571,62.95
4572,73.74
4573,70.59
4574,122.35
4575,197.99
4577,108.47
4595,129.86
4596,107.32
4597,104.88
4598,98.04
4599,89.11
4600,91.07
4601,84.34
4602,84.27
4603,78.89
4604,78.04
4605,75.24
4606,88.9
4607,88.42
4608,86.54
4609,91.35
4610,89.4
4611,87.78
4612,82.2
4633,98.43
4634,106.63
4635,105.47
4636,99.66
4637,97.1
4639,49.57
4640,61.67
4641,38.51
4642,49.25
4646,71.05
4648,81.86
4649,89.37
4650,86.82
4651,115.37
4652,52.23
4654,96.03
4655,34.17
4659,63.66
4660,146.4
4661,119.12
4662,120
4663,110.47
4664,114.59
4665,95.38
4668,107.49
4669,98.02
4672,26.59
4673,54.87
4674,46.25
4675,81.37
4676,50.81
4677,36.74
4679,21.47
4680,60.08
4681,48.25
4682,74.06
4683,42.08
4684,74.37
4685,67.44
4686,44.53
4687,88.87
4688,53.92
4689,76.4
4690,74.52
4691,53.68
4692,44.69
4693,120.04
4752,34.26
4753,45.68
4754,76.44
4755,109.18
4756,92.49
4757,58.38
4761,37.58
4762,33.05
4763,42.61
4765,74.56
4766,49.54
4767,53.85
4769,100.71
4771,51.62
4772,20.87
4773,38.16
4774,100.78
4775,87.83
4776,90.54
4777,121.06
4778,54.77
4779,117.28
4780,78.62
4781,144.55
4782,139.1
4789,57.6
4790,61.07
4791,62.96
4792,91.31
4794,50.47
4795,101.72
4796,49.61
4798,53.75
4801,25.62
4802,106.53
4805,168.3
4809,19.27
4810,99.38
4814,52.42
4815,27.39
4817,52.87
4818,61.43
4819,41.71
4820,82.4
4821,49.61
4824,181.59
4825,160.93
4826,135.23
4827,154.88
4828,151.16
4829,111.95
4841,216.34
4842,104.67
4843,194.99
4844,202.45
4845,177.73
4846,160.19
4847,175.1
4848,190.37
4849,169.68
4850,80.85
4851,166.7
4852,157.28
4853,163.45
4854,174.81
4855,168.73
4856,140.78
4857,167.52
4858,154.21
4859,200.34
4860,216.83
4861,202.25
4862,206.06
4864,130.71
4865,219.15
4866,215.76
4867,216.35
4868,197.13
4869,202.99
4870,185.22
4871,193.12
4872,201.87
4873,174.9
4874,189.38
4875,198.2
4877,205.53
4878,179.57
4879,178.22
4880,179.12
4881,155.2
4882,169.81
4883,170.35
4884,173.06
4885,176.43
4886,182.2
4887,184.95
4888,172.42
4889,165.82
4890,164.66
4891,146.25
4892,170.6
4893,161.4
4894,149.58
4895,152.43
4896,165.81
4897,115.63
4898,133.7
4899,155.51
4900,178.46
4901,192.69
4902,172.66
4903,155.4
4904,154.24
4905,142.81
4906,140.27
4907,128.53
4908,165.77
4909,192.02
4910,194.46
4911,174.34
4912,198.01
4913,205.15
4914,179.8
4915,166.35
4916,136.55
4917,102.27
4918,88.23
4919,92.47
4920,90.25
4921,93.25
4922,91.18
4923,75.66
4924,74.89
4925,78.56
4926,82.94
4927,91.71
4928,89.99
4929,89.74
4930,91.93
4931,96.76
4932,87.35
4933,98.59
4934,100.64
4935,104.08
4936,103.24
4937,104.79
4938,103.23
4939,99.51
4940,90.84
4941,85.21
4942,58.22
4943,87.77
4944,96.76
4945,102.1
4946,97.12
4947,86.06
4948,103.39
4949,95.61
4950,86.76
4951,87.4
4952,85.43
4953,84.34
4954,93.86
4955,89.98
4956,89.4
4957,98.76
4958,79.8
4959,82.68
4960,79.38
4961,76.7
4962,67.17
4963,72.62
4964,84.41
4965,96.38
4966,83.11
4967,86.71
4968,99.19
4969,86.15
4970,92.05
4972,125.32
4974,112.34
4975,112.03
4976,113.04
4977,113.12
4978,113.97
4979,116.68
4980,108.72
4981,105.42
4982,104.54
4983,101.22
4984,95.09
4985,112.99
4986,102.42
4987,79.2
4988,99.83
4990,104.45
4992,83.85
4993,81.99
4994,87.54
4996,76.21
4997,46.55
5001,121.17
5008,210.16
5010,120.85
5011,209.73
5012,213.94
5013,212.91
5015,53.36
5016,112.61
5017,154.23
5021,67.98
5025,76.94
5026,135.31
5027,164.85
5028,173.28
5029,166.55
5030,141.57
5031,158.52
5032,153.93
5033,67.24
5034,135.67
5035,106.04
5036,142.31
5037,90.73
5038,136.29
5039,188.16
5040,187.87
5041,101.89
5042,216.92
5043,117.87
5044,85.26
5045,26.3
5046,132.59
5047,134.64
5048,159.33
5049,127.88
5050,132.26
5051,144.96
5052,88.79
5053,91.56
5054,50.09
5055,71.96
5056,83.48
5058,155.6
5059,181.56
5060,111.21
5062,85.12
5082,67.23
5083,110.67
5084,124.76
5085,146.24
5086,153.52
5087,115.73
5088,123.91
5089,148.84
5090,114.31
5091,86.79
5092,65.91
5093,70.8
5094,80.85
5095,1997.37
5096,143.23
5097,180
5099,193.14
5100,126.37
5101,149.76
5103,89.29
5104,76.73
5105,99.52
5106,68.28
5107,95.93
5108,65.17
5109,66.39
5110,53.18
5111,51.73
5112,67.65
5113,54.05
5114,86.52
5115,75.45
5116,82.21
5117,83.03
5118,88.78
5119,85.24
5120,237.77
5122,73.35
5123,92.22
5124,91.13
5125,61.49
5126,65.92
5127,66.34
5128,58.83
5129,45.72
5130,42.06
5131,75.27
5132,67.6
5133,77.3
5134,62.71
5135,70.89
5136,87.07
5137,73.47
5138,80.11
5158,144.64
5159,89.49
5160,91.64
5161,84.52
5162,94.53
5163,71.51
5164,50.05
5166,42.81
5167,41.94
5168,50.04
5169,74.18
5170,52.13
5171,53.21
5172,80.99
5173,65.2
5174,81.84
5175,82.65
5176,94.95
5186,51.87
5189,59.7
5190,66.6
5192,55.05
5193,40.23
5194,106.95
5197,41.12
5198,43.87
5199,95.21
5200,59.18
5203,121.22
5204,47.83
5206,57.93
5207,101.88
5208,28.32
5209,43.64
5210,50.96
5211,35.05
5224,89.59
5225,179.23
5226,190.58
5227,184.98
5228,184.43
5229,190.69
5230,191.42
5231,192.23
5232,197.91
5233,194.64
5234,193.73
5235,192.12
5238,191.75
5239,182.86
5240,195.94
5242,103.42
5243,75.18
5244,97.36
5245,92.37
5246,88.33
5247,99.47
5248,99.63
5249,101.06
5250,96.96
5251,95.75
5252,195.77
5253,196.05
5254,191.12
5255,177.63
5256,173.72
5257,169.13
5258,108.83
5259,145.18
5260,192.27
5261,165.05
5262,128.84
5263,209.01
5264,205.4
5265,202.18
5266,201.24
5267,185.07
5268,150.34
5269,155.23
5270,204.94
5271,188.4
5272,183.55
5273,217.17
5274,211.57
5275,213.91
5276,207.86
5277,142.37
5278,221.05
5279,212.6
5280,178.46
5281,130.29
5282,215.61
5283,145.42
5284,102.56
5285,90.63
5286,105.58
5293,181.52
5294,183.89
5295,183.72
5296,179.28
5298,99.7
5299,155.66
5300,186.68
5301,191.9
5302,71.76
5333,89.35
5334,58.12
5335,75.57
5336,101.19
5337,111.55
5339,83.18
5359,195.11
5369,196.28
5370,66.99
5371,144.97
5372,201.88
5373,214.76
5374,196.28
5376,174.53
5377,174.98
5379,177.63
5427,189.5
5428,186.32
5429,187
5488,173.76
5491,201.54
5493,207.29
5494,209.18
5495,207.8
5496,210.93
5497,213.17
5498,214.87
5499,141.83
5500,152.94
5501,153.65
5502,204.06
5503,209.5
5504,215.09
5505,207.24
5506,225.44
5507,219.63
5508,220.92
5509,218.11
5510,134.09
5511,138.68
5514,205.84
5515,210.81
5516,221.4
5518,219.24
5519,225.81
5520,232.51
5542,59.98
5565,69.67
5566,62.27
5567,54.76
5568,46.73
5576,160.89
5577,153.9
5578,147.31
5579,74.75
5580,71.14
5581,67.62
5582,64.66
5592,51.79
5594,61.89
5599,74.46
5600,72.2
5601,67.42
5602,66.14
5604,143.96
5607,140.56
5608,71.14
5609,134.19
5615,140.56
5616,134.19
5617,128.29
5618,122.37
5619,117.03
5624,140.05
5625,135.74
5626,128.02
5627,125.5
5632,142.84
5633,141.55
5634,134.56
5635,123.54
5637,430.47
5638,122.15
5644,137.36
5655,114.76
5656,101.06
5658,195.73
5713,43.73
5714,45.6
5715,37.88
5716,32.22
5717,33.77
5798,74.05
5799,80.11
5800,78.19
5801,71.73
5821,28.37
5822,82.72
5823,71.73
5824,57.89
5825,50.74
5826,102.93
5845,95.14
5846,32.57
5847,120.22
5848,119.3
5849,67.23
5850,71.98
5893,42.3
5894,106.54
5895,350.04
5896,83.27
5897,72.88
5905,108.83
5906,51.06
5907,43.16
5909,51.24
5910,60.12
5912,40.5
5913,38.76
5914,26.33
5915,42.78
5916,43.63
5917,36.7
5918,44.42
5919,40.66
5930,54.11
5931,41.16
5932,55.32
5933,39.85
5934,37.4
5935,33.18
5937,29.44
5962,65.61
5963,114.03
5964,123.58
5965,53.77
5966,39.08
5967,62.47
5968,84.05
5969,115.02
5970,101.77
5971,66.78
5972,71.53
5973,45.19
5981,54.27
5982,90.36
5983,122.45
5984,46.12
5985,70.79
5986,48.65
5987,47
5988,97.61
5995,60.23
5996,100.51
5997,36.87
5999,113.07
6002,31.32
6004,176.93
6005,175.86
6007,177.4
6008,227.65
6010,104.13
6023,236.71
6028,236.8
6030,216.18
6045,67.56
6046,133.94
6047,75.48
6049,138.05
6050,83.99
6051,102.26
6052,64.91
6053,68.83
6055,16.43
6062,137.5
6063,102.18
6064,41.27
6065,61.69
6069,42.8
6070,104.42
6071,109.3
6072,94.1
6073,91.3
6074,96.62
6075,8.55
6077,104.48
6078,8.55
6079,139.89
6080,107.61
6084,35.61
6085,109.2
6086,106.54
6087,147.29
6089,53.61
6093,31.83
6096,123.77
6098,193.28
6099,53.08
6100,52.39
6101,52.8
6103,53.27
6105,156.18
6106,73.98
6108,68.58
6109,65.93
6110,109.15
6111,106.9
6112,149.04
6113,93.5
6114,133.63
6115,59.9
6118,194.75
6119,56.43
6120,47.51
6124,94.52
6133,36.25
6134,40.66
6135,33.61
6137,280.23
6139,100.59
6146,103.47
6147,279.55
6154,277.54
6160,174.74
6171,53.95
6212,98.32
6217,56.93
6249,41.79
6250,54.63
6251,41.2
6252,34.27
6253,43.82
6254,34.27
6255,56.76
6256,42.91
6257,34.8
6258,46.98
6259,45.62
6274,42.96
6284,54.97
6289,54.58
6294,190.87
6296,46.54
6297,45.75
6298,46.54
6299,44.64
6710,190.17
6711,186.26
6712,182.97
6713,196.31
6714,198.92
6715,201.89
6716,193.77
6717,145.31
6718,163.09
6719,143.62
6720,141.1
6721,138.44
6722,136.45
6723,147.75
6724,147.72
6725,150.29
6726,147.72
6727,159.65
6728,157.86
6729,164.58
6730,165.81
6731,149.58
6732,165.81
6733,163.09
6734,165.81
6765,163.84
6766,161.81
6776,178.76
6777,145.17
6778,137.53
6779,176.89
6780,157.77
6781,176.81
6782,179.92
6784,161.36
7259,112.04
7419,112.16
7420,134
7421,137.32
7422,99.17
7423,77.37
7424,75.8
7425,54.76
7426,134.5
7427,169.17
7428,185.93
7429,169.92
7430,188.72
7431,147.94
7432,132.86
7433,172.84
7434,134.13
7435,132.33
7436,143.96
7437,135
7438,197.89
7439,182.49
7448,187.7
7450,135.49
7451,147.89
7452,178.96
7453,118.35
7454,115.61
7455,118.35
7459,16.34
7460,37.79
7461,90.5
7462,25.95
7464,16.58
7465,104.53
7466,19
7467,32.45
7468,111.78
7469,118.23
7471,36.81
7472,55.26
7473,53.95
7474,116.96
7475,91.98
7477,106.71
7482,132.84
7509,163.6
7510,160.91
7511,156.62
7512,160.92
7513,200.06
7514,122.68
7515,173.65
7516,138.51
7517,152.28
7518,191.32
7519,165.49
7520,181.01
7521,155.55
7522,139.32
7523,165.94
7525,116.21
7526,156.71
7528,167.68
7529,171.16
7532,157.43
7533,130.39
7534,158.86
7535,146.49
7540,112.1
7541,162.89
7544,194.31
7545,14.9
7546,182.73
7547,139.91
7565,196.89
7566,139.24
7567,107.35
7568,132.88
7605,196.89
7608,180.29
7673,133.8
7674,87.9
7675,38.48
7676,108.01
7677,91.4
7678,110.73
7679,53.2
7680,157.86
7681,71.31
7682,125.23
7683,121.78
7684,167.21
7685,181.01
7686,153.09
7687,144.1
7694,157.17
7695,153.54
7696,131.92
7697,125.24
7698,100.64
7699,102.88
7701,155.07
7702,159.97
7703,194.26
7704,117.52
7797,96.18
7799,120.81
7800,109.33
7809,179
7810,219.76
7811,165.01
7812,165.02
7813,184.68
7814,259.03
7815,170.52
7816,172.91
7817,155.63
7869,179.6
7870,161.53
7892,174.21
7893,176
7894,176.16
7897,202.75
7898,367.23
7899,120.34
7904,108.45
8163,164.93
8164,164.93
8408,190.84
8413,115.46
8414,136
8415,138.17
8416,94.45
8417,116.01
8418,115.57
8419,107.7
8420,109.93
8421,116.21
8422,128.19
8423,96.47
8424,93.92
8425,83.21
8427,111.91
8429,98.46
9036,155.64
9037,179.84
9038,176.94
9039,177.96
9040,180.81
9058,178.87
9059,164.25
9060,180.14
9061,186.39
9062,167.4
9063,172.76
9064,175.01
9065,176.27
9066,177.65
9067,161.71
9068,163.78
9070,163.78
9071,160.9
9138,155.51
9158,215.68
9170,151.83
9171,139.68
9172,118.91
9174,129.77
9175,137.26
9176,202.52
9177,140.39
9178,228.67
9179,142.53
9182,150.65
9183,86.02
9184,86.08
9185,175.48
9186,163.36
9187,123.47
9188,155.92
9189,161.17
9190,161.31
9192,76.16
9193,62.15
9194,141.07
9195,46.51
9196,5.17
9197,63.4
9198,76.68
9199,87.76
9200,97.06
9201,50.01
9202,202.74
9203,158.67
9204,202.71
9205,105.34
9207,69.67
9420,111.45
9421,136.64
9422,194.37
9424,172.12
9425,127.65
9426,172.12
9427,107.97
9429,117.98
9430,126.14
9431,1.63
9432,125.78
9433,1.63
9434,189.65
9435,187.12
9436,1.63
9438,157.57
9442,182.11
9443,131.79
9445,121.24
9446,88.09
9447,137.2
9448,137.2
9449,91.11
9450,116.35
9451,91.11
9453,117.98
9454,107.97
9455,172.12
9456,114.22
9457,150.22
9458,148.49
11183,200.31
11184,109.44
11185,163.69
11187,198.5
11190,201.01
11191,200.31
11192,173.58
11193,191.77
11194,163.02
11195,147.54
11196,171.95
11197,109.72
11198,124.3
11199,161.4
11200,119.54
11201,194.12
11202,168.76
11203,145.31
11204,207.92
11205,162.39
11206,98.87
11207,181.38
11208,145.24
11209,98.85
11210,86.59
11211,98.85
11225,99.85
11230,170.61
11231,144.23
11234,182.62
11235,164.63
11236,182.16
11238,187.05
11239,133.95
11242,170.9
11243,149.49
11246,155.35
11247,173.96
11252,179.23
11253,105.57
11256,68.2
11260,134.54
11261,142.45
11264,98.51
11267,168.12
11268,143.37
11271,93.96
11272,139.68
11273,120.36
11275,125.72
11371,109.88
11372,56.6
11457,149.29
11458,161.04
11459,151.06
11460,145.47
11461,147.64
11462,160.7
11719,230.31
11720,224.19
11721,218.24
11722,212.25
11723,200.39
11724,194.5
11725,188.65
11726,194.5
11727,182.84
11728,194.5
11729,177.06
11730,171.31
11731,215.37
11732,209.87
11733,204.48
11734,199.74
11735,189.14
11736,199.74
11737,183.78
11738,178.43
11739,172.96
11740,178.43
11741,167.59
11742,162.14
11743,221.55
11744,249.01
11745,210.93
11746,205.57
11747,195
11748,189.71
11749,184.18
11750,178.84
11751,173.52
11752,168.19
11773,216.26
11801,98.35
11805,187.98
11806,214.84
11807,214.36
11808,212.17
11810,185.5
11812,112.14
11813,116.75
11815,113.72
11816,114.36
11817,110.75
11821,116.81
11822,118.2
11823,115.23
11826,122.72
11828,96.83
11829,102.16
11830,96.38
11834,89.84
11835,88.66
11836,87.59
11837,78.11
11840,38.51
11841,98.82
11842,82.37
11843,89.88
11845,45.68
11869,81.38
11870,88.11
11871,93.93
11872,91.01
11873,83.17
11874,115.53
11875,115.18
11876,113.13
11877,112.25
11878,183.8
11879,117.3
11880,177.28
11881,188.44
11882,90.13
11883,92.93
11884,111.14
11885,105.24
11888,188.52
11889,108.39
11891,169.79
11892,106.9
11893,112.59
11894,111.13
11895,66.03
11896,111.68
11914,92.85
11915,106.45
11917,72.92
11918,184.06
11919,80.21
11920,81.84
11949,140.71
11950,118.62
11951,129.16
11952,106.14
11955,135.51
11958,104.32
11959,106.61
11960,102.44
11961,110.78
11962,63.73
11963,208.26
11964,202.93
11965,197.62
11966,192.37
11967,201.98
11968,197.01
11969,191.74
11970,197.01
11971,186.42
11972,215.24
11973,209.27
11974,203.34
11975,197.46
11978,102.14
11979,109.03
11982,96.02
11984,98.18
11985,112.24
11986,204.26
11987,202.93
11988,201.6
11989,198.96
11990,197.63
11991,196.33
11992,194.99
11994,198.34
11995,197.01
11996,198.34
11997,195.69
11998,193.05
11999,195.69
12001,191.74
12002,190.43
12003,191.74
12004,189.13
12005,191.74
12006,210.76
12007,209.27
12008,207.79
12009,209.27
12010,204.81
12011,203.34
12012,201.88
12013,200.39
12014,202.13
12015,196.27
12016,193.46
12017,195.2
12018,206.79
12019,194.36
12020,195.53
12021,203.07
12022,206.79
12024,179.34
12025,162.39
12026,141.49
12027,113.71
12028,135.55
12029,116.56
12030,134.64
12031,104.15
12032,156.63
12033,62.27
12034,48.46
12035,79.48
12036,123.04
12037,84.49
12038,13.01
12039,143.78
12040,73.33
12041,83.05
12042,113.87
12043,77.97
12044,84.33
12045,35.05
12046,38.95
12048,105.29
12049,60.4
12050,51.86
12051,188.91
12053,183.44
12054,190.89
12056,169.94
12057,185.1
12058,185.58
12059,186.05
12060,186.56
12061,187.04
12062,187.52
12063,188.03
12064,188.5
12065,189
12066,189.47
12067,190.11
12068,190.58
12069,191.08
12070,191.51
12071,192
12072,192.49
12075,193.42
12077,193.88
12078,192.96
12079,194.39
12081,194.87
12083,195.34
12084,195.78
12085,196.25
12086,196.71
12087,197.08
12088,197.5
12089,197.76
12090,198.03
12091,198.23
12093,196.26
12094,196.56
12095,196.86
12096,197.16
12097,197.45
12098,197.74
12099,198.04
12100,198.33
12101,198.63
12102,198.93
12103,199.2
12104,199.5
12105,199.79
12106,200.09
12107,200.39
12108,200.68
12109,200.98
12110,201.27
12111,201.57
12112,201.88
12113,202.16
12114,202.45
12115,202.75
12116,203.04
12117,203.33
12118,203.63
12119,203.92
12120,204.22
12121,204.81
12122,204.52
12123,188.42
12124,188.69
12125,188.96
12126,189.24
12127,189.49
12128,189.76
12129,190.05
12130,190.32
12131,190.59
12132,190.84
12133,191.11
12134,191.37
12135,191.64
12136,191.93
12137,191.93
12138,192.47
12139,192.96
12140,193.25
12141,193.56
12142,193.73
12143,185.69
12144,185.95
12145,186.5
12146,186.5
12147,186.75
12148,187.03
12149,187.28
12150,187.04
12151,187.56
12152,187.03
12153,187.88
12154,188.15
12155,186.22
12156,178.78
12157,189.02
12158,177.4
12159,167.53
12160,181.58
12161,196.52
12162,170.29
12163,174.79
12165,124.96
12166,112.91
12167,107.15
12168,112.12
12169,115
12170,106.29
12171,86.16
12173,103.34
12174,192.2
12188,206.02
12189,194.82
12541,94.23
12542,184.46
12543,94.23
13312,112.14
13313,115.69
13315,146.94
13316,174.06
13991,86.01
13996,134.64
13997,155.62
13998,103.46
14000,79.19
14002,62.5
14003,58.33
14005,108.94
14006,36.37
14008,83.64
14009,91.02
14010,150.81
14011,76.04
14012,63.9
14013,59.68
14014,112.16
14015,97.04
14016,86.72
14017,83.98
14146,170.54
14147,168.94
14148,167.15
14149,165.81
14171,159.47
14172,158.27
14173,156.76
14174,155.42
14227,174.42
14228,180.74
14229,187.77
14230,185.73
14231,183.27
14232,181.79
14233,180.14
14234,178.13
14235,176.04
14236,174.2
14237,125.39
14238,122.33
14239,52.36
14241,172.27
14243,170.76
14244,169.13
14245,170.76
14246,167.5
14247,170.76
14261,165.41
14262,166.43
14263,165.41
14264,164.92
14265,163.37
14266,161.95
14277,160.07
14285,31.74
14293,158.6
14294,157
14295,155
14296,153.42
14297,151.76
14298,150.14
14299,151.76
14342,114.19
14348,146.77
14397,173.72
14400,144.33
14444,123.47
14446,125.77
14447,104.94
14448,118.48
14456,119.05
14457,118.48
14502,35.24
14503,32.85
14504,35.19
14505,126.25
14506,126.81
14507,231.76
14508,227.37
14509,223.14
14510,218.76
14511,214.45
14512,210.13
14513,205.82
14514,201.44
14515,196.77
14517,192.43
14518,188.13
14519,183.7
14520,179.22
14522,174.66
14524,170.32
14526,165.51
14528,160.82
14529,156.11
14530,151.02
14531,144.21
14532,238.38
14533,233.9
14534,229.42
14535,224.99
14536,220.49
14537,216.29
14538,211.99
14539,207.76
14540,203.47
14541,198.93
14542,194.74
14543,190.54
14544,186.2
14546,182.03
14547,177.75
14548,173.67
14550,169.48
14551,165.06
14552,160.62
14553,156.2
14555,123.56
14556,124.02
14581,124.03
14582,124.03
14895,104.74
14896,175.47
14899,168.14
15087,196.51
15088,196.27
15089,196.04
15090,195.74
15091,195.37
15092,194.99
15093,194.53
15094,194.12
15095,193.75
15096,193.21
15097,192.78
15098,192.16
15099,191.71
15100,191.34
15101,190.74
15102,190.21
15104,189.67
15105,189.16
15106,188.68
15107,188.13
15108,187.59
15109,187.02
15110,186.4
15111,185.85
15112,185.24
15113,184.59
15114,184.07
15115,183.52
15116,182.95
15117,182.78
15129,200.18
15130,199.92
15131,199.59
15133,199.26
15134,198.65
15135,198.07
15136,197.68
15137,197.07
15138,196.55
15139,196.06
15140,195.39
15141,194.87
15142,194.33
15143,193.74
15144,193.08
15145,192.59
15146,191.9
15147,191.24
15148,190.6
15149,190.01
15150,189.35
15152,188.69
15153,188.06
15154,187.38
15155,186.63
15156,185.88
15157,185.1
15158,184.36
15159,183.59
15160,182.55
15161,206.35
15162,206.13
15163,205.87
15164,205.54
15165,205.33
15166,204.92
15167,204.51
15168,203.93
15169,203.51
15170,202.77
15171,202.19
15172,201.66
15173,201.2
15174,200.61
15175,200.45
15176,199.63
15177,199.01
15178,198.75
15179,197.92
15180,197.39
15182,196.16
15183,195.7
15184,195.06
15185,194.4
15186,193.88
15187,193.32
15188,192.64
15189,192.04
15190,191.44
15191,196.81
15192,190.65
15193,190.22
15194,189.73
15195,190.65
15196,190.22
15197,189.73
15230,24.53
15231,32.4
15232,40.44
15233,32.16
15234,35.76
15235,34.9
15260,96.38
15261,118.48
15262,121.32
15263,120.74
15264,119.81
15265,108.36
15267,118.93
15268,104.62
15269,119.73
15270,126.39
15271,131.22
15272,123.15
15273,123.97
15274,123.49
15275,121.47
15276,130.12
15277,131.57
15278,132.09
15280,136.44
15281,289.28
15282,139.22
15283,146.14
15284,58.84
15285,108.23
15286,58.84
15322,194.64
15323,194.57
15324,194.19
15325,193.9
15326,193.55
15327,193.2
15328,192.76
15329,192.47
15330,192.12
15331,191.64
15332,191.07
15335,190.65
15336,190.22
15337,189.73
15338,189.45
15339,188.99
15340,188.5
15341,188.01
15343,187.52
15344,187.03
15346,186.58
15348,186.01
15349,185.56
15351,185.07
15352,184.42
15353,183.74
15354,183.32
15355,182.86
15356,182.3
15357,181.62
15358,195.66
15359,201.64
15362,196.56
15473,50.6
15474,66.05
15475,52.69
15476,37.97
15477,31.17
15478,37.97
15479,61.88
15480,91.96
15481,69.9
15482,107.26
15483,8.22
15484,34.84
15485,8.22
15486,40.36
15487,74.16
15488,64.62
15489,77.88
15491,32.94
15492,29.32
15493,27.69
15494,39.88
15495,36.84
15496,39.88
15497,69.91
15498,26.63
15499,71.3
15500,111.38
15501,70.21
15502,44.9
15503,39.91
15504,22.35
15506,34.2
15530,70.47
15533,176.9
15535,153.17
15536,189.43
15537,173.81
15538,162.69
15540,173.78
15592,38.76
15612,182.57
15614,180.09
15615,178.53
15634,40.68
15635,31.08
15636,39.87
15637,35.59
15638,26.71
15639,107.39
15640,32.3
15641,192.68
15642,190.76
15643,188.32
15644,186.39
15646,168.43
15647,48.75
15649,81.71
15653,184.3
15654,183.16
15655,98.45
15660,58.63
15661,99.02
15662,71.38
15663,35.4
15664,71.38
15668,15.18
15669,16.95
15670,16.95
15672,20.3
15673,16.35
15674,29.3
15675,31.57
15676,33.56
15677,35.41
15678,37.89
15679,29.3
15680,40.7
15681,29.3
15682,17.9
15683,46
15684,95.87
15686,94.48
15687,185.99
15690,178.75
15691,184.08
15694,179.69
15695,211.15
15696,179.69
15697,209.41
15698,213.2
15699,199.16
15700,209.41
15701,85.76
15702,79.91
15703,209.41
15704,87.45
15705,209.41
15706,81.12
15707,97
15708,85.74
15709,95.75
15710,86.79
15711,85.74
15712,85.79
15713,94.14
15714,85.74
15715,81.12
15716,168.06
15717,167.56
15718,97.98
15719,94.85
15720,159.47
15721,91.46
15722,94.71
15723,182.26
15724,91.48
15725,76.14
15726,180.74
15727,105.42
15728,94.85
15729,167.56
15731,180.74
15732,178.34
15733,176.44
15739,168.94
15740,167.15
15741,165.81
15742,164.25
15743,162.8
15744,161.55
15745,160.75
15746,159.47
15747,158.27
15760,35.03
15831,172.66
15832,170.66
15872,278.15
15874,86.35
15875,162.15
15876,180.4
15878,32.27
15879,257.43
15880,162.58
15881,107.81
15882,149.53
15886,170.3
15891,198.24
15894,100.4
15895,104.32
15896,96.8
16008,162.8
16009,165.81
16010,168.94
16034,126.47
16036,126.47
16037,119.67
16038,126.79
16040,128.61
16043,107.53
16044,168.45
16049,92.87
16050,93.26
16051,61.67
16052,65.19
16056,80.11
16076,128.33
16077,142.14
16078,81.65
16079,102.84
16080,130.53
16081,178.38
16085,49.58
16086,115.54
16087,93.79
16088,37.18
16089,60.78
16090,157.79
16091,37.01
16092,124.83
16094,55.14
16097,4.54
16099,88.06
16100,164.11
16101,163.95
16102,163.76
16103,163.45
16104,163.24
16105,163.45
16106,178.12
16107,178.12
16108,177.77
16109,177.23
16110,176.77
16111,177.77
16114,85.47
16117,96.01
16118,90.36
16120,85.43
16122,103.18
16123,106.54
16124,102.42
16126,104.39
16127,106.96
16159,184.61
16160,185.81
16161,185.6
16162,185.2
16163,184.69
16164,197.67
16165,198.12
16166,197.22
16167,196.44
16168,195.64
16194,232.92
16201,126.9
16202,115.21
16264,99.03
16265,106.46
16319,220.06
16320,208.23
16321,193.9
16322,180.14
16323,208.23
16324,166.06
16325,153.33
16326,139.83
16327,130.22
16329,118.36
16337,158.66
16338,189.19
16339,183.78
16340,162.43
16344,119.25
16346,172.58
16348,230.11
16349,215.99
16350,202.26
16351,186.39
16352,170.78
16353,44.23
16354,146.24
16355,186.39
16356,135.26
16357,123.33
16358,132.13
16359,153.04
16361,168.11
16363,85.6
16364,197.11
16367,213.25
16368,214.55
16369,213.25
16370,183.73
16371,184.19
16372,186.73
16373,192.63
16374,186.65
16375,190.13
16376,191.89
16377,212.04
16378,210.54
16379,197.82
16380,185.44
16381,173.15
16382,161.92
16383,185.44
16384,150.64
16385,138.8
16386,127.24
16387,116.64
16388,106.86
16389,127.24
16390,200.16
16391,187.19
16392,174.88
16393,164.25
16394,174.88
16395,153.25
16396,174.88
16397,142.24
16398,131.12
16399,120.25
16400,174.88
16401,109.36
16402,174.88
16403,203.81
16404,201.66
16405,209.93
16408,209.68
16410,233.4
16418,126.9
16419,115.21
16438,94.72
16571,119.98
16580,124.42
16581,171.44
16654,156.11
16656,1251.53
16657,119.98
16659,121.81
16660,83.48
16661,254.73
16662,135.8
16663,131.31
16684,202.31
16686,167.24
16784,101.44
16785,146.51
16788,132.61
16789,170.46
16799,189.94
16800,185.21
16801,185.8
16802,223.37
16803,231.33
16804,223.37
16810,186.23
16811,186.37
16812,190.6
16813,175.71
16814,65.38
16815,73.32
16816,65.38
16822,197.5
16824,19.64
16825,35.77
16827,28.72
16829,83.58
16830,213.88
16831,165.81
16832,42.85
16834,36.51
16835,76.24
16836,103.95
16837,174.38
16838,197.46
16839,171.99
16840,197.46
16841,174.38
16842,171.99
16864,161.75
16865,182.79
16866,189.16
16867,184.35
16868,184.34
16869,189.08
16870,210.36
16871,143.54
16880,160.88
16881,179.21
16882,190.41
16883,185.91
16884,187.18
16885,190.32
16886,206.2
16887,145.29
16889,233.22
16912,118.51
16913,71.9
16914,200.98
16915,169.72
16917,192.57
16918,113.49
16919,157.46
16983,140
16984,124.29
16985,141.7
17124,134.24
17125,134.39
17126,119.11
17127,139.14
17141,106.54
17142,93.51
17143,108.57
17144,92.68
17145,97.28
17213,186.61
17214,173.79
17215,204.62
17217,166.86
17218,211.74
17219,85.65
17220,124.41
17246,101.26
17250,94.36
17356,234.55
17401,147.43
17402,144.22
17403,141.02
17404,138.72
17405,138.38
17406,136.29
17408,129.35
17409,128.63
17410,127.21
17411,141.02
17412,137.19
17413,131.77
17414,123.58
17415,120.49
17416,141.02
17417,123.71
17418,137.3
17419,135.24
17420,133.27
17421,130
17422,138.65
17423,132.4
17424,139.89
17425,140.37
17426,134.52
17427,130.32
17428,133.02
17429,133.35
17430,128.34
17431,123.89
17545,159.64
17546,167.3
17547,171.53
17592,195.09
17593,170.67
17595,163.56
17605,87.02
17606,117.79
17607,62.68
17608,56.83
17609,65.51
17610,39.48
17611,66.08
17612,80.29
17613,59.25
17614,41.92
17615,75.93
17617,78.99
17619,129.58
17620,70.64
17621,56.95
17624,42.14
17625,59.06
17626,88.23
17627,60.27
17628,64.33
17629,79.42
17630,66.96
17633,69.62
17634,73.73
17635,79.09
17637,54.18
17638,70.26
17639,69.85
17640,94.33
17641,81.22
17642,81.88
17643,78.42
17644,71.95
17645,53.29
17646,173.78
17649,147.51
17650,154.52
17651,183.69
17652,100.81
17653,190.35
17654,125.07
17657,125.49
17658,194.79
17659,189.19
17661,171.7
17662,186.29
17700,132.57
17709,187.93
17710,132.24
17711,151.65
17712,181.35
17713,153.83
17714,182.82
17716,187.48
17717,195.82
17718,143.18
17719,150.14
17720,148.23
17721,168.64
17722,203.42
17723,196.58
17724,157.22
17725,181.28
17726,185.43
17728,100.81
17737,138.9
17741,120.02
17742,101.53
17764,54.25
18037,81.83
18040,146.2
18050,117.91
18051,181.29
18052,185.13
18053,160
18054,165.49
18055,175.71
18057,119.78
18058,156.39
18059,74.37
18060,43.08
18061,128.78
18062,202.91
18063,175.56
18065,190.9
18067,177.89
18068,170.93
18093,115.61
18095,115.76
18096,123.35
18097,123.53
18098,123.68
18099,128.32
18100,127.88
18101,128
18104,122.9
18210,81.83
18211,147.32
19018,175.75
19340,154.26
19341,118.01
19342,97.24
19345,133.4
19346,195.4
19347,201.68
19348,179.54
19349,195.53
19350,164.6
19351,174.95
19352,180.43
19394,124.24
19395,119.95
19396,140.14
19397,119.95
19398,122.23
19399,120.67
19400,122.74
19401,123.17
19402,120.67
19403,124.32
19404,128.4
19405,125.39
19406,128.96
19407,125.39
19408,122.23
19441,110.34
19442,102.46
19445,154.26
19447,97.24
19449,133.4
19450,195.4
19451,201.68
19452,179.54
19453,195.53
19454,164.6
19455,174.95
19456,180.43
19545,99.02
19546,172.11
19551,218.01
19570,148.37
19571,173.5
19573,171.8
19575,172.11
19576,178.04
19579,160.29
19580,159.05
19583,176.77
19587,173.53
19592,139.92
19594,155.66
19916,64.71
19917,205.78
19918,75.41
19919,77.12
19920,213.83
19921,208.56
19922,205.39
19923,205.27
19924,78
19925,77.41
19926,69.35
19928,74.5
19929,70.26
19930,74.23
19931,74.57
19932,207.26
19933,76.35
19934,189.36
19935,73.23
19936,83.11
19937,73.91
19965,51.54
19966,53.24
19967,60.18
19968,117.12
19969,87.34
19970,46.31
20011,196.85
20012,174.86
20013,62.98
20050,179.22
20051,185.35
20052,203.69
20053,215.89
20054,200.53
20055,217.14
20056,203.69
20057,212.46
20058,217.92
20059,199.37
20060,197.19
20061,203.1
20062,197.19
20063,209.83
20064,214.34
20065,188.33
20066,217.22
20067,202.14
20068,214.75
20069,202.62
20070,207.32
20071,197.46
20072,193.36
20073,197.42
20074,219.71
20075,214.47
20076,199.14
20077,183.89
20092,177.68
20093,85.17
20094,165
20095,205.2
20096,163.78
20098,65.35
20099,64.36
20101,82.5
20102,64.36
20244,200.55
20245,156.63
20246,186.17
20247,174.89
20258,233.57
20259,252.19
20260,252.18
20261,233.41
20262,246.31
20482,148.14
20628,69.19
20630,77.51
20632,76.66
20633,72.39
20635,78.58
20636,80.87
20637,85.75
20638,86.43
20639,80.43
20641,75.07
20740,55.35
20742,156.72
20751,185.64
20752,207.2
20775,76.38
20779,84.05
20780,69.7
20784,73.65
20791,197.83
20964,75.85
20965,72.62
20966,75.51
20967,72.8
20969,74.26
20970,82.17
20971,90.77
20972,85.94
20973,76.56
20974,70.31
20975,56.29
20976,74.79
20977,87.66
21018,230.08
21019,232.97
21020,233.09
21056,173.19
21057,195.99
21058,210.47
21059,223.81
21061,231.91
21062,211.95
21063,222.79
21064,213.28
21065,220.04
21066,233.3
21067,124.12
21068,152.36
21069,187.03
21070,223.57
21071,235.48
21073,195.99
21074,218.74
21075,195.76
21076,220.7
21077,237.47
21140,84.08
21142,188.75
21143,192.95
21144,134.47
21145,72.04
21146,147.45
21147,184.26
21148,114.83
21149,51.62
21150,99.96
21151,47.47
21152,123.88
21153,153.55
21154,225.94
21155,96.3
21156,93.95
21157,233.37
21158,268.36
21159,170.44
21160,151.12
21161,173.95
21162,94.77
21163,143.97
21165,201.21
21167,88.87
21168,117.89
21176,138.7
21177,136.33
21178,143.4
21179,109.52
21183,101.77
21189,124.44
21206,182.18
21208,146.8
21210,178.59
21211,79.58
21212,139.01
21213,216.46
21215,167.11
21216,54.65
21218,104.98
21219,140.56
21220,104.98
21221,81.22
21222,80.96
21223,81.25
21225,69.77
21226,47.6
21227,112.01
21228,109.61
21230,55.15
21231,34.06
21232,68.23
21233,99.07
21234,68.23
21338,193.59
21339,215.68
21340,210.1
21341,211.13
21342,212.37
21343,212.77
21344,212.36
21345,212.77
21346,215.68
21347,205.45
21348,207.79
21349,208.97
21350,203.99
21352,208.58
21353,209.54
21355,281.25
21356,257.61
21357,235.35
21358,213.25
21359,192.51
21360,174.17
21361,154.47
21362,139.16
21398,231.52
21399,100.63
21400,136.76
21401,161.75
21402,207.67
21403,239.07
21410,188.03
21411,204.78
21412,187.88
21414,241.43
21436,136.11
21437,134.87
21438,132.36
21439,132.17
21440,130.99
21441,130.22
21442,128.63
21443,127.14
21454,173.3
21455,174.32
21456,175.12
21457,176.05
21458,177.42
21459,178.23
21461,172.12
21462,178.98
21464,209.73
21465,177.42
21466,205.08
21468,201.32
21469,193.8
21470,192.34
21471,193.41
21479,220.96
21500,242.51
21542,82.12
21543,87.75
21544,199.75
21545,205.22
21547,225.93
21550,221.65
21555,150.45
21556,162.36
21559,235.71
21583,218.68
21584,238.89
21586,225.57
21588,243.57
21624,229.32
21626,190.7
21627,222.43
21628,191.6
21629,190.37
21632,195.42
21634,198.44
21635,208.36
21636,185.28
21638,172.59
21639,172.47
21642,170.57
21643,179.13
21670,231.02
21671,198.09
21672,222.13
21673,208.01
21674,229.89
21675,246
21685,133.87
21686,172.01
21687,207.83
21688,231.77
21689,184.56
21690,207.67
21691,193.77
21692,229.03
21693,247.19
21762,177.42
21763,210.92
21764,208.13
21765,189.23
21766,193.83
21767,195.99
21768,179.96
21769,171.32
21770,161.72
21771,198.26
21772,199.42
21773,203.32
21774,203.17
21775,195.38
21776,194.2
21777,187.71
21778,185.15
21779,188.01
21780,177.08
21781,176.82
21782,180.55
21783,178.72
21784,176.56
21785,175.11
21786,176.18
21787,202.53
21788,204.11
21789,206.35
21790,206.67
21791,199.37
21792,201.92
21793,199.34
21794,189.97
21795,210.73
21796,214.79
21797,212.97
21798,214.22
21799,200.84
21800,208.87
21801,205.45
21802,193
21821,194.24
21875,214.71
21876,206.62
21877,202.16
21878,208.48
21879,200.4
21888,185.05
21889,180.44
21890,171.73
21891,167.81
21902,182.84
21903,177.35
21907,154.24
21911,206.97
21912,196.28
21914,205.64
21918,200.32
21961,201.76
21962,179.61
21963,166.44
21964,202.75
21965,200.85
22364,164.24
22669,168.9
22670,168.9
22708,185.44
22709,175.84
22710,166.54
22711,157.47
22712,148.77
22713,140.36
22715,132.18
22716,124.09
22717,173.41
22718,163.69
22719,154.35
22720,145.3
22722,129.22
22723,121.26
22724,108.14
22726,154.34
22728,138.89
22730,117.95
22731,111.67
22732,105.45
22751,86.28
22752,210.11
22754,171.11
22755,210.11
22756,196.87
22757,186.43
22758,137.59
22804,162.17
22805,146.48
22806,131.54
22948,195.95
22949,192.27
22951,207.81
22953,194.81
22955,192.86
22957,196.79
22959,266.34
22960,86.28
22961,210.11
22963,186.43
22965,171.11
22966,210.11
22967,243.94
23156,236.92
23172,250.36
23174,227.87
23175,175.6
23176,131.36
23177,91.24
23178,242.47
23179,180.49
23180,108.13
23181,537.07
23277,197.69
23278,266.34
23280,197.69
23350,216.3
23351,216.3
23352,215.53
23353,210.28
23354,180.25
23355,184.95
23356,82.27
23357,185.2
23358,171.21
23359,175.75
23360,181.75
23361,81.39
23363,80.08
23365,113.81
23379,185.2
23390,206.61
23391,205.72
23392,224.85
23393,224.85
23398,157.42
23399,157.42
23400,147.79
23401,147.38
23402,173.4
23403,173.4
23404,164.83
23405,167.87
23755,167.34
23756,167.2
23757,166.93
23758,166.56
23759,166.12
23806,165.65
23811,165.15
23812,164.63
23813,164.11
23814,163.59
23815,163.04
23845,151.79
23846,151.31
23847,150.92
23848,150.51
23849,151.64
23877,149.95
23878,149.52
23879,149.1
23880,148.67
23881,148.25
23882,147.83
23975,143.72
23976,143.6
23977,143.34
23978,143
23979,142.63
23980,142.24
24127,97.68
24128,81.55
24129,94.81
24130,90.65
24131,105.7
24132,96.1
24134,105.94
24135,106.99
24136,106.7
24137,127.73
24138,129.45
24139,127.66
24140,125.07
24141,125.04
24142,123.61
24143,125.3
24144,127.72
24246,189.55
24247,193.59
24248,181.04
24249,182.98
24250,189.8
24251,199.35
24252,186.46
24253,185.06
24279,141.82
24280,141.39
24281,140.94
24282,140.48
24283,140
24440,200.32
24441,191.1
24442,182.03
24443,173.33
24444,164.97
24445,157.27
24446,148.88
24447,140.88
24448,204.69
24449,191.29
24450,194.08
24451,183.15
24452,183.19
24453,190.36
24454,198.87
24455,187.48
24456,185.85
24457,190.36
24458,191.29
24459,204.93
24460,195.63
24461,186.92
24462,178.68
24463,170.24
24464,161.93
24465,153.71
24466,145.8
24467,178.3
24468,170.42
24469,162.79
24471,148.32
24472,141.25
24473,134.27
24474,127.14
24475,155.51
24525,205.5
24548,178.61
24549,178.15
24550,177.2
24552,175.82
24553,174.2
24554,172.49
24555,170.47
24557,168.63
24586,166.55
24587,164.06
24589,161.55
24590,159.05
24591,155.77
24592,152.19
24593,148.23
24595,143.55
24616,185.33
24617,184.9
24618,183.85
24619,182.75
24620,181.28
24621,179.8
24622,178.27
24623,176.55
24624,174.76
24625,172.89
24626,170.92
24627,168.87
24628,166.71
24629,164.45
24630,162.04
24631,159.38
24650,161.05
24651,160.68
24652,159.9
24653,158.79
24654,157.56
24655,156.24
24656,154.86
24657,153.38
24658,151.9
24659,150.26
24660,148.55
24661,146.77
24662,144.84
24663,142.79
24664,140.57
24665,138.13
24809,218.82
24810,179.86
24811,202.38
24812,194.68
24814,167.57
24816,205.46
24817,196.58
24818,259.09
24819,234.24
24820,124.06
24825,233.1
24826,164.81
24827,286.28
24828,118.46
24829,179.09
24830,192.56
24831,198.85
24843,220.51
24844,209.27
24845,198.56
24846,188.45
24847,178.49
24848,169.01
24849,159.73
24850,150.63
24863,215.58
24864,205.33
24865,195.07
24867,177.74
24868,169.09
24869,160.06
24870,151.38
24881,191.9
24882,182.11
24883,172.2
24884,167.24
24885,158.82
24886,150.63
24887,142.69
24889,134.99
24892,185.81
24894,195.77
24901,192.44
24902,191.34
24903,190.21
24904,189.05
24905,187.81
24906,186.56
24929,196.35
24930,196.09
24931,195.55
24932,194.75
24933,193.86
24934,192.82
24935,191.73
24936,190.6
24937,189.42
24938,188.21
24939,186.96
24976,194.08
24977,193.83
24978,193.22
24979,192.47
24980,191.69
24981,190.89
24982,190
24983,189.14
24984,188.34
24985,187.51
24986,186.65
24987,170.52
24988,170.34
24989,173.61
24990,173.1
24991,172.55
24992,171.96
24993,171.35
24994,170.69
24995,171.35
24996,170.02
24997,171.96
24998,169.26
24999,168.46
25000,171.96
25001,173.61
25057,216.88
25058,205.55
25059,194.99
25060,184.69
25061,175.97
25063,173.05
25064,165.79
25065,149.24
25067,221.56
25068,210.17
25069,199.06
25070,188.07
25072,179.15
25074,168.98
25075,151.57
25076,193.16
25078,174.52
25080,164.83
25081,157.39
25082,154.91
25083,148.67
25084,134.29
25096,12.98
25097,163.18
25098,95.22
25099,12.98
25132,55.93
25141,106.79
25142,102.17
25143,88.7
25145,95.27
25146,83.4
25147,81.72
25149,77.58
25150,68.22
25151,153.67
25152,140.42
25153,130.28
25154,122.26
25155,116.19
25156,114.26
25157,109.49
25158,98
25159,176.29
25160,183.71
25177,172.06
25179,171.71
25180,171.33
25181,170.66
25182,170.53
25184,170.15
25185,169.75
25186,169.32
25187,168.93
25232,172.18
25233,171.81
25235,194.35
25236,194.05
25237,193.69
25238,193.26
25239,192.77
25240,192.37
25241,191.89
25243,191.44
25244,190.98
25245,190.55
25246,194.49
25247,197.79
25248,197.64
25249,197.35
25251,196.45
25255,194.34
25256,193.77
25258,196.96
25259,195.96
25260,195.41
25261,194.83
25262,193.18
25317,22.87
25318,33.61
25319,27.88
25320,22.87
25321,18.67
25323,15.25
25324,12.4
25325,10.18
25326,9.22
25327,170.56
25328,160.1
25329,150.31
25330,141.09
25331,132.54
25332,124.68
25333,117.3
25334,110.42
25344,104.48
25345,97.97
25346,91.77
25347,86.07
25349,81.13
25350,76.15
25351,71.64
25352,67.47
25365,122.52
25366,121.43
25367,119.32
25368,117.33
25369,116.97
25370,117.11
25372,116.9
25373,117
25385,27.88
25386,25.29
25387,22.87
25388,20.66
25389,18.67
25391,16.85
25392,15.25
25393,13.73
25404,90.5
25405,89.78
25406,88.33
25407,86.61
25408,84.78
25409,83.11
25410,81.09
25411,78.84
25413,76.58
25431,149.52
25432,148.95
25433,147.86
25434,146.64
25435,145.36
25437,144.05
25439,142.73
25440,141.41
25441,140.07
25443,138.73
25444,137.38
25446,136.02
25447,134.67
25448,133.3
25449,131.93
25450,130.56
25830,178.7
25831,164.34
25832,175.47
25833,187.19
25834,174.03
25835,169.09
25836,168.22
25837,153.62
25838,169.93
25839,170.12
25840,143.54
25841,157.76
25842,137.3
25843,101.67
25844,171.86
25845,164.34
25846,163.4
25847,153.05
25849,137.3
25898,26.34
25899,25.08
25900,23.86
25901,22.69
25903,20.49
25904,21.57
25905,19.49
25906,18.52
25923,22.97
25924,21.81
25925,20.7
25927,19.66
25928,18.67
25929,17.7
25930,16.81
25931,16
25932,15.19
25934,14.39
25936,13.65
25937,12.96
25939,12.3
25940,11.66
25941,11.07
26113,88.25
26114,65.22
26115,63.49
26119,60.95
26120,88.07
26121,64.47
26122,28.51
26229,59.3
26230,101.89
26231,70.44
26233,73.79
26234,86.8
26235,111.5
26236,72.52
26265,90.26
26266,89.11
26267,87.48
26268,85.7
26269,83.83
26270,82.12
26271,80.03
26272,77.7
26273,75.61
26274,74.46
26275,73.33
26276,72.16
26277,70.96
26278,69.75
26279,68.51
26280,67.25
26282,65.96
26283,64.64
26284,63.29
26286,62.11
26288,60.6
26289,58.99
26308,149.32
26309,148.44
26310,147.26
26311,146
26312,144.71
26313,143.39
26314,142.07
26315,140.74
26316,139.4
26317,138.06
26318,136.7
26319,135.35
26320,133.99
26321,132.61
26322,131.24
26363,17.99
26364,17.05
26365,15.06
26366,12.38
26367,9.77
26368,9.65
26369,6.36
26370,12.26
26372,7.94
26373,15.29
26374,2.92
26375,11.66
26377,9.85
26379,8.71
26380,8.23
26382,7.44
26383,7.12
26385,6.81
26386,6.62
26388,6.31
26389,6.06
26391,5.85
26392,5.69
26393,5.55
26394,5.33
26396,5.16
26398,4.89
26400,7.84
26417,5.23
26435,10.07
26436,9.4
26437,9.22
26438,9.49
26439,9.73
26449,23.86
26450,23.86
26451,23.86
26452,23.86
26453,23.86
26454,23.86
26455,23.86
26456,23.86
26457,23.86
26467,9.45
26468,9.67
26469,8.7
26470,7.64
26471,6.4
26472,5.99
26473,5.35
26474,4.8
26475,15.08
26482,57.07
26483,63.05
26485,46.9
26488,56.3
26489,59
26490,40.96
26491,53.23
26916,119.23
26917,119.23
26918,119.23
26919,119.24
26920,118.52
26921,118.48
26922,118.6
26923,118.62
26924,118.48
26925,118.01
26926,118.04
26961,80.93
26962,91.88
27141,178.62
27142,178.75
27176,113.19
27177,107.48
27178,100.67
27179,94.9
27180,89.96
27181,84.14
27182,79.14
27183,74.29
27184,138.18
27185,135.28
27187,128.19
27188,121.19
27189,114.96
27190,108.15
27191,102.21
27192,96.49
27197,133.03
27198,127.35
27199,120.78
27200,115.38
27201,110.34
27203,104.58
27205,100.01
27207,95.46
27209,150.01
27210,143.95
27211,137.7
27212,130.88
27213,125.14
27214,116.47
27215,111.53
27216,106.13
27220,148.25
27221,139.68
27222,131.65
27223,124.19
27225,117.33
27226,109.6
27227,103.26
27228,94.76
27231,108.87
27232,104.19
27233,100.03
27235,89.72
27236,83.44
27238,73.78
27239,88.9
27240,78.22
27242,75.04
27243,76.5
27244,55.88
27245,42.68
27246,55.48
27248,138.42
27249,132.12
27250,125.11
27251,118.75
27252,111.16
27253,105.72
27254,100.31
27255,152.19
27257,138.25
27258,130.04
27260,123.76
27261,116.26
27262,110.18
27264,103.84
27366,149.37
27367,145.08
27368,138.28
27369,130.61
27370,124.5
27371,117.2
27372,111.37
27373,105.74
27375,149.27
27376,142.17
27377,134.79
27378,127.05
27379,120.63
27380,112.46
27381,106.2
27382,100.45
27384,152.77
27385,145.25
27387,129.08
27388,122.36
27389,114.93
27390,110.07
27391,104.25
27392,150.48
27393,142.36
27394,134.01
27395,126.63
27396,120.06
27397,112.33
27398,106.73
27399,101.04
27400,146.54
27401,139.21
27402,131.82
27404,123.44
27405,118.49
27406,111.13
27407,105.86
27408,100.01
27410,146.17
27411,138.61
27412,131.02
27413,123.66
27414,117.15
27415,110.89
27419,132.32
27420,125.77
27421,118.79
27422,112.89
27423,107.38
27424,101.56
27425,96.97
27426,92.05
27427,134.01
27428,128.13
27429,120.43
27430,113.84
27431,109.32
27432,101.94
27433,96.94
27434,91.77
27435,131.67
27436,125.01
27437,119.57
27438,113.47
27439,108.27
27440,102.07
27442,92
27531,125.05
27532,122.99
27533,117.61
27534,111.32
27535,92.99
27536,87.78
27537,142.55
27538,136.51
27539,129.17
27540,122.8
27541,116.66
27542,109.7
27543,104.09
27544,98.5
27545,131.59
27546,127.06
27547,120.4
27548,114.4
27550,108.38
27551,101.63
27552,95.04
27553,89.33
27554,123.03
27555,117.87
27556,111.55
27557,105.6
27558,100.12
27559,93.93
27561,88.49
27562,83.83
27563,128.12
27564,122.09
27565,115.82
27566,109.64
27567,104.68
27568,98.51
27569,88.8
27570,112.61
27571,110.24
27572,105.01
27573,98.68
27574,95.3
27575,88.89
27576,84.58
27577,79.18
27580,140.99
27581,134.21
27582,127.29
27583,120.11
27584,114.22
27585,107.37
27588,127.07
27589,120.39
27590,114.23
27591,109.16
27592,104.02
27593,98.22
27594,93.08
27595,88.35
27598,132.73
27599,126.27
27600,118.63
27601,111.98
27602,105.98
27603,99.54
27604,94.04
27605,88.64
29043,47.23
29044,110.26
29046,112.97
29048,120.62
29098,126.39
29148,93.86
29198,125.83
29199,120.78
29200,111.1
29201,102.27
29204,115.83
29206,98.16
29207,89.95
29208,86.08
29209,82.13
29210,78.67
29211,75.09
29212,71.67
29213,68.42
29214,62.36
29216,56.21
29217,59.28
29218,53.27
29220,65.35
29221,94.02
29222,106.55
29253,97.77
29254,97.18
29255,96.39
29256,95.43
29257,94.3
29258,93.25
29259,92.29
29260,90.88
29261,89.88
29262,88.47
29263,87.21
29264,86.03
29266,84.53
29267,83.17
29268,81.65
29269,80.35
29270,78.67
29271,77.13
29272,75.58
29273,73.71
29275,71.83
29276,69.78
29277,67.62
29278,65.42
29279,62.96
29280,59.53
29281,55.18
29282,53.36
29283,51.49
29284,49.69
29413,54.54
29414,80.43
29416,86.44
29417,94.85
29418,101.77
29419,110.81
29420,118.15
29421,124.06
29425,125.45
29426,153.55
29427,169.14
29428,186.3
29431,163.85
29432,158.95
29433,168.11
29434,178.67
29435,188
29436,199.16
29438,210.56
29439,222.48
29446,88.54
29447,155.69
29448,172.79
29449,185.98
29453,213.98
29454,225.33
29455,237.29
29457,251.4
29458,267.73
29459,282.71
29460,298.77
29461,316.49
29463,166.37
29464,171.1
29465,173.45
29466,176.82
29467,180.23
29469,183.06
29470,186.4
29471,192.5
29474,134.08
29475,142.04
29476,149.79
29477,159.17
29478,167.2
29479,177.13
29480,186.79
29481,197.13
29487,151.78
29488,160.17
29489,168.65
29490,178.7
29491,187.38
29492,197.64
29494,208.46
29495,219.36
29497,138.9
29498,148.04
29499,158.28
29500,169.14
29501,179.2
29502,191.1
29503,203.35
29504,215.77
29514,128.05
29516,19.8
29517,13.2
29518,44.43
29519,40.95
29520,37.49
29521,34.12
29522,30.88
29523,27.82
29524,24.95
29525,22.28
29526,19.79
29527,17.43
29528,15.23
29529,13.15
29530,11.19
29531,9.36
29532,7.66
29540,7.66
29542,225.03
29543,210.58
29544,196.85
29546,184.39
29547,173.54
29548,164.41
29550,156.94
29551,150.78
29552,145.45
29553,140.55
29555,135.61
29556,130.39
29557,124.89
29558,119.15
29559,113.32
29560,107.57
29561,101.97
29562,96.65
29566,91.55
29567,86.67
29613,44.43
29614,40.95
29616,37.49
29617,34.12
29619,30.88
29620,27.82
29621,24.95
29622,22.28
29623,19.79
29624,17.43
29625,15.23
29626,13.15
29627,11.19
29628,9.36
29629,7.66
29637,136.68
29638,135.89
29639,137.73
29640,140.21
29641,141.11
29643,134.83
29644,128.05
29645,120.17
29647,112.82
29648,106.37
29650,101.38
29651,97.66
29652,94.87
29654,92.73
29656,88.91
29657,86.95
29658,84.75
29659,82.46
29660,90.76
29661,139.4
30031,124.61
30032,130.01
30033,137.12
30034,145.95
30035,153.19
30036,161.84
30037,185.31
30040,140.82
30041,150.47
30042,164.49
30043,172.64
30044,191.45
30046,212.22
30661,74.32
30663,74.31
30666,73.93
30682,71.38
30685,70.5
30686,70.05
30691,68.01
30780,166.59
30782,166.59
30783,166.59
30785,166.59
30786,166.59
30787,166.59
30788,166.59
30789,166.59
30790,166.59
30791,9.14
30792,15.42
30793,77.14
30794,33.52
30813,126.63
30847,70.08
30848,68.23
30934,205.92
30935,195.19
30936,185.02
30937,175.96
30938,166.62
30939,157.89
30943,148.65
30944,139.16
30946,203.08
30947,192.64
30951,173.14
30952,163.99
30968,181.79
30969,181.3
30970,179.85
30971,178.13
30972,176.18
30973,174.11
30974,171.79
30975,169.56
30976,166.79
30978,161
30979,182.84
30980,154.72
30981,145.74
30982,137.59
30985,164.13
30997,178.77
30998,178.18
31000,175.25
31001,173.24
31002,171.35
31003,168.88
31004,166.16
31005,163.34
31006,160.27
31007,157.02
31025,176.91
31032,73.44
31034,73.1
31040,71.95
31050,126.63
31051,126.61
31052,126.55
31053,126.53
31056,126.34
31057,126.22
31058,126.02
31059,125.84
31060,125.37
31061,123.23
31062,123.95
31063,123.57
31064,123.33
31065,122.86
31066,122.23
31067,121.6
31068,122.23
31069,120.94
31070,122.23
31071,120.38
31072,119.74
31073,119.08
31074,118.28
31075,117.73
31096,109.58
31097,107.93
31098,105.45
31133,105.86
31134,99.76
31135,77.36
31136,71.95
31137,66.83
31138,62
31139,39.03
31140,53.54
31141,49.97
31142,46.69
31143,63.64
31144,58.79
31145,30.36
31146,49.16
31147,45.49
31148,41.38
31149,37.75
31150,45.49
31231,35.37
31232,34.45
31233,105.35
31234,99.76
31235,105.35
31236,67.53
31237,35.37
31238,67.07
31239,35.37
31251,115.34
31252,115.11
31253,114.92
31254,114.62
31255,114.43
31256,114.25
31257,113.98
31258,113.6
31259,113.3
31260,113.11
31261,112.68
31262,112.5
31263,112.11
31264,111.88
31265,111.49
31266,111.15
31267,110.72
31268,110.33
31269,110.14
31270,109.71
31271,109.2
31272,108.92
31273,108.41
31274,107.98
31275,107.53
31276,107.09
31277,106.57
31278,106.08
31279,105.68
31280,104.99
31281,46.43
31282,62
31284,123.95
31285,126.22
31286,51.62
31287,55.16
31288,58.84
31289,63.21
31290,67.06
31291,71.85
31292,77.04
31358,37.92
31359,41.4
31360,45.58
31361,49.49
31363,58.84
31365,60.07
31366,64.08
31367,68.14
31368,34.51
31369,60.07
31371,77.57
31372,83.03
31375,46.68
31376,46.68
31377,50.22
31378,53.77
31379,58.18
31380,62.16
31381,66.87
31382,72
31384,20.49
31385,24.25
31386,27.97
31387,32.35
31388,36.36
31389,41
31413,45.92
31414,51.04
31433,146.15
31435,169.83
31436,185.65
31437,164.43
31438,187.77
31440,169.49
31441,204.2
31442,191.78
31443,166.78
31444,150.51
31445,175
31446,185.77
31447,186.42
31448,166.41
31449,160.42
31451,179.08
31452,154.63
31453,180.18
31455,164.68
31457,74.27
31458,74.27
31459,74.1
31460,73.97
31461,73.67
31462,73.5
31463,73.18
31464,72.8
31465,72.62
31466,72.45
31467,72.26
31468,72.31
31469,70.89
31473,69.54
31474,68.89
31475,67.48
31476,68.89
31479,165.31
31480,153.73
31482,163.91
31483,176.06
31484,179.43
31486,71.46
31508,182.75
31509,164.24
31510,171.47
31511,160.22
31512,167.44
31513,179.98
31514,157.31
31515,167.45
31516,167.16
31517,164.24
31518,202.33
31519,171.41
31521,172.55
31522,191.77
31524,89.46
31525,99.81
31526,172.84
31527,180.85
31528,171.75
31554,181.35
31555,165.69
31556,165.12
31557,178.91
31558,164.47
31559,171.82
31560,167.08
31561,181.32
31563,181.35
31564,178.91
31565,171.82
31566,167.08
31567,164.47
31568,165.12
31569,165.69
31609,140.09
31610,147.52
31611,155.05
31612,164.09
31613,171.94
31614,181.34
31615,190.99
31622,150.56
31625,174.03
31629,137.93
31630,145.32
31631,152.81
31632,161.7
31633,169.52
31634,178.93
31655,180.34
31656,180.27
31657,180.2
31659,180.04
31660,179.95
31661,179.78
31662,179.87
31663,180.12
31664,180.34
31665,179.78
31666,179.69
31667,179.59
31668,155.05
31765,103.18
31766,101.63
31767,100.08
31768,99.1
31769,97.61
31771,96.45
31772,95.35
31773,94.4
31775,22.27
31776,27.53
31778,27.53
31779,33.87
31780,37.07
31781,38.6
31782,41.46
31783,56.57
31785,55.16
31786,54.38
31787,54.94
31788,54.04
31789,53.35
31790,54.38
31791,55.16
31792,56.57
31793,33.87
31794,180.12
31807,131.56
31808,131.24
31826,216.4
31827,201.94
31828,217.7
31829,194.4
31831,142.26
31833,206.48
31834,194.66
31835,154.45
31836,226.01
31837,269.37
31844,113.1
31845,193.98
31926,131.56
31948,114.86
31949,166.77
31950,51.36
31951,134.46
31954,166.92
31955,175.83
31956,204
31957,179.6
31958,200.42
32034,83.15
32053,30.77
32054,30.77
32055,17.94
32056,25.01
32057,35.57
32058,40.99
32059,38.6
32060,44.34
32061,43.07
32062,45.15
32063,45.36
32064,44.93
32065,44.31
32066,43.31
32067,44.93
32068,44.34
32069,96.45
32070,94.71
32071,93.09
32072,91.45
32073,89.79
32074,88.34
32075,86.82
32076,91.45
32077,84.04
32078,85.41
32079,84.04
32080,94.71
32081,38.6
32082,40.99
32083,35.57
32087,159.49
32091,139.41
32093,82.58
32094,81.34
32095,80.08
32096,78.76
32097,77.61
32098,76.47
32100,80.08
32137,80.04
32139,101
32143,240.1
32145,198.67
32156,68.23
32168,8.76
32326,222
32327,149.96
32328,88.05
32330,126.83
32331,157.25
32333,208.77
32335,176.99
32345,125.03
32349,173.82
32353,128.8
32354,109.62
32361,162.25
32363,182.63
32364,188.13
32606,78.35
32607,78.35
32608,137.26
32609,64.46
32610,150.98
32906,178.59
32907,157.85
32908,157.98
33141,157.85
33142,157.97
33143,178.59
33789,119.6
33790,74.15
33791,169.03
33828,75.27
33834,102.53
33835,124.2
33836,123.58
33837,96.13
33838,126.2
33841,91.85
33843,134.77
33844,152.94
33845,61.22
33846,74.71
33847,115.98
33848,101.16
33849,115.98
33850,88.93
33960,127.87
33961,127.76
33962,126.87
33963,100.82
33965,142.06
33966,140.84
33967,140.84
33968,116.3
33969,132.52
33989,42.92
33990,28.43
34481,16
34482,13.29
34793,73.21
34794,88.86
34862,53.17
34863,51.33
34872,275.48
34873,261.27
34874,238.46
34875,226.43
34876,214.96
34877,204.08
34878,193.72
34892,199.62
34893,189.8
34894,180.34
34925,238.46
34928,220.66
34956,49.45
34957,47.55
34958,45.89
34959,44.23
34960,42.6
34961,40.8
34962,47.55
34963,39.22
34964,37.71
34965,36.13
34966,34.64
34967,33.01
34968,31.51
34969,30.08
34970,261.27
34971,256.28
34972,247.81
34973,28.64
34974,27.23
34975,25.85
34976,24.55
34977,25.85
34978,27.23
34979,23.17
34980,21.81
34981,20.4
34982,23.17
34983,28.64
34985,17.51
34986,16
34987,14.66
34988,17.51
34989,28.64
34990,23.17
34991,20.4
35002,261.27
35003,244.16
35004,238.35
35005,232.26
35006,226.23
35007,220.29
35028,243.63
35029,237.53
35030,231.28
35031,224.67
35032,231.28
35033,220.11
35034,214.61
35035,209.11
35036,203.64
35048,261.27
35072,178.68
35073,173.3
35074,172.9
35075,166.87
35076,161.25
35077,156.04
35078,150.15
35079,144.39
35094,260.28
35096,254.23
35097,248.3
35098,242.28
35099,236.49
35100,230.54
35101,225.25
35102,219.87
35103,253.36
35104,247.51
35105,241.65
35106,235.83
35107,230.18
35108,224.65
35109,219.34
35110,214.17
35111,171.85
35112,166.99
35113,171.85
35114,161
35115,160.36
35117,149.87
35118,146.72
35119,141.94
35120,154.52
35152,244.99
35153,244.32
35154,242.91
35155,241.08
35156,239.02
35157,236.9
35169,234.67
35170,232.46
35171,230.28
35172,228.14
35173,225.84
35174,234.67
35175,238.53
35176,237.91
35177,238.53
35183,237.09
35184,235.37
35185,233.46
35186,231.39
35187,229.31
35188,227.16
35189,224.95
35190,222.74
35191,220.5
35224,173.31
35225,173.61
35226,172.9
35227,169.16
35228,166.87
35229,163.39
35230,161.25
35231,158.39
35235,248.79
35236,245.71
35237,242.54
35238,239.35
35239,236.24
35240,233.18
35241,230.08
35242,227.18
35243,236.24
35244,248.79
35247,233.57
35248,230.58
35249,227.67
35250,224.86
35251,221.97
35252,219.26
35253,216.51
35254,213.81
35266,241.84
35267,241.65
35268,241.24
35269,240.76
35270,240.26
35271,239.77
35272,239.23
35273,238.71
35274,238.17
35275,237.62
35276,237.1
35456,227.34
35457,227.15
35458,226.83
35459,226.53
35460,226.07
35461,225.61
35462,225.15
35463,224.72
35464,224.23
35466,223.22
35467,225.61
35468,226.07
35791,223.75
35792,53.41
35793,52.1
35794,50.28
35795,48.61
35796,46.81
35797,45.07
35798,43.56
35825,41.4
35826,40.2
35827,38.63
35828,37.13
35833,35.4
35834,210.85
35835,186.8
35846,186.8
35854,213.5
35856,184.59
35860,184.59
35875,184.59
36139,29.23
36141,26.66
36142,25.28
36143,23.97
36144,22.46
36145,20.96
36446,183.74
36447,176.23
36448,169.4
36449,167.09
36450,159.35
36452,158.41
36453,148.56
36455,153.41
36562,19.48
36563,18.28
36564,16.7
36565,15.14
36566,13.9
36567,11.9
36568,9.79
36569,11.9
36570,13.9
36573,11.04
36588,174.47
36593,199.37
36597,190.36
36598,161.85
36599,122.27
36600,165.16
36601,181.16
36604,201.76
36605,207.39
36606,211.56
36608,217.37
36609,207.28
36612,208.67
36614,131.38
36616,200.39
36618,189.19
36619,177.21
36620,132.98
36625,182.32
36626,183.25
36627,211.62
36628,160.16
36632,197.54
36634,97.02
36636,181.73
36637,200.05
36895,153.84
37086,134.99
37089,135.26
37095,133.04
37098,132.67
37406,89.62
37407,48
37408,17.87
37409,133.68
37410,48
37412,45.59
37416,81.76
37418,54.21
37420,11.27
37422,54.21
37424,54.21
37426,81.76
37429,45.59
38045,218.22
38046,212.61
38047,207.14
38048,201.84
38069,205.84
38071,195.4
38072,190.62
38073,185.71
38074,181.1
38075,176.53
38076,214.82
38077,209.83
38078,204.85
38079,200.03
38081,214.82
38092,200.42
38093,195.13
38094,209.28
38095,204.49
38096,199.81
38097,195.17
38098,190.57
38099,186.05
38100,261.71
38101,255.35
38102,249.01
38103,243.03
38104,238
38105,232.48
38106,228
38107,222.61
38108,243.03
38116,196.69
38117,191.6
38118,186.65
38119,181.74
38120,176.86
38121,172.19
38122,167.51
38181,118.88
38182,133.27
38183,109.97
38185,112.15
38186,114.93
38187,112.21
38188,112.71
38189,114.26
38190,112.71
38191,112.71
38200,81.07
38203,76.88
38358,124.89
38359,121.38
38360,135.11
38361,119.06
38797,134.75
38798,128.1
38800,115.53
38801,109.47
38802,102.96
38803,97.35
38804,115.53
38805,134.75
38854,134.37
38855,129.77
38856,123.28
38857,116.23
38858,111.04
38859,104.27
38860,98.52
38861,93.24
38862,104.27
38942,128.2
38943,122.78
38944,116.48
38945,122.78
38946,128.2
38947,110.53
38948,105.71
38949,99.43
38950,94.55
38951,89.05
38952,94.55
38953,99.43
38954,110.53
39157,88.1
39158,50.37
39217,183.44
39221,161.42
39223,173.7
39224,113.06
39225,138.5
39226,199.44
39228,152.56
39267,73.15
39268,64.03
39307,195.57
39357,76.39
39358,62.86
39372,61.06
39373,47.48
39374,109.08
39375,47.48
39410,133.19
39457,136.06
39458,126.36
39459,117.64
39460,109.14
39461,100.48
39462,91.92
39463,83.44
39464,75.01
39465,90.04
39481,228.86
39482,206.19
39483,184.57
39484,162.89
39485,140.75
39486,124.31
39487,106.56
39488,90.76
39489,74.3
39490,161.42
39491,165.92
39492,176.54
39494,150.64
39495,144.37
39496,142.77
39497,134.57
39498,112.77
39500,121.26
39501,127.02
39525,146.6
39526,97.57
39563,150.36
39564,142.81
39565,135.17
39566,126.77
39567,117.12
39568,111.75
39569,95.99
39570,111.75
39578,153.27
39579,152.72
39581,142.23
39582,131.17
39583,118.87
39605,67.59
39606,74.65
39607,83.73
39608,82.16
39609,79.26
39611,188.14
39612,195.97
39613,216.89
39614,214.13
39615,205.94
39617,195.2
39618,184.84
39619,175.02
39641,158.69
39642,157.97
39643,159.37
39644,153.13
39645,156.04
39646,155.92
39647,157.85
39648,155.33
39672,94.05
39673,63.49
39674,83.29
39675,45.18
39676,80.81
39677,69.18
39678,92.86
39810,175.75
39811,177.03
39812,177.08
39813,176.92
39814,177.62
39815,175.35
39816,186.73
39817,49.87
39948,176.18
39949,175.11
39950,176.56
39951,178.72
39952,180.55
39953,176.82
39964,177.08
39965,188.01
