1328,5.835
1329,5.317
1340,7.519
1341,8.056
1342,8.226
1343,8.809
1344,8.659
1345,8.631
1346,8.411
1347,9.12
1348,9.479
1349,9.699
1350,9.898
1351,9.578
1352,12.672
1353,12.934
1356,8.628
1357,8.806
1358,9.125
1359,12.537
1360,12.227
1361,12.209
1362,12.243
1363,8.867
1382,10.901
1385,8.712
1390,6.658
1391,11.611
1392,9.631
1393,7.8
1401,6.649
1478,5.317
1479,5.835
1489,4.79
1490,5.195
1491,5.106
1492,5.706
1493,4.886
1508,5.078
1509,6.022
1514,4.889
1516,4.533
1517,4.646
1518,5.125
1531,4.564
1533,5.079
1537,6.024
1566,7.284
1625,8.821
1626,7.45
1627,7.456
1628,7.453
1629,7.454
1630,7.445
1631,7.451
1632,7.451
1634,7.45
1645,5.144
1672,5.942
1673,5.107
1674,5.414
1675,5.642
1819,5.116
1820,7.636
1821,5.857
1822,5.38
1823,5.857
1831,9.091
1833,4.889
1834,5.858
1839,15.409
1840,5.858
1841,16.629
1842,16.564
1893,10.711
2552,4.153
2553,4.185
2554,4.209
2555,4.234
2556,4.259
2557,4.286
2558,4.312
2559,4.337
2560,4.36
2562,4.226
2563,4.263
2564,4.31
2567,4.44
2568,4.481
2569,4.523
2623,3.998
2624,4.286
2625,3.977
2626,3.977
2627,4.226
2628,4.227
2632,5.12
2633,5.119
2634,5.124
2635,5.001
2638,4.887
2639,5.36
2640,5.241
2643,5.196
2644,5.032
2645,4.863
2646,4.704
2647,4.529
2648,4.363
2649,4.194
2653,3.202
2656,4.041
2660,4.563
2664,5.361
2665,4.071
2666,4.066
2667,4.07
2668,4.07
2669,4.07
2670,4.071
2671,4.066
2672,4.139
2673,4.217
2694,6.905
2695,7.29
2696,6.177
2698,7.056
2699,6.683
2700,8.116
2701,9.89
2702,5.818
2703,8.182
2704,8.268
2705,10.42
2706,10.378
2708,10.558
2710,7.866
2711,7.576
2712,10.572
2713,9.105
2714,7.176
2715,7.564
2717,7.261
2718,7.416
2719,8.352
2723,7.803
2725,11.107
2727,11.062
2728,11.229
2729,10.312
2730,11.212
2731,10.739
2732,9.295
2733,8.916
2734,9.923
2735,9.889
2736,9.776
2737,9.768
2738,9.369
2739,9.528
2740,9.136
2741,9.308
2742,8.755
2743,9.366
2745,9.442
2746,9.224
2748,9.505
2769,10.078
2770,9.425
2772,5.238
2773,6.771
2774,7.632
2863,11.117
2864,11.117
2865,9.287
2866,9.313
2867,11.121
2868,9.285
2869,9.311
2871,9.324
2915,8.406
2916,7.937
2917,7.202
2918,8.849
2919,9.285
2920,9.603
2922,9.657
2923,9.309
2924,11.255
2925,11.707
2926,11.746
2927,12.214
2928,12.239
2932,9.743
2933,9.012
2934,10.577
2939,8.971
3061,8.696
3062,8.795
3063,9.543
3142,8.53
3143,8.429
3145,9.739
3147,9.853
3149,9.72
3150,9.419
3194,12.177
3196,11.685
3200,8.198
3212,8.691
3250,7.61
3251,8.091
3253,8.22
3255,8.21
3256,8.118
3257,8.041
3258,7.972
3261,7.837
3265,8.555
3266,8.37
3267,8.288
3269,9.221
3270,9.942
3277,4.934
3307,10.179
3309,10.14
3310,11.689
3336,12.615
3337,13.722
3338,14.265
3339,14.99
3340,13.113
3341,13.119
3342,13.118
3343,13.118
3344,13.117
3345,3.333
3346,3.334
3348,12.605
3349,12.849
3350,13.117
3351,13.407
3352,13.718
3353,14.267
3354,14.397
3355,14.548
3356,14.749
3357,14.997
3358,13.472
3359,13.474
3360,13.659
3361,13.654
3362,13.649
3363,13.867
3364,13.853
3365,14.069
3366,14.078
3367,3.493
3368,3.481
3372,3.849
3373,3.745
3374,3.745
3375,4.002
3376,3.995
3377,3.73
3378,4.143
3379,4.141
3380,4.141
3381,4.28
3382,4.287
3383,4.425
3384,4.426
3385,4.426
3386,4.426
3387,3.203
3388,4.56
3389,11.606
3390,11.942
3392,12.032
3394,12.027
3395,12.07
3396,12.093
3397,12.22
3398,12.301
3399,12.285
3400,12.276
3401,12.273
3403,12.012
3404,11.959
3406,8.185
3407,11.687
3409,3.203
3410,4.56
3412,4.008
3413,4.013
3414,4.311
3415,4.311
3416,4.305
3417,4.428
3418,4.43
3419,4.429
3420,4.143
3421,4.142
3422,4.142
3423,3.845
3424,3.853
3425,3.855
3426,3.704
3427,3.707
3428,3.702
3429,3.553
3430,3.553
3431,3.552
3433,12.852
3434,12.849
3435,12.856
3436,13.117
3437,13.117
3438,13.118
3439,13.407
3440,14.354
3441,14.397
3442,14.422
3443,14.55
3444,14.562
3445,14.749
3446,14.779
3447,7.582
3448,12.074
3473,3.201
3474,3.329
3475,3.332
3476,3.332
3477,3.481
3478,3.461
3479,3.498
3480,3.596
3507,3.599
3508,3.587
3509,3.772
3510,4.008
3511,4.007
3512,4.154
3513,4.155
3514,4.144
3515,4.312
3516,4.289
3517,4.305
3518,4.428
3519,4.428
3520,4.454
3521,4.588
3522,4.426
3524,4.283
3526,3.941
3528,3.998
3529,3.722
3530,3.851
3532,3.466
3533,3.325
3535,12.09
3576,11.69
3591,8.205
3592,7.614
3593,8.093
3596,8.202
3649,11.997
3650,12.28
3673,14.993
3676,12.074
3677,12.012
3684,11.956
3685,12.115
3686,12.007
3687,11.946
3688,11.935
3699,12.274
3700,11.913
3708,11.615
3724,11.995
3725,12.278
3726,12.242
3727,12.239
3728,11.652
3729,12.229
3730,11.615
3731,12.147
3732,11.764
3733,11.835
3740,11.944
3748,8.57
3749,8.095
3750,9.387
3751,9.456
3752,11.207
3753,9.889
3754,9.567
3755,9.059
3756,9.998
3757,9.791
3758,9.109
3759,9.585
3760,8.489
3761,7.972
3762,8.692
3763,8.667
3764,8.629
3765,9.895
3766,8.157
3767,8.121
3784,8.015
3785,9.926
3786,10.012
3787,7.921
3843,4.926
3861,14.517
3862,14.376
3865,13.623
3866,14.061
3867,13.475
3868,13.842
3896,14.77
4073,7.191
4074,7.171
4075,6.912
4076,7.292
4077,6.194
4079,7.057
4080,6.654
4082,9.896
4084,8.182
4085,8.261
4086,10.48
4087,10.372
4089,10.552
4090,7.86
4091,7.583
4092,10.57
4093,9.107
4094,7.43
4095,7.558
4096,10.148
4130,8.111
4131,5.829
4132,7.528
4176,4.759
4177,4.647
4178,4.573
4179,4.512
4180,4.48
4181,4.487
4182,4.523
4223,7.422
4224,7.91
4225,7.659
4226,8.432
4227,8.53
4228,8.5
4229,8.429
4230,8.217
4231,8.12
4232,9.739
4233,9.807
4234,9.853
4235,9.72
4236,9.419
4238,4.759
4239,4.69
4240,4.624
4244,11.699
4246,7.939
4248,11.252
4250,9.749
4256,9.283
4259,8.975
4260,8.704
4263,9.311
4264,9.751
4271,8.324
4273,8.408
4274,9.604
4280,12.217
4281,8.865
4282,12.245
4285,11.703
4355,7.94
4356,8.515
4358,8.101
4359,7.679
4360,10.887
4361,9.185
4364,9.43
4366,8.514
4367,11.882
4368,11.139
4386,4.042
4388,7.484
4389,7.275
4390,7.04
4391,6.736
4392,5.29
4393,5.053
4394,4.825
4395,4.482
4396,4.829
4397,4.88
4398,4.804
4400,4.652
4401,4.553
4402,4.325
4403,3.922
4404,4.042
4405,3.916
4409,12.432
4410,11.498
4412,7.049
4413,6.429
4414,5.48
4415,6.405
4416,6.639
4418,6.272
4419,5.924
4420,5.615
4421,4.985
4422,3.72
4423,4.042
4424,3.806
4428,16.884
4429,13.776
4431,8.061
4432,7.237
4433,5.922
4434,7.202
4435,7.567
4438,6.583
4439,6.17
4440,5.336
4441,3.625
4442,4.035
4443,3.837
4447,5.336
4463,4.75
4464,4.98
4465,4.915
4466,5.336
4467,5.526
4468,5.601
4469,5.691
4470,5.715
4471,5.762
4472,5.7
4473,5.511
4474,5.836
4475,6.062
4477,7.666
4478,7.94
4479,8.153
4481,8.273
4482,3.886
4483,4.32
4484,4.12
4485,5.336
4486,5.942
4487,6.218
4488,6.548
4489,6.655
4490,6.858
4491,6.591
4492,5.795
4493,6.779
4494,7.418
4496,11.839
4497,12.795
4501,3.264
4502,3.203
4506,4.218
4521,3.203
4522,3.244
4523,3.444
4524,3.594
4525,3.666
4526,3.76
4527,3.797
4528,3.861
4529,3.821
4530,3.796
4531,3.989
4532,4.157
4533,4.311
4534,5.554
4535,5.782
4536,5.954
4538,6.09
4539,3.389
4540,3.203
4542,4.263
4543,4.844
4544,4.744
4545,5.207
4546,5.251
4547,5.405
4550,5.593
4551,6.215
4553,10.012
4554,10.269
4555,11.217
4556,11.723
4557,12.07
4558,3.45
4559,3.203
4561,4.528
4562,5.01
4563,5.427
4565,6.069
4566,6.303
4567,5.968
4568,4.979
4570,6.595
4571,7.628
4572,12.319
4573,13.873
4574,14.907
4575,15.32
4577,3.978
4595,4.407
4596,4.263
4597,4.346
4598,4.522
4599,4.7
4600,4.786
4601,4.874
4602,4.888
4603,4.905
4604,4.648
4605,4.742
4606,4.99
4607,5.177
4608,5.349
4609,6.536
4610,6.759
4611,6.927
4612,7.035
4633,3.409
4634,3.683
4635,3.562
4636,4.522
4637,5.097
4639,5.554
4640,5.606
4641,5.719
4642,5.715
4646,7.006
4648,10.943
4649,11.85
4650,11.965
4651,12.348
4652,7.914
4654,8.725
4655,7.056
4659,9.048
4660,12.216
4661,11.77
4662,12.055
4663,8.7
4664,8.978
4665,9.282
4668,9.653
4669,8.4
4672,6.284
4673,10.242
4674,9.723
4675,10.54
4676,7.499
4677,9.14
4679,7.312
4680,7.104
4681,6.614
4682,8.147
4683,5.996
4684,8.171
4685,10.385
4686,8.22
4687,10.613
4688,7.955
4689,10.493
4690,7.566
4691,7.14
4692,10.022
4693,11.864
4752,7.087
4753,7.847
4754,7.3
4755,8.84
4756,8.562
4757,10.692
4761,7.59
4762,7.002
4763,10.794
4765,8.085
4766,7.478
4767,8.815
4769,11.759
4771,7.901
4772,7.397
4773,6.793
4774,9.323
4775,9.089
4776,11.344
4777,11.821
4778,8.156
4779,11.681
4780,11.294
4781,8.222
4782,6.273
4789,8.506
4790,8.632
4791,10.82
4792,8.669
4794,7.905
4795,8.775
4796,8.504
4798,8.186
4801,8.372
4802,8.485
4805,11.478
4809,9.139
4810,11.63
4814,10.702
4815,7.553
4817,11.096
4818,8.198
4819,7.759
4820,8.335
4821,8.504
4824,5.36
4825,6.168
4826,7.241
4827,8.248
4828,13.772
4829,15.02
4841,4.042
4842,3.21
4843,4.354
4844,4.553
4845,4.607
4846,4.704
4847,4.79
4848,4.893
4849,4.805
4850,3.89
4851,4.939
4852,5.13
4853,5.356
4854,6.922
4855,7.14
4856,7.345
4857,7.452
4858,7.552
4859,4.03
4860,4.042
4861,4.022
4862,4.073
4864,4.108
4865,4.126
4866,4.135
4867,4.149
4868,4.135
4869,4.117
4870,4.156
4871,4.173
4872,4.199
4873,4.427
4874,4.446
4875,4.466
4877,4.503
4878,5.288
4879,5.299
4880,5.305
4881,5.339
4882,5.362
4883,5.372
4884,5.382
4885,5.383
4886,5.385
4887,5.378
4888,5.366
4889,5.404
4890,5.432
4891,5.458
4892,5.643
4893,5.671
4894,5.694
4895,5.704
4896,5.711
4897,4.22
4898,4.476
4899,4.646
4900,4.873
4901,5.104
4902,5.175
4903,5.248
4904,5.305
4905,5.366
4906,5.296
4907,5.042
4908,5.364
4909,5.614
4910,5.844
4911,7.09
4912,7.387
4913,7.624
4914,7.718
4915,7.786
4916,3.278
4917,3.265
4918,3.457
4919,3.645
4920,3.63
4921,3.695
4922,3.777
4923,3.851
4924,3.804
4925,3.84
4926,4.022
4927,4.215
4928,4.33
4929,5.601
4930,5.789
4931,5.982
4932,6.068
4933,6.158
4934,4.473
4935,4.455
4936,4.488
4937,4.518
4938,4.564
4939,4.577
4940,4.595
4941,4.601
4942,4.609
4943,4.591
4944,4.578
4945,4.643
4946,4.686
4947,4.728
4948,5.042
4949,5.09
4950,5.129
4951,5.15
4952,5.161
4953,4.17
4954,4.255
4955,4.334
4956,4.518
4957,4.701
4958,4.779
4959,4.885
4960,4.862
4961,4.908
4962,4.742
4963,4.72
4964,4.99
4965,5.174
4966,5.365
4967,6.531
4968,6.755
4969,6.984
4970,7.148
4972,3.217
4974,3.205
4975,3.257
4976,3.286
4977,3.298
4978,3.311
4979,3.319
4980,3.342
4981,3.342
4982,3.37
4983,3.411
4984,3.437
4985,3.479
4986,3.828
4987,3.865
4988,3.903
4990,3.943
4992,5.792
4993,6.376
4994,10.059
4996,6.162
4997,10.973
5001,3.202
5008,4.096
5010,3.203
5011,4.108
5012,4.126
5013,4.135
5015,4.916
5016,3.286
5017,5.248
5021,5.067
5025,10.384
5026,9.912
5027,10.157
5028,9.999
5029,9.422
5030,6.523
5031,6.186
5032,5.761
5033,4.47
5034,5.596
5035,5.7
5036,5.552
5037,5.37
5038,5.196
5039,5.097
5040,4.683
5041,3.288
5042,4.047
5043,3.084
5044,12.709
5045,12.365
5046,12.98
5047,12.634
5048,11.659
5049,7.791
5050,7.159
5051,6.501
5052,5.233
5053,6.38
5054,6.202
5055,6.186
5056,6.178
5058,5.639
5059,5.013
5060,3.506
5062,2.689
5082,12.523
5083,12.77
5084,13.438
5085,12.761
5086,11.812
5087,8.031
5088,7.42
5089,6.776
5090,5.712
5091,6.619
5092,6.448
5093,5.922
5094,6.399
5095,6.183
5096,5.918
5097,5.337
5099,4.353
5100,3.5
5101,3.305
5103,3.237
5104,3.705
5105,4.343
5106,4.441
5107,4.514
5108,4.493
5109,4.622
5110,4.488
5111,4.258
5112,4.705
5113,5.073
5114,5.726
5115,7.644
5116,8.191
5117,8.519
5118,8.854
5119,9.047
5120,3.404
5122,3.03
5123,4.255
5124,4.828
5125,4.896
5126,5.219
5127,5.298
5128,5.494
5129,5.295
5130,4.63
5131,5.591
5132,5.951
5133,6.564
5134,9.568
5135,10.438
5136,11.216
5137,11.631
5138,12.062
5158,3.726
5159,3.457
5160,3.768
5161,4.519
5162,5.1
5163,5.466
5164,5.579
5166,5.79
5167,5.613
5168,4.927
5169,5.793
5170,6.234
5171,6.852
5172,10.06
5173,10.354
5174,11.524
5175,12.031
5176,12.371
5186,7.905
5189,10.916
5190,8.332
5192,8.755
5193,8.468
5194,11.701
5197,6.686
5198,7.86
5199,9.225
5200,7.037
5203,8.74
5204,7.863
5206,8.435
5207,9.305
5208,11.02
5209,9.095
5210,8.967
5211,7.066
5224,11.603
5225,5.018
5226,5.01
5227,5.013
5228,4.685
5229,4.684
5230,4.686
5231,4.347
5232,4.349
5233,4.347
5234,4.702
5235,4.688
5238,4.341
5239,4.353
5240,4.353
5242,3.977
5243,3.705
5244,3.976
5245,4.256
5246,3.455
5247,3.98
5248,3.979
5249,3.984
5250,4.258
5251,4.255
5252,12.944
5253,13.017
5254,13.134
5255,13.313
5256,13.418
5257,13.471
5258,14.636
5259,14.029
5260,14.359
5261,14.48
5262,14.783
5263,13.88
5264,13.477
5265,13.052
5266,12.961
5267,13.233
5268,14.166
5269,13.969
5270,14.369
5271,14.444
5272,14.466
5273,13.951
5274,13.733
5275,13.634
5276,13.315
5277,14.807
5278,13.962
5279,13.954
5280,12.612
5281,13.723
5282,14.27
5283,14.99
5284,15.325
5285,13.388
5286,13.461
5293,5.013
5294,5.012
5295,5.01
5296,5.019
5298,3.976
5299,4.677
5300,4.848
5301,4.515
5302,3.515
5333,11.603
5334,10.242
5335,8.182
5336,9.296
5337,9.523
5339,9.146
5359,12.804
5369,12.846
5370,14.636
5371,14.036
5372,13.046
5373,13.879
5374,12.846
5376,5
5377,5.223
5379,4.921
5427,5.066
5428,5.143
5429,5.371
5488,5.229
5491,5.525
5493,5.524
5494,5.525
5495,6.436
5496,6.438
5497,6.439
5498,6.442
5499,5.475
5500,5.472
5501,5.482
5502,6.019
5503,6.018
5504,6.024
5505,6.02
5506,7.839
5507,7.83
5508,7.844
5509,7.832
5510,6.065
5511,6.062
5514,6.981
5515,6.974
5516,6.988
5518,10.576
5519,10.568
5520,10.585
5542,6.29
5565,4.716
5566,4.552
5567,4.396
5568,4.246
5576,5.037
5577,4.962
5578,4.888
5579,4.815
5580,4.744
5581,4.674
5582,4.606
5592,4.6
5594,4.539
5599,4.81
5600,4.762
5601,4.671
5602,4.642
5604,4.851
5607,4.815
5608,4.744
5609,4.744
5615,4.815
5616,4.744
5617,4.674
5618,4.606
5619,4.539
5624,4.81
5625,4.762
5626,4.671
5627,4.642
5632,4.839
5633,4.825
5634,4.748
5635,4.62
5637,5.911
5638,5.911
5644,14.298
5655,14.99
5656,14.99
5658,12.849
5713,4.446
5714,2.588
5715,2.682
5716,2.754
5717,4.535
5798,8.935
5799,11.499
5800,8.368
5801,7.283
5821,10.102
5822,10.435
5823,7.283
5824,10.169
5825,7.851
5826,11.578
5845,8.991
5846,10.257
5847,11.898
5848,11.869
5849,10.189
5850,8.347
5893,7.94
5894,9.313
5895,10.108
5896,8.505
5897,8.281
5905,11.73
5906,8.459
5907,7.179
5909,4.6
5910,6.29
5912,4.956
5913,5.363
5914,4.764
5915,4.964
5916,5.137
5917,5.374
5918,4.588
5919,4.182
5930,4.402
5931,4.195
5932,3.997
5933,3.755
5934,4.956
5935,5.363
5937,4.632
5962,11.031
5963,11.751
5964,8.705
5965,8.536
5966,10.211
5967,8.082
5968,8.15
5969,11.727
5970,8.4
5971,8.008
5972,8.169
5973,8.509
5981,8.642
5982,11.59
5983,8.699
5984,11.155
5985,8.962
5986,6.701
5987,8.849
5988,9.409
5995,9.105
5996,9.351
5997,6.784
5999,11.649
6002,4.874
6004,4.886
6005,4.886
6007,4.886
6008,5.561
6010,11.628
6023,5.561
6028,5.561
6030,4.043
6045,10.357
6046,5.887
6047,3.57
6049,5.202
6050,10.384
6051,3.288
6052,10.424
6053,10.408
6055,3.732
6062,5.921
6063,3.281
6064,4.591
6065,4.64
6069,6.29
6070,3.206
6071,3.826
6072,3.719
6073,3.787
6074,4.521
6075,3.035
6077,3.206
6078,3.035
6079,3.768
6080,3.496
6084,7.552
6085,3.851
6086,3.89
6087,7.314
6089,4.6
6093,2.726
6096,5.197
6098,4.652
6099,4.574
6100,4.574
6101,4.574
6103,4.585
6105,5.083
6106,4.298
6108,6.396
6109,6.917
6110,3.851
6111,3.89
6112,7.314
6113,6.066
6114,5.559
6115,4.199
6118,12.873
6119,6.057
6120,9.242
6124,8.548
6133,5.36
6134,5.149
6135,4.949
6137,15.41
6139,9.007
6146,9.007
6147,15.41
6154,15.41
6160,4.892
6171,6.057
6212,8.841
6217,3.744
6249,4.195
6250,3.997
6251,5.149
6252,4.949
6253,4.195
6254,4.949
6255,3.997
6256,5.149
6257,4.949
6258,4.409
6259,4.409
6274,4.195
6284,3.997
6289,4.002
6294,9.651
6296,4.463
6297,4.519
6298,4.463
6299,4.517
6710,5.349
6711,5.317
6712,5.268
6713,5.412
6714,5.444
6715,5.477
6716,5.38
6717,13.724
6718,9.833
6719,13.649
6720,13.574
6721,13.5
6722,13.426
6723,13.8
6724,13.877
6725,13.954
6726,13.877
6727,9.72
6728,9.664
6729,9.89
6730,9.948
6731,9.498
6732,9.948
6733,9.833
6734,9.948
6765,9.862
6766,9.776
6776,5.333
6777,13.724
6778,13.463
6779,10.028
6780,6.188
6781,9.106
6782,10.917
6784,5.796
7259,3.997
7419,4.002
7420,4.867
7421,5.351
7422,5.614
7423,5.887
7424,6.206
7425,5.957
7426,9.285
7427,9.079
7428,9.455
7429,10.013
7430,8.895
7431,10.028
7432,10.037
7433,11.312
7434,11.233
7435,9.943
7436,11.333
7437,9.571
7438,9.757
7439,10.481
7448,9.92
7450,11.355
7451,9.621
7452,9.538
7453,9.475
7454,9.538
7455,9.475
7459,4.868
7460,4.083
7461,5.271
7462,7.134
7464,5.134
7465,9.843
7466,11.615
7467,5.828
7468,6.363
7469,7.167
7471,8.197
7472,8.071
7473,7.777
7474,11.466
7475,12.591
7477,14.13
7482,9.671
7509,5.581
7510,5.991
7511,6.377
7512,6.189
7513,10.794
7514,9.28
7515,9.93
7516,9.813
7517,9.548
7518,9.973
7519,10.493
7520,9.427
7521,10.567
7522,10.51
7523,11.803
7525,10.281
7526,11.909
7528,10.116
7529,11.049
7532,10.169
7533,9.913
7534,10.031
7535,10.192
7540,10.732
7541,9.605
7544,10.238
7545,7.884
7546,10.902
7547,9.557
7565,10.269
7566,11.848
7567,11.61
7568,10.028
7605,10.269
7608,4.886
7673,4.57
7674,4.5
7675,4.613
7676,4.454
7677,4.596
7678,4.488
7679,4.575
7680,4.669
7681,4.73
7682,4.551
7683,4.528
7684,4.702
7685,4.894
7686,4.629
7687,4.674
7694,4.732
7695,4.734
7696,4.597
7697,4.6
7698,4.532
7699,4.541
7701,9.7
7702,9.728
7703,9.739
7704,4.606
7797,11.183
7799,9.87
7800,9.991
7809,4.866
7810,5.813
7811,6.559
7812,7.735
7813,12.606
7814,15.411
7815,14.267
7816,6.829
7817,9.007
7869,4.866
7870,6.559
7892,4.866
7893,4.887
7894,4.887
7897,3.277
7898,3.68
7899,2.956
7904,3.331
8163,7.733
8164,7.733
8408,10.781
8413,4
8414,4.861
8415,5.352
8416,5.277
8417,6.351
8418,7.164
8419,9.856
8420,11.459
8421,4.284
8422,5.065
8423,5.429
8424,5.632
8425,6.692
8427,10.482
8429,11.995
9036,6.377
9037,10.917
9038,9.106
9039,10.028
9040,11.778
9058,4.889
9059,6.561
9060,4.894
9061,12.612
9062,5.366
9063,5.131
9064,8.13
9065,7.104
9066,6.027
9067,5.796
9068,5.581
9070,5.581
9071,6.189
9138,5.5
9158,4.149
9170,3.305
9171,5.31
9172,3.084
9174,4.407
9175,3.278
9176,4.03
9177,3.886
9178,3.389
9179,4.75
9182,3.264
9183,4.17
9184,4.577
9185,4.113
9186,4.652
9187,5.924
9188,6.377
9189,5.991
9190,6.189
9192,5.501
9193,4.218
9194,5.202
9195,4.76
9196,6.183
9197,4.896
9198,5.466
9199,3.666
9200,4.514
9201,4.744
9202,4.022
9203,5.305
9204,4.023
9205,4.488
9207,3.732
9420,7.495
9421,7.314
9422,9.445
9424,7.085
9425,8.22
9426,7.085
9427,8.183
9429,9.449
9430,8.117
9431,9.574
9432,7.648
9433,9.574
9434,7.913
9435,8.1
9436,9.574
9438,8.721
9442,8.992
9443,7.715
9445,7.559
9446,7.643
9447,7.732
9448,7.732
9449,9.12
9450,7.908
9451,9.12
9453,9.449
9454,8.183
9455,7.085
9456,7.777
9457,6.159
9458,6.159
11183,8.379
11184,8.196
11185,7.963
11187,10.652
11190,8.33
11191,8.379
11192,9.086
11193,7.666
11194,9.111
11195,9.114
11196,10.727
11197,10.607
11198,8.975
11199,10.813
11200,8.428
11201,8.964
11202,8.535
11203,10.79
11204,10.068
11205,8.568
11206,8.271
11207,8.44
11208,8.611
11209,8.497
11210,8.64
11211,8.497
11225,10.832
11230,6.31
11231,12.755
11234,6.247
11235,11.849
11236,7.708
11238,6.172
11239,8.08
11242,5.683
11243,5.553
11246,6.8
11247,5.872
11252,5.624
11253,8.28
11256,13.227
11260,6.22
11261,5.574
11264,6.436
11267,5.422
11268,5.671
11271,6.657
11272,5.661
11273,6.032
11275,5.838
11371,7.777
11372,9.645
11457,8.211
11458,9.48
11459,9.543
11460,7.669
11461,9.539
11462,7.624
11719,11.592
11720,11.474
11721,11.357
11722,11.241
11723,11.015
11724,10.905
11725,10.795
11726,10.905
11727,10.688
11728,10.905
11729,10.581
11730,10.477
11731,10.213
11732,10.108
11733,10.005
11734,9.904
11735,9.705
11736,9.904
11737,9.607
11738,9.511
11739,9.416
11740,9.511
11741,9.322
11742,9.23
11743,9.709
11744,10.405
11745,9.51
11746,9.413
11747,9.223
11748,9.13
11749,9.038
11750,8.947
11751,8.858
11752,8.769
11773,9.609
11801,4.639
11805,4.094
11806,4.108
11807,4.128
11808,4.136
11810,4.501
11812,3.575
11813,3.247
11815,3.556
11816,3.543
11817,3.529
11821,3.199
11822,3.274
11823,3.296
11826,3.215
11828,4.465
11829,4.496
11830,4.487
11834,4.675
11835,4.629
11836,4.634
11837,4.619
11840,4.475
11841,5.25
11842,5.312
11843,5.369
11845,5.02
11869,4.785
11870,5.424
11871,4.71
11872,4.67
11873,4.661
11874,3.262
11875,3.329
11876,3.32
11877,3.343
11878,4.482
11879,3.566
11880,4.753
11881,4.683
11882,6.068
11883,4.336
11884,3.575
11885,4.091
11888,5.263
11889,3.532
11891,5.454
11892,3.284
11893,3.318
11894,3.219
11895,3.373
11896,3.389
11914,4.643
11915,3.437
11917,5.789
11918,4.804
11919,4.311
11920,6.047
11949,8.09
11950,7.88
11951,7.806
11952,8.19
11955,8.282
11958,4.091
11959,3.532
11960,3.284
11961,3.318
11962,3.373
11963,9.462
11964,9.365
11965,9.27
11966,9.176
11967,9.954
11968,9.853
11969,9.754
11970,9.853
11971,9.656
11972,11.299
11973,11.184
11974,11.071
11975,10.96
11978,3.284
11979,3.318
11982,5.042
11984,3.334
11985,3.388
11986,9.389
11987,9.365
11988,9.341
11989,9.294
11990,9.27
11991,9.246
11992,9.223
11994,9.878
11995,9.853
11996,9.878
11997,9.828
11998,9.779
11999,9.828
12001,9.754
12002,9.729
12003,9.754
12004,9.705
12005,9.754
12006,11.213
12007,11.184
12008,11.156
12009,11.184
12010,11.099
12011,11.071
12012,11.043
12013,11.015
12014,6
12015,5.284
12016,4.976
12017,5.069
12018,8.175
12019,5.669
12020,6.048
12021,7.088
12022,8.175
12024,4.986
12025,8.568
12026,8.966
12027,8.786
12028,8.543
12029,11.191
12030,8.836
12031,9.59
12032,8.263
12033,9.103
12034,11.301
12035,8.531
12036,9.456
12037,8.793
12038,10.491
12039,10.714
12040,8.625
12041,8.604
12042,8.862
12043,8.631
12044,9.022
12045,9.605
12046,8.639
12048,11.28
12049,9.988
12050,8.545
12051,5.484
12053,6.071
12054,6.021
12056,5.454
12057,9.054
12058,9.062
12059,9.07
12060,9.078
12061,9.087
12062,9.095
12063,9.103
12064,9.112
12065,9.12
12066,9.128
12067,9.137
12068,9.145
12069,9.153
12070,9.162
12071,9.17
12072,9.178
12075,9.195
12077,9.204
12078,9.187
12079,9.212
12081,9.221
12083,9.229
12084,9.237
12085,9.245
12086,9.253
12087,9.26
12088,9.268
12089,9.272
12090,9.277
12091,9.281
12093,10.938
12094,10.943
12095,10.949
12096,10.954
12097,10.96
12098,10.965
12099,10.971
12100,10.976
12101,10.982
12102,10.987
12103,10.993
12104,10.999
12105,11.004
12106,11.01
12107,11.015
12108,11.021
12109,11.026
12110,11.032
12111,11.038
12112,11.043
12113,11.049
12114,11.054
12115,11.06
12116,11.066
12117,11.071
12118,11.077
12119,11.082
12120,11.088
12121,11.099
12122,11.094
12123,9.687
12124,9.692
12125,9.697
12126,9.702
12127,9.707
12128,9.712
12129,9.717
12130,9.722
12131,9.727
12132,9.732
12133,9.736
12134,9.741
12135,9.746
12136,9.751
12137,9.751
12138,9.761
12139,9.77
12140,9.775
12141,9.78
12142,9.783
12143,9.639
12144,9.643
12145,9.653
12146,9.653
12147,9.658
12148,9.663
12149,9.668
12150,9.663
12151,9.673
12152,9.663
12153,9.678
12154,9.682
12155,9.648
12156,5.454
12157,5.423
12158,5.444
12159,5.211
12160,5.28
12161,5.409
12162,6.104
12163,5.422
12165,3.217
12166,3.286
12167,3.298
12168,3.319
12169,3.342
12170,3.479
12171,3.903
12173,3.943
12174,9.756
12188,11.122
12189,9.811
12541,4.59
12542,4.501
12543,4.59
13312,3.286
13313,3.342
13315,4.316
13316,5.444
13991,7.624
13996,7.516
13997,9.732
13998,8.359
14000,8.379
14002,8.388
14003,6.757
14005,9.916
14006,9.884
14008,9.958
14009,7.889
14010,8.172
14011,7.796
14012,8.578
14013,9.903
14014,7.964
14015,7.778
14016,7.71
14017,8.013
14146,6.674
14147,6.646
14148,6.618
14149,6.589
14171,6.451
14172,6.424
14173,6.397
14174,6.37
14227,12.292
14228,12.451
14229,4.986
14230,4.963
14231,4.94
14232,4.917
14233,4.894
14234,4.872
14235,4.849
14236,4.827
14237,9.024
14238,7.494
14239,7.815
14241,4.805
14243,4.783
14244,4.761
14245,4.783
14246,4.74
14247,4.783
14261,5.895
14262,5.87
14263,5.895
14264,5.846
14265,5.821
14266,5.796
14277,5.772
14285,4.65
14293,5.748
14294,5.724
14295,5.7
14296,5.676
14297,5.652
14298,5.629
14299,5.652
14342,3.341
14348,4.316
14397,5.407
14400,4.316
14444,4.007
14446,4.007
14447,3.926
14448,4.316
14456,4.007
14457,4.007
14502,4.013
14503,3.249
14504,3.626
14505,4.871
14506,4.871
14507,10.343
14508,10.263
14509,10.184
14510,10.106
14511,10.029
14512,9.952
14513,9.876
14514,9.801
14515,9.727
14517,9.654
14518,9.581
14519,9.509
14520,9.438
14522,9.367
14524,9.297
14526,9.228
14528,9.16
14529,9.092
14530,9.025
14531,8.959
14532,11.738
14533,11.647
14534,11.558
14535,11.469
14536,11.381
14537,11.294
14538,11.208
14539,11.123
14540,11.039
14541,10.956
14542,10.873
14543,10.791
14544,10.711
14546,10.631
14547,10.551
14548,10.473
14550,10.395
14551,10.318
14552,10.242
14553,10.167
14555,4.667
14556,4.668
14581,4.668
14582,4.667
14895,3.926
14896,5.444
14899,5.46
15087,9.276
15088,9.272
15089,9.268
15090,9.263
15091,9.256
15092,9.249
15093,9.241
15094,9.233
15095,9.226
15096,9.217
15097,9.208
15098,9.2
15099,9.192
15100,9.183
15101,9.175
15102,9.166
15104,9.156
15105,9.147
15106,9.138
15107,9.129
15108,9.119
15109,9.11
15110,9.1
15111,9.09
15112,9.08
15113,9.068
15114,9.059
15115,9.05
15116,9.04
15117,9.028
15129,9.782
15130,9.777
15131,9.772
15133,9.766
15134,9.757
15135,9.749
15136,9.742
15137,9.732
15138,9.723
15139,9.715
15140,9.703
15141,9.695
15142,9.685
15143,9.675
15144,9.664
15145,9.656
15146,9.645
15147,9.634
15148,9.622
15149,9.613
15150,9.602
15152,9.591
15153,9.58
15154,9.569
15155,9.556
15156,9.544
15157,9.532
15158,9.52
15159,9.508
15160,9.493
15161,11.101
15162,11.096
15163,11.091
15164,11.085
15165,11.075
15166,11.067
15167,11.059
15168,11.048
15169,11.039
15170,11.03
15171,11.019
15172,11.009
15173,11
15174,10.988
15175,10.979
15176,10.969
15177,10.957
15178,10.946
15179,10.936
15180,10.925
15182,10.902
15183,10.892
15184,10.88
15185,10.867
15186,10.856
15187,10.845
15188,10.831
15189,10.821
15190,10.808
15191,10.914
15192,9.2
15193,9.192
15194,9.183
15195,9.2
15196,9.192
15197,9.183
15230,2.984
15231,3.362
15232,3.912
15233,3.368
15234,2.998
15235,3.917
15260,9.174
15261,9.275
15262,9.665
15263,9.714
15264,9.729
15265,9.722
15267,9.617
15268,9.399
15269,9.5
15270,9.504
15271,9.63
15272,9.643
15273,9.761
15274,10.087
15275,10.056
15276,10.213
15277,10.203
15278,10.451
15280,10.496
15281,12.683
15282,12.753
15283,12.898
15284,12.982
15285,13.053
15286,12.982
15322,9.276
15323,9.272
15324,9.268
15325,9.263
15326,9.256
15327,9.249
15328,9.241
15329,9.233
15330,9.226
15331,9.217
15332,9.208
15335,9.2
15336,9.192
15337,9.183
15338,9.175
15339,9.166
15340,9.156
15341,9.147
15343,9.138
15344,9.129
15346,9.119
15348,9.11
15349,9.1
15351,9.09
15352,9.08
15353,9.068
15354,9.059
15355,9.05
15356,9.04
15357,9.028
15358,5.444
15359,9.804
15362,9.311
15473,8.367
15474,14.811
15475,7.532
15476,13.578
15477,8.658
15478,13.578
15479,9.597
15480,8.494
15481,8.925
15482,8.981
15483,5.643
15484,7.536
15485,5.643
15486,8.35
15487,14.858
15488,9.615
15489,8.045
15491,7.461
15492,11.924
15493,7.341
15494,6.517
15495,5.605
15496,6.517
15497,8.215
15498,8.656
15499,8.938
15500,8.989
15501,8.365
15502,6.046
15503,6.509
15504,5.819
15506,6.475
15530,8.372
15533,6.677
15535,5.433
15536,5.246
15537,6.822
15538,6.853
15540,5.749
15592,13.63
15612,9.239
15614,9.172
15615,9.139
15634,5.643
15635,11.924
15636,13.578
15637,6.475
15638,5.819
15639,8.981
15640,8.658
15641,12.777
15642,12.722
15643,12.667
15644,12.612
15646,5.47
15647,6.412
15649,5.895
15653,12.558
15654,12.504
15655,5.895
15660,3.024
15661,5.613
15662,5.893
15663,4.089
15664,5.893
15668,5.14
15669,5.368
15670,5.604
15672,6.04
15673,5.833
15674,6.51
15675,6.655
15676,6.892
15677,7.095
15678,7.294
15679,6.51
15680,7.472
15681,6.51
15682,7.182
15683,7.95
15684,12.652
15686,14.075
15687,5.646
15690,5.864
15691,4.416
15694,5.54
15695,4.423
15696,5.54
15697,4.299
15698,4.475
15699,4.187
15700,4.299
15701,4.685
15702,4.732
15703,4.299
15704,4.727
15705,4.299
15706,4.982
15707,4.906
15708,5.828
15709,4.487
15710,5.785
15711,5.828
15712,4.649
15713,4.797
15714,5.828
15715,4.982
15716,6.777
15717,5.51
15718,4.646
15719,3.679
15720,3.764
15721,3.427
15722,3.316
15723,5.199
15724,4.659
15725,5.849
15726,5.749
15727,3.432
15728,3.679
15729,5.51
15731,12.451
15732,12.398
15733,12.345
15739,6.646
15740,6.618
15741,6.589
15742,6.561
15743,6.534
15744,6.506
15745,6.479
15746,6.451
15747,6.424
15760,13.562
15831,5.444
15832,5.47
15872,15.402
15874,7.296
15875,8.292
15876,14.176
15878,11.981
15879,16.028
15880,16.222
15881,9.337
15882,9.362
15886,5.449
15891,4.717
15894,3.403
15895,3.499
15896,4.422
16008,6.534
16009,6.589
16010,6.646
16034,4.855
16036,4.855
16037,4.862
16038,4.854
16040,4.871
16043,3.273
16044,5.47
16049,5.687
16050,5.687
16051,5.617
16052,5.617
16056,5.29
16076,7.492
16077,5.641
16078,4.556
16079,3.713
16080,5.851
16081,5.639
16085,8.811
16086,10.08
16087,8.958
16088,6.281
16089,4.643
16090,18.886
16091,6.484
16092,5.766
16094,8.351
16097,1.033
16099,8.164
16100,6.558
16101,6.557
16102,6.554
16103,6.549
16104,6.544
16105,6.549
16106,4.872
16107,4.871
16108,4.868
16109,4.862
16110,4.856
16111,4.868
16114,4.727
16117,4.482
16118,4.66
16120,3.765
16122,3.496
16123,4.665
16124,3.374
16126,5.599
16127,3.495
16159,12.595
16160,12.593
16161,12.586
16162,12.575
16163,12.564
16164,6.385
16165,6.415
16166,6.375
16167,6.36
16168,6.344
16194,10.295
16201,8.095
16202,7.866
16264,4.483
16265,4.665
16319,5.363
16320,5.2
16321,5.044
16322,4.894
16323,5.2
16324,4.75
16325,4.612
16326,4.479
16327,4.351
16329,4.228
16337,5.745
16338,5.642
16339,5.525
16340,4.474
16344,6.554
16346,6.872
16348,13.819
16349,13.4
16350,12.998
16351,12.612
16352,12.241
16353,5.942
16354,11.542
16355,12.612
16356,11.212
16357,10.895
16358,7.332
16359,7.126
16361,4.891
16363,4.365
16364,4.352
16367,4.238
16368,4.274
16369,4.238
16370,4.282
16371,4.236
16372,4.345
16373,4.425
16374,4.843
16375,4.32
16376,4.169
16377,4.221
16378,4.189
16379,6.351
16380,6.159
16381,5.974
16382,5.796
16383,6.159
16384,5.626
16385,5.462
16386,5.305
16387,5.153
16388,5.007
16389,5.305
16390,7.189
16391,6.971
16392,6.762
16393,6.561
16394,6.762
16395,6.369
16396,6.762
16397,6.183
16398,6.005
16399,5.833
16400,6.762
16401,5.668
16402,6.762
16403,4.162
16404,4.115
16405,4.017
16408,4.074
16410,10.295
16418,8.095
16419,7.866
16438,4.554
16571,13.432
16580,12.659
16581,12.93
16654,12.758
16656,14.383
16657,13.432
16659,13.716
16660,13.569
16661,14.749
16662,13.497
16663,13.334
16684,9.594
16686,13.234
16784,6.564
16785,6.562
16788,12.609
16789,12.613
16799,3.172
16800,3.17
16801,3.171
16802,6.06
16803,6.065
16804,6.06
16810,3.17
16811,3.171
16812,3.172
16813,12.597
16814,5.088
16815,3.669
16816,5.088
16822,14.273
16824,7.226
16825,9.049
16827,9.417
16829,8.605
16830,7.749
16831,6.566
16832,6.046
16834,6.945
16835,7.355
16836,7.092
16837,6.331
16838,5.828
16839,4.893
16840,5.828
16841,6.331
16842,4.893
16864,6.564
16865,12.609
16866,3.172
16867,3.17
16868,3.171
16869,3.172
16870,14.267
16871,14.816
16880,6.564
16881,12.609
16882,3.172
16883,3.17
16884,3.171
16885,3.172
16886,14.267
16887,14.816
16889,6.072
16912,6.158
16913,5.034
16914,10.207
16915,9.524
16917,7.145
16918,6.154
16919,5.788
16983,4.223
16984,4.579
16985,4.866
17124,7.486
17125,4.223
17126,4.571
17127,4.866
17141,6.303
17142,5.354
17143,6.005
17144,5.652
17145,5.334
17213,12.611
17214,9.08
17215,10.35
17217,9.527
17218,13.48
17219,8.312
17220,11.88
17246,4.483
17250,3.765
17356,6.068
17401,4.944
17402,4.915
17403,4.885
17404,4.856
17405,4.827
17406,4.798
17408,4.741
17409,4.713
17410,4.685
17411,4.66
17412,4.632
17413,4.604
17414,4.576
17415,4.549
17416,4.66
17417,4.522
17418,4.495
17419,4.468
17420,4.442
17421,4.415
17422,4.304
17423,4.278
17424,4.253
17425,4.227
17426,4.202
17427,4.177
17428,4.152
17429,4.127
17430,4.103
17431,4.079
17545,8.027
17546,9.524
17547,11.048
17592,12.417
17593,9.672
17595,14.047
17605,3.736
17606,3.144
17607,4.371
17608,3.991
17609,4.257
17610,7.543
17611,4.202
17612,5.467
17613,4.792
17614,4.267
17615,8.633
17617,8.403
17619,3.145
17620,7.66
17621,3.81
17624,4.592
17625,8.133
17626,3.234
17627,2.789
17628,3.599
17629,3.43
17630,3.542
17633,3.517
17634,4.016
17635,3.896
17637,3.568
17638,5.715
17639,5.627
17640,3.025
17641,5.403
17642,3.367
17643,5.54
17644,3.77
17645,3.78
17646,4.389
17649,5.756
17650,6
17651,9.44
17652,5.943
17653,6.62
17654,5.953
17657,4.656
17658,10.097
17659,5.541
17661,6.037
17662,10.613
17700,4.769
17709,4.765
17710,4.608
17711,5.552
17712,5.426
17713,5.545
17714,7.402
17716,6.094
17717,5.893
17718,5.469
17719,8.056
17720,7.997
17721,4.879
17722,7.667
17723,5.324
17724,5.256
17725,5.599
17726,7.897
17728,5.943
17737,6.366
17741,6.163
17742,5.948
17764,3.566
18037,5.943
18040,8.047
18050,5.794
18051,8.574
18052,8.325
18053,8.028
18054,7.035
18055,6.848
18057,6.369
18058,6.175
18059,4.601
18060,4.216
18061,13.04
18062,12.201
18063,11.047
18065,7.442
18067,6.019
18068,5.35
18093,4.763
18095,4.765
18096,4.793
18097,4.793
18098,4.793
18099,4.814
18100,4.814
18101,4.814
18104,4.791
18210,5.943
18211,8.06
19018,12.609
19340,12.243
19341,11.899
19342,11.505
19345,10.48
19346,13.376
19347,13.052
19348,11.803
19349,11.526
19350,11.334
19351,11.215
19352,10.899
19394,6.364
19395,6.019
19396,4.868
19397,6.019
19398,6.018
19399,6.02
19400,5.654
19401,5.653
19402,6.02
19403,5.656
19404,5.271
19405,5.267
19406,5.274
19407,5.267
19408,6.018
19441,3.495
19442,4.665
19445,12.243
19447,11.505
19449,10.48
19450,13.376
19451,13.052
19452,11.803
19453,11.526
19454,11.334
19455,11.215
19456,10.899
19545,4.485
19546,3.965
19551,13.59
19570,9.09
19571,9.157
19573,9.089
19575,9.151
19576,9.613
19579,9.653
19580,9.287
19583,9.248
19587,9.528
19592,8.963
19594,9.596
19916,11.427
19917,13.199
19918,11.044
19919,10.993
19920,13.556
19921,13.016
19922,12.957
19923,12.942
19924,11.163
19925,11.116
19926,11.542
19928,11.454
19929,11.11
19930,11.495
19931,11.005
19932,13.047
19933,11.086
19934,12.987
19935,11.334
19936,11.165
19937,11.093
19965,4.5
19966,4.675
19967,4.638
19968,4.846
19969,5.368
19970,5.211
20011,13.193
20012,9.522
20013,8.664
20050,12.609
20051,12.609
20052,13.164
20053,13.068
20054,13.671
20055,13.269
20056,13.164
20057,13.152
20058,13.484
20059,13.633
20060,13.683
20061,13.297
20062,13.683
20063,13.298
20064,13.192
20065,13.151
20066,13.05
20067,13.17
20068,13.59
20069,13.278
20070,13.168
20071,13.122
20072,13.093
20073,13.097
20074,13.665
20075,13.12
20076,13.053
20077,13.538
20092,6.542
20093,5.917
20094,14.795
20095,13.879
20096,9.809
20098,11.923
20099,11.638
20101,8.351
20102,11.638
20244,9.083
20245,8.269
20246,7.87
20247,7.084
20258,6.071
20259,11.238
20260,11.238
20261,6.071
20262,11.118
20482,6.684
20628,8.112
20630,8.106
20632,8.069
20633,7.824
20635,7.775
20636,8.141
20637,8.074
20638,8.145
20639,7.966
20641,7.975
20740,5.703
20742,2.476
20751,13.016
20752,13.359
20775,7.958
20779,8.037
20780,8.074
20784,7.994
20791,5.123
20964,8.114
20965,8.011
20966,8.142
20967,7.985
20969,8.003
20970,8.128
20971,8.037
20972,8.163
20973,7.961
20974,7.849
20975,7.454
20976,7.919
20977,7.935
21018,6.069
21019,6.07
21020,6.071
21056,5.354
21057,5.399
21058,7.643
21059,7.498
21061,7.305
21062,6.394
21063,6.26
21064,5.914
21065,5.854
21066,5.7
21067,4.627
21068,4.676
21069,9.283
21070,8.994
21071,8.564
21073,6.703
21074,6.455
21075,5.748
21076,5.608
21077,5.319
21140,11.913
21142,14.019
21143,14.798
21144,13.847
21145,12.401
21146,13.714
21147,8.125
21148,8.23
21149,6.744
21150,7.198
21151,6.199
21152,6.172
21153,5.359
21154,9.009
21155,8.592
21156,8.505
21157,8.601
21158,15.408
21159,14.265
21160,12.596
21161,7.737
21162,6.559
21163,6.331
21165,5.813
21167,4.888
21168,3.202
21176,9.765
21177,5.282
21178,5.39
21179,7.38
21183,5.13
21189,6.413
21206,7.973
21208,5.413
21210,5.981
21211,5.803
21212,10.959
21213,10.8
21215,7.832
21216,5.162
21218,5.453
21219,5.442
21220,5.453
21221,8.114
21222,8.122
21223,8.126
21225,8.821
21226,8.487
21227,9.038
21228,7.482
21230,4.652
21231,3.03
21232,8.129
21233,8.968
21234,8.129
21338,5.81
21339,5.81
21340,5.81
21341,5.81
21342,5.81
21343,5.81
21344,5.81
21345,5.81
21346,5.81
21347,5.81
21348,5.81
21349,5.81
21350,5.81
21352,5.81
21353,5.81
21355,6.533
21356,6.294
21357,6.067
21358,5.85
21359,5.644
21360,5.447
21361,5.259
21362,5.08
21398,6.072
21399,3.862
21400,3.934
21401,11.016
21402,10.54
21403,9.84
21410,7.048
21411,6.646
21412,5.559
21414,4.916
21436,5.642
21437,5.625
21438,5.608
21439,5.591
21440,5.574
21441,5.558
21442,5.541
21443,5.525
21454,9.906
21455,10.286
21456,10.669
21457,11.054
21458,11.451
21459,11.837
21461,9.524
21462,12.221
21464,13.363
21465,11.451
21466,13.249
21468,13.042
21469,12.936
21470,12.832
21471,12.737
21479,5.386
21500,11.139
21542,8.129
21543,8.129
21544,9.166
21545,9.307
21547,11.404
21550,10.322
21555,7.217
21556,7.281
21559,8.561
21583,11.594
21584,9.84
21586,9.93
21588,9.624
21624,10.127
21626,12.02
21627,11.658
21628,12.354
21629,12.077
21632,11.229
21634,10.639
21635,10.344
21636,12.286
21638,11.578
21639,11.213
21642,10.038
21643,9.712
21670,9.807
21671,9.405
21672,9.078
21673,8.556
21674,8.416
21675,8.013
21685,5.318
21686,12.42
21687,11.912
21688,7.304
21689,8.435
21690,7.976
21691,7.079
21692,6.862
21693,6.313
21762,11.451
21763,13.476
21764,13.147
21765,11.801
21766,11.516
21767,10.931
21768,11.931
21769,10.846
21770,10.385
21771,10.361
21772,10.845
21773,11.34
21774,11.849
21775,12.354
21776,12.83
21777,13.311
21778,13.788
21779,10.985
21780,11.393
21781,11.81
21782,12.218
21783,12.614
21784,13.024
21785,13.437
21786,13.86
21787,10.196
21788,10.691
21789,11.182
21790,11.688
21791,12.189
21792,12.696
21793,13.21
21794,13.732
21795,13.471
21796,13.584
21797,13.672
21798,13.787
21799,13.883
21800,13.977
21801,14.069
21802,14.164
21821,7.079
21875,13.886
21876,12.195
21877,12.911
21878,12.631
21879,12.358
21888,6.559
21889,7.689
21890,9.827
21891,11.842
21902,5.606
21903,5.843
21907,6.782
21911,13.481
21912,10.214
21914,10.998
21918,10.325
21961,13.065
21962,8.319
21963,10.078
21964,9.366
21965,8.183
22364,6.318
22669,5.421
22670,5.421
22708,5.558
22709,5.445
22710,5.336
22711,5.231
22712,5.131
22713,5.034
22715,4.941
22716,4.851
22717,14.35
22718,14.057
22719,13.776
22720,13.506
22722,12.996
22723,12.755
22724,12.523
22726,7.385
22728,7.095
22730,6.828
22731,6.701
22732,6.579
22751,10.698
22752,10.334
22754,6.016
22755,10.334
22756,5.125
22757,9.448
22758,13.246
22804,7.539
22805,7.237
22806,6.959
22948,10.778
22949,11.302
22951,14.592
22953,10.069
22955,6.599
22957,5.532
22959,12.02
22960,10.698
22961,10.334
22963,9.448
22965,6.016
22966,10.334
22967,11.313
23156,6.067
23172,11.132
23174,6.066
23175,6.26
23176,6.221
23177,6.342
23178,11.138
23179,11.423
23180,11.102
23181,11.696
23277,5.125
23278,12.02
23280,5.125
23350,6.133
23351,6.133
23352,11.342
23353,11.346
23354,13.25
23355,13.275
23356,13.038
23357,13.26
23358,13.089
23359,13.085
23360,13.103
23361,13.04
23363,12.95
23365,12.915
23379,13.26
23390,6.204
23391,6.201
23392,11.249
23393,11.249
23398,6.511
23399,6.511
23400,6.467
23401,6.461
23402,12.525
23403,12.525
23404,12.44
23405,12.428
23755,5.345
23756,5.344
23757,5.341
23758,5.336
23759,5.331
23806,5.326
23811,5.32
23812,5.314
23813,5.308
23814,5.302
23815,5.295
23845,13.698
23846,13.684
23847,13.672
23848,13.659
23849,13.694
23877,13.647
23878,13.634
23879,13.621
23880,13.608
23881,13.595
23882,13.582
23975,7.185
23976,7.183
23977,7.178
23978,7.172
23979,7.165
23980,7.158
24127,5.062
24128,5.044
24129,5.037
24130,4.167
24131,4.202
24132,4.18
24134,6.92
24135,6.893
24136,6.896
24137,7.283
24138,7.281
24139,7.292
24140,5.393
24141,5.397
24142,5.4
24143,4.576
24144,4.57
24246,6.949
24247,6.266
24248,5.166
24249,5.057
24250,4.998
24251,6.099
24252,5.621
24253,5.374
24279,7.15
24280,7.142
24281,7.134
24282,7.125
24283,7.116
24440,5.091
24441,4.987
24442,4.887
24443,4.791
24444,4.699
24445,4.61
24446,4.525
24447,4.443
24448,8.311
24449,6.949
24450,6.266
24451,5.166
24452,5.057
24453,4.998
24454,6.099
24455,5.621
24456,5.374
24457,4.998
24458,6.949
24459,13.134
24460,12.866
24461,12.609
24462,12.362
24463,12.124
24464,11.895
24465,11.675
24466,11.463
24467,6.833
24468,6.694
24469,6.56
24471,6.307
24472,6.188
24473,6.074
24474,5.963
24475,6.431
24525,8.311
24548,4.849
24549,4.844
24550,4.834
24552,4.819
24553,4.801
24554,4.782
24555,4.761
24557,4.739
24586,4.715
24587,4.689
24589,4.662
24590,4.631
24591,4.598
24592,4.56
24593,4.518
24595,4.469
24616,12.564
24617,12.55
24618,12.519
24619,12.481
24620,12.439
24621,12.395
24622,12.349
24623,12.301
24624,12.251
24625,12.198
24626,12.144
24627,12.087
24628,12.027
24629,11.964
24630,11.898
24631,11.828
24650,6.528
24651,6.521
24652,6.507
24653,6.488
24654,6.467
24655,6.444
24656,6.42
24657,6.394
24658,6.368
24659,6.34
24660,6.311
24661,6.281
24662,6.248
24663,6.214
24664,6.177
24665,6.137
24809,9.003
24810,5.351
24811,5.123
24812,4.694
24814,4.389
24816,10.329
24817,7.191
24818,12.026
24819,8.807
24820,4.583
24825,8.603
24826,15.835
24827,15.405
24828,3.202
24829,4.886
24830,8.683
24831,9.893
24843,5.34
24844,5.231
24845,5.126
24846,5.026
24847,4.929
24848,4.836
24849,4.747
24850,4.66
24863,13.689
24864,13.41
24865,13.142
24867,12.636
24868,12.398
24869,12.168
24870,11.947
24881,7.158
24882,7.011
24883,6.871
24884,6.737
24885,6.607
24886,6.482
24887,6.362
24889,6.247
24892,12.884
24894,5.102
24901,5.069
24902,5.058
24903,5.047
24904,5.035
24905,5.023
24906,5.011
24929,5.105
24930,5.102
24931,5.097
24932,5.089
24933,5.08
24934,5.069
24935,5.058
24936,5.047
24937,5.035
24938,5.023
24939,5.011
24976,13.113
24977,13.105
24978,13.09
24979,13.07
24980,13.049
24981,13.027
24982,13.004
24983,12.981
24984,12.957
24985,12.933
24986,12.909
24987,6.845
24988,6.842
24989,6.836
24990,6.828
24991,6.819
24992,6.81
24993,6.801
24994,6.79
24995,6.801
24996,6.78
24997,6.81
24998,6.768
24999,6.756
25000,6.81
25001,6.836
25057,13.709
25058,13.422
25059,13.142
25060,12.869
25061,12.642
25063,12.568
25064,12.384
25065,11.957
25067,5.348
25068,5.235
25069,5.126
25070,5.02
25072,4.931
25074,4.831
25075,4.664
25076,7.168
25078,6.871
25080,6.729
25081,6.61
25082,6.571
25083,6.475
25084,6.252
25096,2.72
25097,18.881
25098,8.941
25099,2.72
25132,2.838
25141,9.327
25142,9.132
25143,8.756
25145,8.941
25146,8.601
25147,8.551
25149,8.425
25150,8.135
25151,19.697
25152,19.284
25153,18.881
25154,18.49
25155,18.164
25156,18.057
25157,17.792
25158,17.179
25159,4.902
25160,7.018
25177,6.847
25179,6.838
25180,6.832
25181,6.821
25182,6.819
25184,6.813
25185,6.806
25186,6.8
25187,6.794
25232,6.849
25233,6.843
25235,13.125
25236,13.117
25237,13.106
25238,13.095
25239,13.084
25240,13.072
25241,13.06
25243,13.048
25244,13.036
25245,13.024
25246,13.129
25247,5.115
25248,5.114
25249,5.111
25251,5.102
25255,5.081
25256,5.076
25258,5.107
25259,5.097
25260,5.092
25261,5.087
25262,5.07
25317,2.72
25318,2.833
25319,2.776
25320,2.72
25321,2.667
25323,2.615
25324,2.566
25325,2.519
25326,2.473
25327,19.668
25328,19.267
25329,18.881
25330,18.511
25331,18.155
25332,17.813
25333,17.483
25334,17.165
25344,9.314
25345,9.124
25346,8.941
25347,8.766
25349,8.597
25350,8.435
25351,8.279
25352,8.128
25365,3.339
25366,3.279
25367,3.201
25368,3.144
25369,3.088
25370,3.034
25372,2.981
25373,2.929
25385,2.776
25386,2.748
25387,2.72
25388,2.693
25389,2.667
25391,2.641
25392,2.615
25393,2.591
25404,8.904
25405,8.882
25406,8.837
25407,8.783
25408,8.724
25409,8.662
25410,8.596
25411,8.527
25413,8.454
25431,18.85
25432,18.827
25433,18.784
25434,18.735
25435,18.684
25437,18.631
25439,18.578
25440,18.524
25441,18.47
25443,18.414
25444,18.359
25446,18.302
25447,18.245
25448,18.187
25449,18.129
25450,18.07
25830,9.982
25831,5.385
25832,7.327
25833,7.778
25834,8.536
25835,9.134
25836,10.806
25837,11.359
25838,12.001
25839,12.391
25840,13.88
25841,6.626
25842,6.75
25843,7.316
25844,6.443
25845,5.385
25846,6.246
25847,6.115
25849,6.75
25898,2.759
25899,2.745
25900,2.731
25901,2.718
25903,2.691
25904,2.704
25905,2.678
25906,2.665
25923,2.721
25924,2.707
25925,2.694
25927,2.68
25928,2.667
25929,2.653
25930,2.64
25931,2.627
25932,2.614
25934,2.602
25936,2.589
25937,2.577
25939,2.564
25940,2.552
25941,2.54
26113,3.358
26114,4.238
26115,3.83
26119,4.26
26120,3.356
26121,3.827
26122,4.587
26229,11.625
26230,8.613
26231,11.663
26233,11.933
26234,12.291
26235,8.652
26236,11.927
26265,8.897
26266,8.862
26267,8.811
26268,8.754
26269,8.693
26270,8.629
26271,8.562
26272,8.491
26273,8.416
26274,8.377
26275,8.338
26276,8.297
26277,8.255
26278,8.211
26279,8.166
26280,8.12
26282,8.072
26283,8.021
26284,7.968
26286,7.912
26288,7.853
26289,7.79
26308,18.843
26309,18.807
26310,18.76
26311,18.71
26312,18.658
26313,18.605
26314,18.551
26315,18.497
26316,18.442
26317,18.387
26318,18.33
26319,18.274
26320,18.216
26321,18.158
26322,18.1
26363,2.658
26364,2.644
26365,2.613
26366,2.566
26367,2.507
26368,2.436
26369,2.351
26370,2.248
26372,2.136
26373,2.298
26374,2.021
26375,2.236
26377,2.191
26379,2.158
26380,2.144
26382,2.123
26383,2.114
26385,2.106
26386,2.101
26388,2.093
26389,2.087
26391,2.082
26392,2.079
26393,2.075
26394,2.07
26396,2.066
26398,2.06
26400,2.134
26417,2.068
26435,2.516
26436,2.492
26437,2.469
26438,2.447
26439,2.424
26449,2.731
26450,2.731
26451,2.731
26452,2.731
26453,2.731
26454,2.731
26455,2.731
26456,2.731
26457,2.731
26467,2.449
26468,2.418
26469,2.393
26470,2.371
26471,2.352
26472,2.335
26473,2.32
26474,2.307
26475,2.295
26482,3.784
26483,3.801
26485,4.196
26488,4.218
26489,3.281
26490,3.267
26491,3.278
26916,3.195
26917,3.194
26918,3.193
26919,3.191
26920,3.188
26921,3.186
26922,3.183
26923,3.18
26924,3.178
26925,3.175
26926,3.173
26961,12.146
26962,12.291
27141,4.885
27142,4.885
27176,4.601
27177,4.504
27178,4.41
27179,4.319
27180,4.243
27181,4.156
27182,4.083
27183,4.013
27184,4.469
27185,4.375
27187,4.284
27188,4.195
27189,4.121
27190,4.037
27191,3.966
27192,3.897
27197,4.177
27198,4.089
27199,4.004
27200,3.921
27201,3.851
27203,3.773
27205,3.707
27207,3.643
27209,5.065
27210,4.959
27211,4.855
27212,4.755
27213,4.671
27214,4.575
27215,4.495
27216,4.417
27220,5.285
27221,5.174
27222,5.066
27223,4.961
27225,4.873
27226,4.774
27227,4.69
27228,4.609
27231,5.425
27232,5.311
27233,5.2
27235,5.002
27236,4.9
27238,4.731
27239,4.838
27240,4.736
27242,4.541
27243,4.461
27244,4.37
27245,4.294
27246,4.219
27248,4.315
27249,4.225
27250,4.138
27251,4.065
27252,3.982
27253,3.912
27254,3.844
27255,4.783
27257,4.585
27258,4.49
27260,4.411
27261,4.32
27262,4.245
27264,4.171
27366,5.12
27367,5.012
27368,4.908
27369,4.806
27370,4.721
27371,4.624
27372,4.544
27373,4.465
27375,5.233
27376,5.124
27377,5.017
27378,4.913
27379,4.826
27380,4.727
27381,4.645
27382,4.564
27384,5.178
27385,5.07
27387,4.861
27388,4.775
27389,4.678
27390,4.596
27391,4.516
27392,4.683
27393,4.585
27394,4.489
27395,4.396
27396,4.319
27397,4.23
27398,4.156
27399,4.084
27400,4.481
27401,4.387
27402,4.296
27404,4.207
27405,4.132
27406,4.048
27407,3.977
27408,3.908
27410,4.578
27411,4.482
27412,4.388
27413,4.297
27414,4.221
27415,4.135
27419,4.324
27420,4.233
27421,4.145
27422,4.059
27423,3.987
27424,3.906
27425,3.838
27426,3.771
27427,4.402
27428,4.309
27429,4.219
27430,4.132
27431,4.059
27432,3.976
27433,3.907
27434,3.839
27435,4.248
27436,4.159
27437,4.072
27438,3.988
27439,3.917
27440,3.837
27442,3.705
27531,5.328
27532,5.216
27533,5.107
27534,5.002
27535,4.729
27536,4.647
27537,5.139
27538,5.031
27539,4.926
27540,4.824
27541,4.739
27542,4.642
27543,4.561
27544,4.482
27545,5.23
27546,5.12
27547,5.013
27548,4.909
27550,4.823
27551,4.724
27552,4.642
27553,4.561
27554,4.489
27555,4.395
27556,4.303
27557,4.214
27558,4.14
27559,4.055
27561,3.984
27562,3.915
27563,4.279
27564,4.189
27565,4.102
27566,4.017
27567,3.946
27568,3.865
27569,3.732
27570,4.748
27571,4.648
27572,4.551
27573,4.457
27574,4.378
27575,4.289
27576,4.214
27577,4.141
27580,4.526
27581,4.431
27582,4.339
27583,4.249
27584,4.174
27585,4.089
27588,4.392
27589,4.3
27590,4.211
27591,4.123
27592,4.05
27593,3.968
27594,3.898
27595,3.831
27598,4.634
27599,4.537
27600,4.442
27601,4.35
27602,4.274
27603,4.186
27604,4.113
27605,4.042
29043,3.018
29044,9.845
29046,6.346
29048,4.001
29098,11.455
29148,8.828
29198,9.664
29199,9.538
29200,9.293
29201,9.056
29204,9.414
29206,8.941
29207,8.716
29208,8.607
29209,8.499
29210,8.393
29211,8.289
29212,8.186
29213,8.086
29214,7.889
29216,7.699
29217,7.793
29218,7.606
29220,7.986
29221,8.828
29222,9.174
29253,8.929
29254,8.913
29255,8.891
29256,8.864
29257,8.833
29258,8.805
29259,8.779
29260,8.74
29261,8.713
29262,8.672
29263,8.637
29264,8.603
29266,8.564
29267,8.525
29268,8.483
29269,8.441
29270,8.391
29271,8.346
29272,8.301
29273,8.245
29275,8.189
29276,8.125
29277,8.057
29278,7.985
29279,7.904
29280,7.797
29281,7.663
29282,7.606
29283,7.549
29284,7.493
29413,8.242
29414,8.388
29416,8.537
29417,8.715
29418,8.872
29419,9.059
29420,9.252
29421,9.451
29425,10.291
29426,10.476
29427,10.698
29428,10.926
29431,9.402
29432,9.568
29433,9.738
29434,9.941
29435,10.12
29436,10.334
29438,10.554
29439,10.781
29446,13.272
29447,13.549
29448,13.793
29449,14.084
29453,14.02
29454,14.267
29455,14.521
29457,14.824
29458,15.09
29459,15.41
29460,15.738
29461,16.075
29463,2.885
29464,2.936
29465,2.988
29466,3.05
29467,3.105
29469,3.171
29470,3.238
29471,3.308
29474,4.899
29475,4.986
29476,5.074
29477,5.18
29478,5.273
29479,5.385
29480,5.5
29481,5.618
29487,4.663
29488,4.746
29489,4.83
29490,4.931
29491,5.019
29492,5.125
29494,5.235
29495,5.347
29497,4.278
29498,4.354
29499,4.431
29500,4.524
29501,4.605
29502,4.702
29503,4.803
29504,4.906
29514,19.378
29516,2.723
29517,2.723
29518,2.947
29519,2.914
29520,2.881
29521,2.848
29522,2.816
29523,2.785
29524,2.754
29525,2.723
29526,2.693
29527,2.663
29528,2.634
29529,2.605
29530,2.577
29531,2.549
29532,2.521
29540,2.521
29542,21.446
29543,21.133
29544,20.826
29546,20.525
29547,20.23
29548,19.94
29550,19.656
29551,19.378
29552,19.104
29553,18.836
29555,18.572
29556,18.314
29557,18.06
29558,17.811
29559,17.567
29560,17.327
29561,17.091
29562,16.86
29566,16.632
29567,16.409
29613,2.947
29614,2.914
29616,2.881
29617,2.848
29619,2.816
29620,2.785
29621,2.754
29622,2.723
29623,2.693
29624,2.663
29625,2.634
29626,2.605
29627,2.577
29628,2.549
29629,2.521
29637,21.446
29638,21.133
29639,20.826
29640,20.525
29641,20.23
29643,19.656
29644,19.378
29645,19.104
29647,18.836
29648,18.572
29650,18.314
29651,18.06
29652,17.811
29654,17.567
29656,17.091
29657,16.86
29658,16.632
29659,16.409
29660,17.327
29661,19.94
30031,5.474
30032,5.57
30033,5.669
30034,5.787
30035,5.892
30036,6.016
30037,6.144
30040,8.748
30041,8.903
30042,9.089
30043,9.252
30044,9.448
30046,9.856
30661,4.013
30663,4.013
30666,4.007
30682,3.963
30685,3.949
30686,3.942
30691,3.912
30780,4.886
30782,4.886
30783,4.886
30785,4.886
30786,4.886
30787,4.886
30788,4.886
30789,4.886
30790,4.886
30791,4.504
30792,4.504
30793,4.689
30794,4.504
30813,4.261
30847,3.949
30848,3.919
30934,6.832
30935,6.692
30936,6.559
30937,6.43
30938,6.306
30939,6.187
30943,6.073
30944,5.962
30946,5.84
30947,5.721
30951,5.496
30952,5.391
30968,6.505
30969,6.498
30970,6.482
30971,6.46
30972,6.434
30973,6.405
30974,6.374
30975,6.342
30976,6.309
30978,6.231
30979,5.606
30980,5.289
30981,5.191
30982,5.097
30985,6.273
30997,5.559
30998,5.552
31000,5.52
31001,5.497
31002,5.473
31003,5.446
31004,5.417
31005,5.384
31006,5.35
31007,5.315
31025,5.539
31032,3.999
31034,3.994
31040,3.976
31050,4.261
31051,4.26
31052,4.26
31053,4.26
31056,4.258
31057,4.255
31058,4.253
31059,4.251
31060,4.245
31061,4.23
31062,4.227
31063,4.224
31064,4.22
31065,4.213
31066,4.206
31067,4.199
31068,4.206
31069,4.192
31070,4.206
31071,4.184
31072,4.176
31073,4.168
31074,4.16
31075,4.152
31096,4.275
31097,4.252
31098,4.218
31133,3.977
31134,3.908
31135,4.437
31136,4.344
31137,4.253
31138,4.165
31139,4.092
31140,4.008
31141,3.938
31142,3.87
31143,4.492
31144,4.398
31145,4.306
31146,4.217
31147,4.143
31148,4.058
31149,3.987
31150,4.143
31231,4.008
31232,3.918
31233,3.977
31234,3.908
31235,3.977
31236,4.27
31237,4.008
31238,4.257
31239,4.008
31251,10.039
31252,10.03
31253,10.022
31254,10.009
31255,10.001
31256,9.993
31257,9.982
31258,9.966
31259,9.954
31260,9.946
31261,9.929
31262,9.921
31263,9.906
31264,9.896
31265,9.881
31266,9.867
31267,9.85
31268,9.835
31269,9.827
31270,9.81
31271,9.791
31272,9.78
31273,9.76
31274,9.744
31275,9.727
31276,9.711
31277,9.692
31278,9.674
31279,9.659
31280,9.634
31281,4.253
31282,4.165
31284,4.227
31285,4.255
31286,3.836
31287,3.904
31288,3.973
31289,4.056
31290,4.129
31291,4.216
31292,4.306
31358,3.987
31359,4.058
31360,4.143
31361,4.217
31363,4.398
31365,3.824
31366,3.892
31367,3.961
31368,3.918
31369,3.824
31371,4.116
31372,4.203
31375,3.87
31376,3.87
31377,3.938
31378,4.008
31379,4.092
31380,4.165
31381,4.253
31382,4.344
31384,3.959
31385,4.029
31386,4.101
31387,4.186
31388,4.262
31389,4.352
31413,4.444
31414,4.54
31433,5.36
31435,13.742
31436,4.895
31437,6.565
31438,12.624
31440,6.706
31441,5.001
31442,12.853
31443,13.395
31444,7.02
31445,5.236
31446,12.2
31447,12.218
31448,6.926
31449,5.477
31451,5.013
31452,7.589
31453,5.466
31455,6.471
31457,4.014
31458,4.014
31459,4.011
31460,4.009
31461,4.005
31462,4.002
31463,3.997
31464,3.991
31465,3.988
31466,3.985
31467,3.982
31468,3.979
31469,3.956
31473,3.934
31474,3.927
31475,3.904
31476,3.927
31479,5.962
31480,7.092
31482,12.029
31483,9.527
31484,7.109
31486,3.969
31508,10.915
31509,6.193
31510,5.367
31511,10.385
31512,5.79
31513,9.087
31514,8.775
31515,13.289
31516,13.243
31517,6.193
31518,4.895
31519,6.565
31521,6.471
31522,5.013
31524,4.895
31525,6.565
31526,6.193
31527,5.367
31528,5.79
31554,4.895
31555,6.565
31556,6.471
31557,5.013
31558,6.193
31559,5.367
31560,5.79
31561,4.895
31563,4.895
31564,5.013
31565,5.367
31566,5.79
31567,6.193
31568,6.471
31569,6.565
31609,4.454
31610,4.532
31611,4.613
31612,4.709
31613,4.794
31614,4.895
31615,4.999
31622,6.316
31625,6.705
31629,4.561
31630,4.642
31631,4.724
31632,4.823
31633,4.91
31634,5.013
31655,4.884
31656,4.883
31657,4.883
31659,4.881
31660,4.88
31661,4.878
31662,4.879
31663,4.882
31664,4.884
31665,4.878
31666,4.877
31667,4.876
31668,4.613
31765,2.092
31766,2.067
31767,2.048
31768,2.03
31769,2.006
31771,1.988
31772,1.971
31773,1.953
31775,6.382
31776,6.305
31778,6.305
31779,6.193
31780,6.12
31781,6.065
31782,5.958
31783,4.69
31785,4.592
31786,4.551
31787,4.497
31788,4.457
31789,4.418
31790,4.551
31791,4.592
31792,4.69
31793,6.193
31794,4.882
31807,4.294
31808,4.293
31826,14.267
31827,12.058
31828,9.766
31829,7.383
31831,10.618
31833,14.565
31834,14.849
31835,15.151
31836,8.605
31837,15.409
31844,10.412
31845,12.793
31926,4.294
31948,10.592
31949,9.69
31950,12.86
31951,13.698
31954,12.597
31955,11.349
31956,10.014
31957,14.188
31958,14.594
32034,2.833
32053,6.639
32054,6.639
32055,6.44
32056,6.344
32057,6.156
32058,5.976
32059,6.065
32060,5.803
32061,5.888
32062,5.719
32063,5.636
32064,5.555
32065,5.476
32066,5.398
32067,5.555
32068,5.803
32069,1.988
32070,1.959
32071,1.93
32072,1.902
32073,1.875
32074,1.848
32075,1.821
32076,1.902
32077,1.769
32078,1.795
32079,1.769
32080,1.959
32081,6.065
32082,5.976
32083,6.156
32087,7.977
32091,13.784
32093,1.744
32094,1.72
32095,1.696
32096,1.672
32097,1.649
32098,1.626
32100,1.696
32137,12.431
32139,7.388
32143,14.995
32145,14.558
32156,3.919
32168,2.833
32326,13.967
32327,8.515
32328,6.367
32330,12.228
32331,11.54
32333,12.656
32335,9.948
32345,6.877
32349,9.634
32353,4.286
32354,3.982
32361,7.405
32363,10.676
32364,11.327
32606,11.765
32607,11.765
32608,7.198
32609,6.171
32610,6.172
32906,4.888
32907,6.559
32908,6.331
33141,6.559
33142,6.331
33143,4.888
33789,4.602
33790,4.519
33791,14.234
33828,3.323
33834,4.193
33835,4.583
33836,4.583
33837,5.267
33838,11.455
33841,5.02
33843,4.865
33844,14.43
33845,3.247
33846,4.495
33847,4.555
33848,4.198
33849,4.555
33850,5.081
33960,5.011
33961,5.008
33962,5
33963,5.208
33965,4.928
33966,4.907
33967,4.907
33968,4.957
33969,4.909
33989,1.794
33990,2.005
34481,3.881
34482,3.832
34793,4.044
34794,4.293
34862,4.576
34863,4.542
34872,11.706
34873,11.467
34874,11.017
34875,10.806
34876,10.602
34877,10.405
34878,10.216
34892,5.727
34893,5.621
34894,5.519
34925,11.017
34928,10.703
34956,4.509
34957,4.476
34958,4.443
34959,4.411
34960,4.38
34961,4.349
34962,4.476
34963,4.318
34964,4.288
34965,4.258
34966,4.229
34967,4.2
34968,4.171
34969,4.143
34970,11.467
34971,11.351
34972,11.238
34973,4.115
34974,4.088
34975,4.061
34976,4.034
34977,4.061
34978,4.088
34979,4.008
34980,3.982
34981,3.956
34982,4.008
34983,4.115
34985,3.906
34986,3.881
34987,3.856
34988,3.906
34989,4.115
34990,4.008
34991,3.956
35002,11.467
35003,11.126
35004,11.017
35005,10.91
35006,10.806
35007,10.703
35028,6.195
35029,6.132
35030,6.071
35031,6.011
35032,6.071
35033,5.952
35034,5.894
35035,5.837
35036,5.782
35048,11.467
35072,12.68
35073,12.552
35074,12.426
35075,12.303
35076,12.183
35077,12.064
35078,11.948
35079,11.834
35094,6.453
35096,6.387
35097,6.324
35098,6.261
35099,6.2
35100,6.139
35101,6.08
35102,6.022
35103,5.016
35104,4.965
35105,4.916
35106,4.867
35107,4.819
35108,4.773
35109,4.727
35110,4.682
35111,11.236
35112,11.122
35113,11.236
35114,11.011
35115,10.902
35117,10.69
35118,10.588
35119,10.487
35120,10.795
35152,6.288
35153,6.282
35154,6.267
35155,6.248
35156,6.227
35157,6.204
35169,6.18
35170,6.157
35171,6.134
35172,6.111
35173,6.086
35174,6.18
35175,4.893
35176,4.888
35177,4.893
35183,4.877
35184,4.863
35185,4.847
35186,4.83
35187,4.812
35188,4.794
35189,4.775
35190,4.756
35191,4.737
35224,12.552
35225,12.489
35226,12.426
35227,12.364
35228,12.303
35229,12.243
35230,12.183
35231,12.123
35235,11.252
35236,11.195
35237,11.139
35238,11.084
35239,11.029
35240,10.975
35241,10.921
35242,10.868
35243,11.029
35244,11.252
35247,6.127
35248,6.096
35249,6.066
35250,6.036
35251,6.006
35252,5.976
35253,5.947
35254,5.918
35266,11.128
35267,11.125
35268,11.118
35269,11.109
35270,11.101
35271,11.091
35272,11.082
35273,11.073
35274,11.063
35275,11.054
35276,11.044
35456,6.063
35457,6.061
35458,6.058
35459,6.053
35460,6.049
35461,6.044
35462,6.039
35463,6.034
35464,6.029
35466,6.019
35467,6.044
35468,6.049
35791,6.024
35792,4.576
35793,4.542
35794,4.509
35795,4.476
35796,4.443
35797,4.411
35798,4.38
35825,4.349
35826,4.318
35827,4.288
35828,4.258
35833,4.229
35834,13.472
35835,12.024
35846,12.024
35854,13.586
35856,11.443
35860,11.443
35875,11.443
36139,4.115
36141,4.061
36142,4.034
36143,4.008
36144,3.982
36145,3.956
36446,12.672
36447,12.544
36448,12.419
36449,12.296
36450,12.175
36452,12.057
36453,11.828
36455,11.941
36562,3.931
36563,3.906
36564,3.881
36565,3.856
36566,3.832
36567,3.808
36568,3.785
36569,3.808
36570,3.832
36573,3.762
36588,6.705
36593,10.215
36597,9.246
36598,6.431
36599,6.103
36600,6.467
36601,7.874
36604,11.684
36605,10.991
36606,12.257
36608,10.927
36609,12.839
36612,13.57
36614,9.625
36616,13.811
36618,12.725
36619,9.525
36620,9.23
36625,12.285
36626,10.462
36627,13.375
36628,11.535
36632,13.387
36634,7.391
36636,10.668
36637,10.651
36895,6.389
37086,4.83
37089,4.822
37095,4.806
37098,4.794
37406,4.79
37407,3.994
37408,3.364
37409,4.739
37410,3.994
37412,3.328
37416,7.228
37418,4.842
37420,3.401
37422,4.842
37424,4.842
37426,7.228
37429,3.328
38045,10.711
38046,10.609
38047,10.509
38048,10.411
38069,5.833
38071,5.723
38072,5.669
38073,5.617
38074,5.565
38075,5.514
38076,5.966
38077,5.91
38078,5.855
38079,5.801
38081,5.966
38092,5.777
38093,5.749
38094,4.637
38095,4.594
38096,4.552
38097,4.51
38098,4.469
38099,4.429
38100,4.585
38101,4.539
38102,4.494
38103,4.449
38104,4.406
38105,4.363
38106,4.321
38107,4.28
38108,4.449
38116,10.314
38117,10.22
38118,10.127
38119,10.036
38120,9.946
38121,9.858
38122,9.771
38181,3.997
38182,4.287
38183,4.412
38185,4.07
38186,4.107
38187,4.3
38188,4.138
38189,4.214
38190,4.138
38191,4.138
38200,3.577
38203,3.645
38358,3.202
38359,3.202
38360,3.202
38361,3.202
38797,4.609
38798,4.515
38800,4.338
38801,4.254
38802,4.174
38803,4.097
38804,4.338
38805,4.609
38854,4.513
38855,4.419
38856,4.326
38857,4.237
38858,4.162
38859,4.077
38860,4.006
38861,3.936
38862,4.077
38942,4.7
38943,4.601
38944,4.506
38945,4.601
38946,4.7
38947,4.412
38948,4.334
38949,4.246
38950,4.172
38951,4.099
38952,4.172
38953,4.246
38954,4.412
39157,3.978
39158,3.517
39217,4.679
39221,9.794
39223,6.865
39224,5.783
39225,10.414
39226,5.344
39228,5.777
39267,3.992
39268,3.907
39307,4.694
39357,3.81
39358,3.66
39372,4.126
39373,4.183
39374,4.128
39375,4.183
39410,5.076
39457,11.208
39458,10.964
39459,10.731
39460,10.508
39461,10.293
39462,10.087
39463,9.889
39464,9.699
39465,3.215
39481,14.012
39482,13.274
39483,12.611
39484,12.01
39485,11.464
39486,10.966
39487,10.509
39488,10.088
39489,9.7
39490,9.794
39491,9.339
39492,3.354
39494,6.389
39495,6.214
39496,6.034
39497,5.861
39498,5.306
39500,5.493
39501,5.675
39525,5.002
39526,4.288
39563,5.065
39564,4.959
39565,4.855
39566,4.755
39567,4.575
39568,4.495
39569,4.288
39570,4.495
39578,11.499
39579,10.939
39581,9.805
39582,9.23
39583,8.674
39605,4.631
39606,4.23
39607,4.52
39608,5.082
39609,4.451
39611,13.597
39612,12.924
39613,12.257
39614,11.583
39615,10.867
39617,10.193
39618,9.513
39619,8.819
39641,5.784
39642,6.371
39643,6.175
39644,5.888
39645,6.467
39646,6.281
39647,6.08
39648,5.978
39672,8.851
39673,8.071
39674,8.465
39675,4.255
39676,5.348
39677,4.034
39678,6.064
39810,12.197
39811,11.77
39812,11.338
39813,10.907
39814,10.462
39815,10.011
39816,9.434
39817,5.88
39948,13.86
39949,13.437
39950,13.024
39951,12.614
39952,12.218
39953,11.81
39964,11.393
39965,10.985
