1328,238.53
c_6967,405.52
c_6966,433.17
c_6961,266.8
c_6960,364.04
c_6959,361.78
c_6958,364.05
c_6957,358.97
c_6956,376.26
c_6955,375.72
c_6954,277.31
c_6953,369.87
c_6952,369.9
c_6951,383.32
c_6950,378.08
c_6949,381.41
c_6948,318.71
c_6947,325.82
c_6946,357.46
c_6945,336.55
c_6944,335.97
c_6943,352.16
c_6942,357.46
c_6941,359.48
c_6940,355.14
c_6939,336.49
c_6461,376.64
c_6457,366
c_6456,376.71
c_6455,376.65
c_6454,352.42
c_6453,353.2
c_6452,353.08
c_6451,370.34
c_6450,365.49
c_6449,373.4
c_6448,350.03
c_6447,351.71
c_6446,276.01
c_6445,365.7
c_6444,364.59
c_6443,365.62
c_6442,343.17
c_6441,341.68
c_6440,341.48
c_6439,359.06
c_6438,369.96
c_6437,370.23
c_6422,371.67
c_6420,336.08
c_6419,386.05
c_6418,381.04
c_6417,315.77
c_6416,318.78
c_6415,405.51
c_6414,405.74
c_6413,323.52
c_6412,324.05
c_6411,350.35
c_6410,340.87
c_6409,375.08
c_6408,375.68
c_6407,375.77
c_6406,332.08
c_6405,333.63
c_6404,369.38
c_6403,369.46
c_6402,387.86
c_6401,387.16
c_6400,336.66
c_6399,371.34
c_6398,363.27
c_6397,363.87
c_6396,353.17
c_6395,355.46
c_6394,354.11
c_6393,357.18
c_6392,315.6
c_6391,314.46
c_6390,317.85
c_6389,348.17
c_6388,347.02
c_6387,347.08
c_6386,332.29
c_6385,339.73
c_6384,340.27
c_6383,333.6
c_6382,365.43
c_6381,366.44
c_6380,365.72
c_6379,387.78
c_6378,334.86
c_6377,352.68
c_6376,353.54
c_6375,323.27
c_6374,322.81
c_6373,368.91
c_6372,376.3
c_6371,372.39
c_6370,376.77
c_6369,369.74
c_6368,382.86
c_6367,363.67
c_6366,323.14
c_6365,352.87
c_6364,351.19
c_6363,383.63
c_6362,289.72
c_6361,321.26
c_6358,323.73
c_6357,347.19
c_6356,346.47
c_6355,276.52
c_6354,313.8
c_6353,344.96
c_6352,343.05
c_6351,301.68
c_6350,300.38
c_6349,338.48
c_6348,338.29
c_6347,385.22
c_6346,397.16
c_6345,397.07
c_6344,375.64
c_6343,346.48
c_6342,342.22
c_6341,323.3
c_6340,368.78
c_6339,370.61
c_6338,366.94
c_6337,353.98
c_6336,353.68
c_6335,353.67
c_6334,370.16
c_6333,350.08
c_6332,350.01
c_6331,350.38
c_6330,376.62
c_33273,364.87
c_33272,289.09
c_33271,293.85
c_33270,358.58
c_33269,359.1
c_33268,358.52
c_33267,333.28
c_33266,332.14
c_33265,279.71
c_33264,280.95
c_33263,335.39
c_33262,334.22
c_33261,334.08
c_33258,318.51
c_33257,367.05
c_33256,367.67
c_33255,367.64
c_33254,353.63
c_33253,335.25
c_33252,322.6
c_33251,397.41
c_33250,359.08
c_33249,326.62
c_33248,325.95
c_33247,359.34
c_33246,358.99
c_33245,358.79
c_33244,318.97
c_33243,318.53
c_33242,351.86
c_33241,352.12
c_33240,352.78
c_33239,375.98
c_33238,376.41
c_33237,376.94
c_33236,385.28
c_33234,385.44
c_33233,368.22
c_33232,368.52
c_33231,369.24
c_33229,417.13
c_33228,385.46
c_33227,382.09
c_33226,382.66
c_33225,384.35
c_33224,361.67
c_33223,361.83
c_33222,361.99
c_33221,380.13
c_33220,379.75
c_33216,378.34
c_33215,388.18
c_33214,387.19
c_33213,389.24
c_33212,374.85
c_33211,359.62
c_33210,359.66
c_33209,359.69
c_33208,388.5
c_33207,368.85
c_33133,385.68
39965,308.41
39964,311.34
39953,313.71
39952,315.42
39951,315.72
39950,317.59
39949,319.9
39948,322.5
39817,258.17
39816,249.56
39815,238.81
39814,239.52
39813,239.51
39812,239.63
39811,240.37
39810,241.32
39678,237.6
39677,202.68
39676,186.35
39675,140.18
39674,186.48
39673,179.03
39672,209.43
39648,224.87
39647,224.97
39646,224.23
39645,223.13
39644,226.64
39643,224.78
39642,223.31
39641,228.72
39619,232.53
39618,246.2
39617,258.79
39615,270.12
39614,284.43
39613,294.22
39612,303.84
39611,315.05
39609,206.83
39608,188.61
39607,218.65
39606,181.33
39605,207.35
39583,198.76
39582,203.88
39581,210.56
39579,223.51
39578,227.96
39570,128.81
39569,98.28
39568,128.81
39567,139.92
39566,157.88
39565,172.67
39564,187.95
39563,206.85
39526,98.41
39525,184.61
39501,198.77
39500,194.45
39498,188.19
39497,204.91
39496,208.17
39495,213.47
39494,217.86
39492,257.03
39491,240.97
39490,257.23
39489,63.15
39488,81.66
39487,103.37
39486,128.97
39485,159.07
39484,195.88
39483,239.88
39482,293.91
39481,358.8
39465,134.63
39464,63.54
39463,71.86
39462,81.47
39461,91.87
39460,103.11
39459,115.32
39458,128.65
39457,143.31
39410,268.42
39375,57.7
39374,134.41
39373,57.7
39372,47.64
39358,61.67
39357,83.24
39307,258.16
39268,76.49
39267,91.54
39228,227.42
39226,277.01
39225,299.83
39224,234.25
39223,293.1
39221,257.23
39217,256.4
39158,39.8
39157,100.99
38954,158.09
38953,133.84
38952,123.57
38951,114.01
38950,123.57
38949,133.84
38948,146.47
38947,158.09
38946,204.3
38945,187.85
38944,172.56
38943,187.85
38942,204.3
38862,119.17
38861,102.5
38860,110.05
38859,119.17
38858,131.25
38857,141.71
38856,155
38855,169.2
38854,184.73
38805,194.73
38804,153.04
38803,118.69
38802,128.93
38801,140.27
38800,153.04
38798,179.37
38797,194.73
38361,194.27
38360,193.64
38359,195.17
38358,195.4
38203,68.81
38200,70.34
38191,133.72
38190,133.72
38189,143.54
38188,133.72
38187,149.18
38186,139.16
38185,133.36
38183,160.61
38182,163.09
38181,142.26
38122,144.31
38121,150.38
38120,156.71
38119,163.26
38118,170.01
38117,176.99
38116,184.31
38108,241.4
38107,206.09
38106,212.22
38105,227.4
38104,232.66
38103,241.4
38102,251.63
38101,261.23
38100,271.78
38099,159.45
38098,165.86
38097,172.58
38096,179.73
38095,186.5
38094,194.01
38093,169.14
38092,195.15
38081,199.59
38079,176.91
38078,184.41
38077,192.58
38076,199.59
38075,159.66
38074,166.25
38073,173.18
38072,180.27
38071,187.5
38069,203.28
38048,191.7
38047,199.51
38046,207.62
38045,215.95
37429,53.58
37426,798.29
37424,220.57
37422,220.57
37420,33.51
37418,220.57
37416,798.29
37412,53.58
37410,111.29
37409,246.91
37408,42.61
37407,111.29
37406,231.52
37098,151.93
37095,153.71
37089,156.02
37086,157.44
36895,218.1
36637,265.53
36636,234.19
36634,244.29
36632,270.07
36628,221.83
36627,276.92
36626,238.62
36625,242.59
36620,203.38
36619,230.92
36618,245.97
36616,308.33
36614,163.82
36612,286.2
36609,314.29
36608,295.99
36606,294.79
36605,311.99
36604,290.1
36601,240.38
36600,222.2
36599,183.25
36598,225.39
36597,257.98
36593,272
36588,231.77
36573,81.59
36570,89.87
36569,86.74
36568,84.36
36567,86.74
36566,89.87
36565,93.07
36564,95.94
36563,100.52
36562,101.42
36455,257.75
36453,247.27
36452,268.69
36450,281.36
36449,292.12
36448,303.58
36447,316.05
36446,329.66
36145,104.48
36144,107.57
36143,112.07
36142,114.96
36141,118.79
36139,125.24
35875,236.68
35860,236.68
35856,236.68
35854,321.27
35846,252.45
35835,252.45
35834,282.06
35833,141.78
35828,145.76
35827,149.41
35826,154.27
35825,159.75
35798,165.18
35797,169.63
35796,173.03
35795,179.65
35794,184.42
35793,190.08
35792,196.56
35791,231.58
35468,235.4
35467,234.47
35466,231.02
35464,232.48
35463,233.2
35462,233.85
35461,234.47
35460,235.4
35459,236
35458,236.61
35457,237.24
35456,237.52
35276,244.48
35275,245.33
35274,246.16
35273,246.99
35272,247.82
35271,248.61
35270,249.44
35269,250.26
35268,250.99
35267,251.64
35266,251.93
35254,215.69
35253,220
35252,224.38
35251,228.89
35250,233.46
35249,238.2
35248,242.54
35247,247.55
35244,263.24
35243,243.24
35242,229.09
35241,233.67
35240,238.53
35239,243.24
35238,248.01
35237,252.97
35236,258.03
35235,263.24
35231,274.92
35230,280.78
35229,286.59
35228,292.87
35227,298.79
35226,304.81
35225,311.51
35224,317.05
35191,212.06
35190,215.33
35189,218.88
35188,222.44
35187,225.68
35186,229.14
35185,232.54
35184,235.42
35183,238.06
35177,241.81
35176,240.75
35175,241.81
35174,229.81
35173,217.06
35172,220.12
35171,223.16
35170,226.75
35169,229.81
35157,233.73
35156,236.74
35155,239.82
35154,243.53
35153,245.41
35152,246.46
35120,276.44
35119,244.21
35118,254.53
35117,265.59
35115,287.97
35114,299.84
35113,324.74
35112,311.74
35111,324.74
35110,201.69
35109,209.87
35108,218.6
35107,227.03
35106,236.2
35105,245.4
35104,255.4
35103,265.92
35102,207.79
35101,216.6
35100,224.35
35099,232.97
35098,241.63
35097,251.65
35096,260.92
35094,271.98
35079,247.97
35078,258.24
35077,269.5
35076,280.79
35075,292.9
35074,304.81
35073,317.04
35072,329.59
35048,282.94
35036,195.88
35035,203.96
35034,212.32
35033,220.84
35032,238.09
35031,228.51
35030,238.09
35029,248.26
35028,257.66
35007,214.78
35006,223.53
35005,232.97
35004,242.22
35003,251.37
35002,282.94
34991,110.26
34990,118.06
34989,131.31
34988,103.02
34987,95.38
34986,101.26
34985,103.02
34983,131.31
34982,118.06
34981,110.26
34980,112.84
34979,118.06
34978,127.41
34977,124.46
34976,120.18
34975,124.46
34974,127.41
34973,131.31
34972,261.05
34971,272.18
34970,282.94
34969,135.76
34968,140.27
34967,144.15
34966,148.73
34965,153.25
34964,158.2
34963,162.38
34962,186.88
34961,166.96
34960,171.62
34959,176.36
34958,181.2
34957,186.88
34956,189.96
34928,215.02
34925,242.28
34894,160.13
34893,173.26
34892,188.44
34878,176.39
34877,191.3
34876,206.54
34875,223.8
34874,242.28
34873,282.94
34872,305.71
34863,194.47
34862,201.86
34794,167.53
34793,131.48
34482,95.08
34481,101.15
33990,87.47
33989,143.91
33969,169.56
33968,163.65
33967,182.33
33966,182.33
33965,189.11
33963,191.03
33962,172.46
33961,171.63
33960,170.62
33850,152.79
33849,167.48
33848,157.8
33847,167.48
33846,135.57
33845,99.23
33844,304.38
33843,169.67
33841,168.31
33838,190.43
33837,126.08
33836,160.74
33835,160.32
33834,168.24
33828,116.75
33791,316.94
33790,157.78
33789,184.86
33143,250.23
33142,328.32
33141,220.71
32908,328.32
32907,220.71
32906,250.23
32610,308.44
32609,177.97
32608,248.74
32607,218.71
32606,218.71
32364,318.79
32363,273.69
32361,262.75
32354,130.89
32353,152.78
32349,293.87
32345,233.58
32335,323.92
32333,315.01
32331,248.79
32330,228.17
32328,210.6
32327,331.84
32326,316.19
32168,94.4
32156,89.59
32145,322.06
32143,357.49
32139,244.9
32137,302.09
32100,103.41
32098,97.97
32097,99.71
32096,101.58
32095,103.41
32094,105.06
32093,106.81
32091,293.82
32087,289.27
32083,169.3
32082,155.76
32081,151.91
32080,124.12
32079,108.93
32078,110.77
32077,108.93
32076,120.58
32075,113.03
32074,115.46
32073,116.07
32072,120.58
32071,121.7
32070,124.12
32069,126.96
32068,137.49
32067,112.49
32066,97.33
32065,104.7
32064,112.49
32063,120.7
32062,129.07
32061,146.56
32060,137.49
32059,151.91
32058,155.76
32057,169.3
32056,197.46
32055,208.06
32054,220.96
32053,220.96
32034,87.95
31958,333.41
31957,312.79
31956,330.82
31955,316.43
31954,303.15
31951,272.47
31950,233.27
31949,296.52
31948,255.02
31926,161.77
31845,312.8
31844,257.69
31837,385.27
31836,347.84
31835,356.39
31834,341.61
31833,334.17
31831,304.27
31829,268.36
31828,288.14
31827,307.26
31826,324.82
31808,161.86
31807,161.77
31794,247.2
31793,181.06
31792,120.6
31791,111.63
31790,107.98
31789,96.75
31788,99.99
31787,103.46
31786,107.98
31785,111.63
31783,120.6
31782,153.87
31781,151.91
31780,154.42
31779,181.06
31778,193.3
31776,193.3
31775,201.53
31773,123.6
31772,125.24
31771,126.96
31769,128.62
31768,131.27
31767,132.44
31766,134.15
31765,138.49
31668,198.04
31667,247.02
31666,246.74
31665,247.23
31664,248.13
31663,247.2
31662,247.09
31661,247.23
31660,247.5
31659,247.49
31657,247.94
31656,248.05
31655,248.13
31634,246.28
31633,226.11
31632,209.82
31631,192.36
31630,177.57
31629,164.25
31625,242.36
31622,189.96
31615,272.54
31614,250.73
31613,229.29
31612,215.21
31611,198.04
31610,183.69
31609,168.7
31569,222.81
31568,222.75
31567,223.74
31566,229.1
31565,237.77
31564,246.61
31563,250.78
31561,250.74
31560,229.1
31559,237.77
31558,223.74
31557,246.61
31556,222.75
31555,222.81
31554,250.78
31528,229.3
31527,237.97
31526,223.41
31525,222.76
31524,247.75
31522,244.49
31521,223.14
31519,220.61
31518,271.4
31517,223.13
31516,267.33
31515,270.01
31514,253.91
31513,240.16
31512,229.54
31511,259.22
31510,238.06
31509,223.13
31508,239.45
31486,94.43
31484,245.88
31483,230.96
31482,264.69
31480,249.77
31479,262.52
31476,89.94
31475,87.26
31474,89.94
31473,91.25
31469,93.75
31468,96.38
31467,96.1
31466,96.3
31465,96.74
31464,97.04
31463,97.71
31462,98.42
31461,98.61
31460,99.16
31459,99.4
31458,99.8
31457,99.78
31455,222.21
31453,247.46
31452,249.83
31451,243.62
31449,262.03
31448,222.75
31447,239.68
31446,238.56
31445,265.19
31444,240.74
31443,260.03
31442,247.25
31441,280.59
31440,229.35
31438,240.62
31437,221.15
31436,262.11
31435,274
31433,227.86
31414,196.28
31413,181.36
31389,167.18
31388,153.8
31387,142.23
31386,130.27
31385,119.82
31384,111.35
31382,170.96
31381,156.39
31380,142.85
31379,131.51
31378,120.07
31377,110.36
31376,101.36
31375,101.36
31372,154.23
31371,141.41
31369,102.44
31368,104.34
31367,120.1
31366,111.26
31365,102.44
31363,172.6
31361,145.26
31360,134.87
31359,123.03
31358,113.5
31292,164.21
31291,151.44
31290,139.18
31289,129.15
31288,117.16
31287,107.98
31286,99.76
31285,148.25
31284,144.17
31282,142.92
31281,158.05
31280,216.43
31279,219
31278,220.52
31277,222.36
31276,224.37
31275,226.07
31274,227.78
31273,229.51
31272,231.56
31271,232.67
31270,234.74
31269,236.5
31268,237.31
31267,238.93
31266,240.72
31265,242.19
31264,243.84
31263,244.83
31262,246.49
31261,247.33
31260,249.18
31259,250.02
31258,251.37
31257,253.07
31256,254.27
31255,255.14
31254,256
31253,257.36
31252,258.23
31251,259.27
31239,122.99
31238,156
31237,122.99
31236,158.28
31235,112.24
31234,101.62
31233,112.24
31232,104.3
31231,122.99
31150,134.25
31149,113.42
31148,122.66
31147,134.25
31146,145.09
31145,160.7
31144,172.35
31143,187.35
31142,101.75
31141,111.92
31140,122.36
31139,134.43
31138,142.92
31137,155.25
31136,169.36
31135,184.93
31134,101.62
31133,111.07
31098,136.29
31097,141.13
31096,144.27
31075,133.31
31074,134.43
31073,135.53
31072,136.56
31071,137.74
31070,141.24
31069,139.25
31068,141.24
31067,140.32
31066,141.24
31065,142.25
31064,143.24
31063,143.69
31062,144.17
31061,144.68
31060,146.81
31059,147.52
31058,147.89
31057,148.25
31056,148.54
31053,148.8
31052,148.85
31051,148.98
31050,149
31040,95.31
31034,97.37
31032,98.05
31025,253.92
31007,211.05
31006,218.39
31005,224.64
31004,230.65
31003,234.97
31002,239.2
31001,244.69
31000,247.55
30998,257.32
30997,258.86
30985,223.08
30982,172.53
30981,188
30980,206.41
30979,268.03
30978,215.53
30976,228.94
30975,233.19
30974,239.1
30973,244.74
30972,250.45
30971,255.77
30970,260.29
30969,263.11
30968,265.08
30952,225.78
30951,245.18
30947,292.93
30946,318.25
30944,174.83
30943,191.15
30939,210.38
30938,228.78
30937,249.62
30936,271.45
30935,294.64
30934,322.73
30848,89.59
30847,92.85
30813,149
30794,103.1
30793,170.1
30792,102.59
30791,102.65
30790,249.53
30789,249.53
30788,249.53
30787,249.53
30786,249.53
30785,249.53
30783,249.53
30782,249.53
30780,249.53
30691,88.11
30686,92.14
30685,92.96
30682,94.6
30666,98.91
30663,99.68
30661,99.7
30046,303.17
30044,254.98
30043,232.92
30042,215.42
30041,194.66
30040,175.27
30037,260.66
30036,238.44
30035,218.12
30034,202.14
30033,184.51
30032,169.24
30031,154.66
29661,383.95
29660,207.19
29659,156.81
29658,168.27
29657,180.37
29656,192.69
29654,220.54
29652,232.75
29651,247.22
29650,262.63
29648,279.38
29647,298.46
29645,318.18
29644,340.01
29643,361.06
29641,404.66
29640,423.97
29639,442.46
29638,461.47
29637,481.73
29629,53.79
29628,56.97
29627,60.27
29626,63.73
29625,67.33
29624,71.1
29623,75.02
29622,79.07
29621,83.27
29620,87.64
29619,92.16
29617,96.83
29616,101.66
29614,106.65
29613,111.8
29567,158.21
29566,167.86
29562,180.26
29561,193.25
29560,206.96
29559,221.29
29558,236.35
29557,251.96
29556,268.1
29555,284.78
29553,301.84
29552,319.36
29551,337.53
29550,356.58
29548,376.6
29547,398
29546,420.87
29544,445.57
29543,472.04
29542,499.62
29540,53.79
29532,53.79
29531,56.97
29530,60.27
29529,63.73
29528,67.33
29527,71.1
29526,75.02
29525,79.07
29524,83.27
29523,87.64
29522,92.16
29521,96.83
29520,101.66
29519,106.65
29518,111.8
29517,77.93
29516,80.15
29514,340.01
29504,306
29503,281.77
29502,258.51
29501,236.88
29500,219.86
29499,199.04
29498,181.69
29497,166.95
29495,313.1
29494,287.31
29492,263.51
29491,241.6
29490,223.99
29489,204.31
29488,188.89
29487,173.88
29481,337.7
29480,309.75
29479,285.33
29478,259.58
29477,222.01
29476,217.79
29475,201.63
29474,185.5
29471,249.58
29470,230.45
29469,212.38
29467,195.5
29466,181.74
29465,166.63
29464,154.31
29463,142.69
29461,459.69
29460,421.19
29459,385.3
29458,351.73
29457,326.79
29455,297.45
29454,273.17
29453,250.58
29449,296.33
29448,269.82
29447,247.81
29446,222.73
29439,372.27
29438,341.57
29436,312.47
29435,284.96
29434,262.91
29433,239.94
29432,219.84
29431,201.92
29428,311.58
29427,285.12
29426,259.95
29425,239.65
29421,264.37
29420,238.47
29419,213.28
29418,189.21
29417,170.91
29416,148.76
29414,134.37
29413,143.34
29284,65.51
29283,70.87
29282,76.24
29281,81.41
29280,92.41
29279,99.89
29278,105.44
29277,110.7
29276,116.03
29275,121.06
29273,126.01
29272,130.8
29271,134.86
29270,138.9
29269,143.43
29268,147.44
29267,151.4
29266,155.13
29264,159.03
29263,162.39
29262,165.78
29261,169.66
29260,172.42
29259,176.3
29258,178.95
29257,181.69
29256,184.97
29255,187.83
29254,190.23
29253,192.07
29222,222.88
29221,182.37
29220,100.84
29218,76.62
29217,90.17
29216,83.78
29214,97.84
29213,104.62
29212,117.54
29211,129.58
29210,139.06
29209,149.18
29208,160.09
29207,170.96
29206,194.35
29204,247.77
29201,206.66
29200,236.53
29199,262.96
29198,278.98
29148,182.29
29098,190.44
29048,136.57
29046,172.84
29044,136.86
29043,84.97
27605,101.68
27604,111.45
27603,122.71
27602,136
27601,147.72
27600,161.58
27599,177.37
27598,193.44
27595,96.23
27594,104.2
27593,112.72
27592,123.88
27591,133.36
27590,145.41
27589,158.72
27588,172.71
27585,119.74
27584,133.76
27583,144.99
27582,159.78
27581,175.19
27580,190.9
27577,103.29
27576,113.68
27575,123.73
27574,136.8
27573,149.14
27572,163.6
27571,178.84
27570,195.67
27569,90.87
27568,109.35
27567,119.74
27566,128.77
27565,139.55
27564,152.26
27563,165.84
27562,97.36
27561,105.28
27559,114.43
27558,125.6
27557,135.77
27556,148.37
27555,162.08
27554,176.7
27553,108.27
27552,119.33
27551,131.8
27550,145.92
27548,157.79
27547,172.64
27546,189.86
27545,207.07
27544,114.16
27543,124.53
27542,136.02
27541,146.65
27540,157.83
27539,170.36
27538,187.87
27537,203.83
27536,116.79
27535,126.35
27534,165.4
27533,182.01
27532,198.1
27531,216.87
27442,92.68
27440,109.46
27439,119.65
27438,128.88
27437,140.28
27436,152.67
27435,166.97
27434,96.7
27433,107.23
27432,115.85
27431,126.27
27430,136.13
27429,148.56
27428,161.64
27427,177.02
27426,96.71
27425,105.08
27424,114.05
27423,124
27422,133.25
27421,144.98
27420,157.19
27419,171.16
27415,125.26
27414,139.17
27413,151.35
27412,166.75
27411,181.95
27410,198.56
27408,102.1
27407,112.16
27406,123.07
27405,135.94
27404,147.73
27402,161.51
27401,177.45
27400,192.28
27399,106.87
27398,118.11
27397,129.11
27396,143.19
27395,156.22
27394,171.55
27393,189.17
27392,205.82
27391,120.01
27390,129.23
27389,139.27
27388,151.95
27387,162.62
27385,192.33
27384,209.37
27382,114.27
27381,124.49
27380,137.19
27379,148.95
27378,162.72
27377,178.34
27376,193.77
27375,212.71
27373,116.25
27372,126.88
27371,133.83
27370,147.87
27369,158.78
27368,173.25
27367,191.73
27366,206.46
27264,112.8
27262,124.65
27261,137.08
27260,152.79
27258,166.29
27257,183.99
27255,217.68
27254,103.51
27253,113.4
27252,123.16
27251,135.68
27250,145.4
27249,159.17
27248,175.11
27246,102.65
27245,93.21
27244,107.19
27243,137.88
27242,146.35
27240,173.7
27239,189.1
27238,112.35
27236,138.37
27235,158.94
27233,188.7
27232,204.86
27231,225.22
27228,113.98
27227,124.57
27226,139.38
27225,153.67
27223,168.09
27222,180.55
27221,198.14
27220,215.56
27216,109.4
27215,118.48
27214,129
27213,141.49
27212,148.48
27211,165.87
27210,193.16
27209,196.63
27207,91.68
27205,99.56
27203,107.41
27201,117.14
27200,125.71
27199,137.15
27198,148.84
27197,162.2
27192,100.34
27191,109.05
27190,118.1
27189,128.86
27188,139.08
27187,152.66
27185,166.6
27184,181.34
27183,99.46
27182,109.05
27181,118.78
27180,130.06
27179,140.47
27178,153.23
27177,166.86
27176,182.09
27142,248.82
27141,248.3
26962,247.6
26961,232.11
26926,187.46
26925,188.04
26924,188.62
26923,189.19
26922,189.85
26921,190.55
26920,191.13
26919,191.59
26918,192.09
26917,192.38
26916,192.52
26491,98.1
26490,94.62
26489,97.16
26488,112.54
26485,110.43
26483,109.27
26482,107.57
26475,28.41
26474,30.5
26473,31.62
26472,32.81
26471,32.84
26470,31.97
26469,34.11
26468,38.59
26467,43.61
26457,79.47
26456,79.47
26455,79.47
26454,79.47
26453,79.47
26452,79.47
26451,79.47
26450,79.47
26449,79.47
26439,39.68
26438,43.29
26437,46.41
26436,49.27
26435,52.09
26417,12.13
26400,16.48
26398,11.66
26396,12.04
26394,12.28
26393,12.59
26392,12.79
26391,13.05
26389,13.37
26388,13.76
26386,14.28
26385,14.61
26383,15.15
26382,15.72
26380,17.24
26379,18.2
26377,20.59
26375,24.01
26374,9.29
26373,28.64
26372,16.66
26370,24.94
26369,32.9
26368,41.73
26367,51.05
26366,57.86
26365,63.15
26364,68.48
26363,69.83
26322,254.42
26321,258.09
26320,261.77
26319,265.46
26318,269.15
26317,272.77
26316,276.43
26315,280.05
26314,283.63
26313,287.19
26312,290.73
26311,294.21
26310,297.63
26309,300.82
26308,303.22
26289,89.92
26288,94.56
26286,99.06
26284,103.66
26283,107.78
26282,111.59
26280,115.57
26279,119.38
26278,123.15
26277,126.83
26276,130.41
26275,134.07
26274,137.41
26273,140.98
26272,147.93
26271,154.74
26270,161.26
26269,167.7
26268,169.39
26267,180.09
26266,185.6
26265,189.22
26236,242.07
26235,250.13
26234,244.72
26233,246.77
26231,252.17
26230,243.51
26229,249
26122,108.13
26121,117.43
26120,105.59
26119,114.69
26115,111.71
26114,108.87
26113,105.86
25941,54.89
25940,56.29
25939,57.69
25937,59.13
25936,60.61
25934,61.91
25932,63.72
25931,66.33
25930,68.01
25929,69.23
25928,70.65
25927,72.44
25925,74.24
25924,76.12
25923,78.04
25906,70.37
25905,72.14
25904,75.72
25903,73.88
25901,77.56
25900,79.47
25899,81.3
25898,83.27
25849,266.77
25847,269.82
25846,268.68
25845,283.59
25844,269.5
25843,266.3
25842,266.77
25841,265.94
25840,287
25839,279.01
25838,279.25
25837,277.81
25836,277.79
25835,277.11
25834,276.26
25833,274.15
25832,275.42
25831,283.59
25830,274.92
25450,252.53
25449,256.27
25448,259.92
25447,263.61
25446,267.32
25444,270.96
25443,274.6
25441,278.25
25440,281.84
25439,285.42
25437,288.96
25435,292.49
25434,295.96
25433,299.26
25432,302.21
25431,303.73
25413,144.45
25411,151.29
25410,158.07
25409,164.48
25408,170.83
25407,177.05
25406,183.03
25405,187.72
25404,189.95
25393,60.79
25392,64.56
25391,68.08
25389,70.65
25388,74.19
25387,77.89
25386,81.64
25385,85.6
25373,133.97
25372,144.53
25370,156.14
25369,167.99
25368,180.59
25367,193.94
25366,212.97
25365,228.06
25352,116.2
25351,128.87
25350,142.69
25349,158.17
25347,175.2
25346,193.88
25345,213.87
25344,235.88
25334,198.09
25333,216.63
25332,236.59
25331,257.88
25330,280.97
25329,306.66
25328,332.81
25327,361.97
25326,46.88
25325,52.42
25324,57.91
25323,64.56
25321,70.65
25320,77.89
25319,85.6
25318,93.87
25317,77.89
25262,251.97
25261,255.49
25260,256.55
25259,257.67
25258,259.79
25256,253.27
25255,254.36
25251,258.84
25249,260.7
25248,261.21
25247,261.44
25246,255.2
25245,246.94
25244,247.79
25243,248.96
25241,249.91
25240,250.7
25239,251.83
25238,252.68
25237,253.47
25236,254.21
25235,255.24
25233,232.99
25232,233.9
25187,225.91
25186,226.81
25185,227.64
25184,228.7
25182,229.51
25181,229.85
25180,231.41
25179,232.31
25177,233.61
25160,258.6
25159,217.05
25158,197.26
25157,232.59
25156,248.29
25155,254.76
25154,274.9
25153,299.77
25152,326.79
25151,356.81
25150,116.85
25149,145.13
25147,158.18
25146,161.92
25145,194.7
25143,176.24
25142,216.7
25141,238.55
25132,94.81
25099,77.46
25098,193.16
25097,307.92
25096,77.46
25084,155.69
25083,183.31
25082,195.82
25081,200.99
25080,217.08
25078,237.24
25076,281.74
25075,175.14
25074,204.6
25072,223.02
25070,241.67
25069,264
25068,288.09
25067,314.47
25065,168.14
25064,197.81
25063,211.27
25061,217.04
25060,234.65
25059,256.31
25058,280.01
25057,305.51
25001,231.88
25000,228.32
24999,220.22
24998,222.64
24997,228.32
24996,224
24995,226.94
24994,225.42
24993,226.94
24992,228.32
24991,229.68
24990,230.87
24989,231.88
24988,232.71
24987,233.2
24986,237.74
24985,239.71
24984,241.57
24983,243.39
24982,245.21
24981,247
24980,248.73
24979,250.51
24978,252.07
24977,253.35
24976,253.95
24939,240.86
24938,243.08
24937,245.83
24936,248.3
24935,250.66
24934,252.91
24933,255.13
24932,257.12
24931,258.71
24930,259.88
24929,260.31
24906,240.77
24905,243.24
24904,246.02
24903,248.52
24902,250.98
24901,253.01
24894,260.06
24892,235.74
24889,155.02
24887,168.84
24886,184.13
24885,200.37
24884,218.05
24883,236.95
24882,257.59
24881,280.06
24870,167.47
24869,182.63
24868,199.05
24867,216.68
24865,256.23
24864,278.44
24863,302.64
24850,175.71
24849,190.81
24848,206.49
24847,224.05
24846,243.61
24845,264.62
24844,287.42
24843,311.21
24831,313.48
24830,276.8
24829,250.01
24828,194.19
24827,385.49
24826,374.65
24825,347.08
24820,159.67
24819,352.14
24818,366.55
24817,303.89
24816,308.6
24814,235.03
24812,258.1
24811,263.65
24810,275.19
24809,332.28
24665,167.19
24664,172.01
24663,176.59
24662,180.93
24661,185.03
24660,188.89
24659,192.71
24658,196.28
24657,199.8
24656,203.14
24655,206.3
24654,209.38
24653,212.3
24652,214.65
24651,216.61
24650,217.56
24631,183.51
24630,188.27
24629,192.8
24628,197.15
24627,201.34
24626,205.39
24625,209.31
24624,213.06
24623,216.74
24622,219.98
24621,223.62
24620,227.02
24619,230.15
24618,232.97
24617,235.27
24616,236.47
24595,170.39
24593,174.13
24592,185.17
24591,200.26
24590,201.12
24589,207.42
24587,211.66
24586,216.71
24557,220.07
24555,224.75
24554,228.45
24553,231.52
24552,233.92
24550,236.42
24549,238.62
24548,239.6
24525,286
24475,204.59
24474,146.89
24473,159.62
24472,173.48
24471,188.5
24469,221.58
24468,240.58
24467,263.61
24466,159.37
24465,173.19
24464,188.07
24463,204.03
24462,220.77
24461,239.73
24460,259.95
24459,281.75
24458,271.36
24457,255.62
24456,261.18
24455,267.74
24454,277.3
24453,255.62
24452,258.52
24451,264.83
24450,264.8
24449,271.36
24448,285.99
24447,163.68
24446,175.51
24445,198.9
24444,213.35
24443,229.3
24442,248.34
24441,271.08
24440,292.89
24283,237.05
24282,238.34
24281,239.64
24280,240.83
24279,241.99
24253,261.53
24252,267.81
24251,276.71
24250,255.49
24249,259.01
24248,265.96
24247,264.84
24246,271.93
24144,159.8
24143,159.58
24142,169.81
24141,170.62
24140,171.58
24139,176.11
24138,177.25
24137,177.5
24136,152.07
24135,151.71
24134,153.61
24132,130.05
24131,133.3
24130,128.43
24129,142.88
24128,143.52
24127,145.26
23980,243.14
23979,244.22
23978,245.28
23977,246.21
23976,246.93
23975,247.27
23882,259.45
23881,260.52
23880,261.57
23879,262.66
23878,263.74
23877,264.83
23849,268.82
23848,265.91
23847,266.99
23846,267.98
23845,269.22
23815,262.35
23814,263.6
23813,264.94
23812,266.37
23811,267.63
23806,268.89
23759,270.13
23758,271.26
23757,272.14
23756,272.8
23755,273.06
23405,229.49
23404,230.47
23403,235.03
23402,235.03
23401,212.41
23400,213.2
23399,217.5
23398,217.5
23393,254.99
23392,254.99
23391,242.07
23390,242.72
23379,339.99
23365,261.34
23363,277.24
23361,198.16
23360,326.04
23359,330.44
23358,335.88
23357,339.99
23356,202.31
23355,339.34
23354,332.21
23353,256.04
23352,255.64
23351,240
23350,240
23280,263.35
23278,367.2
23277,263.35
23181,247.49
23180,197.82
23179,250.36
23178,252.95
23177,210.64
23176,218.22
23175,235.5
23174,238.01
23172,252.12
23156,238.2
22967,355.69
22966,312.81
22965,237.23
22963,252.81
22961,312.81
22960,285.81
22959,367.2
22957,277.05
22955,281.12
22953,289.37
22951,333.64
22949,320.75
22948,326.39
22806,214.67
22805,255.06
22804,302.65
22758,232.13
22757,252.81
22756,264.07
22755,312.81
22754,237.23
22752,312.81
22751,285.81
22732,164.97
22731,180.24
22730,196.83
22728,234.03
22726,277.84
22724,178.08
22723,194.64
22722,212.61
22720,253.06
22719,275.82
22718,300.72
22717,327.39
22716,175.03
22715,192.99
22713,203.69
22712,225.72
22711,248.8
22710,271.16
22709,296.18
22708,322.82
22670,253.5
22669,253.5
22364,255.01
21965,296.53
21964,306.75
21963,328.31
21962,245.21
21961,262.31
21918,300.7
21914,312.89
21912,271.62
21911,282.39
21907,253.38
21903,265.07
21902,268.03
21891,267.57
21890,265.02
21889,265.59
21888,271.5
21879,314.35
21878,318.87
21877,324.91
21876,297.35
21875,303.21
21821,269.55
21802,317.31
21801,312.89
21800,307.71
21799,302.64
21798,298.24
21797,291.84
21796,287.75
21795,281.78
21794,315.54
21793,309.76
21792,303.03
21791,296.48
21790,290.82
21789,283.72
21788,277.18
21787,270.43
21786,322.5
21785,319.9
21784,317.59
21783,315.72
21782,315.42
21781,313.71
21780,311.34
21779,308.41
21778,319.66
21777,317.07
21776,307.72
21775,307.59
21774,306.79
21773,304.83
21772,302.23
21771,298.63
21770,230.97
21769,238.06
21768,240.59
21767,262.06
21766,255.01
21765,251.45
21764,266.85
21763,282.23
21762,237.18
21693,251.24
21692,272.07
21691,270.04
21690,277.19
21689,289.6
21688,241.84
21687,291.4
21686,304.2
21685,196.2
21675,250.85
21674,259.37
21673,259.47
21672,269.15
21671,275.08
21670,250.7
21643,253.79
21642,235.9
21639,239.26
21638,239.27
21636,241.88
21635,270.09
21634,265.6
21632,258.97
21629,247.96
21628,244.23
21627,277.37
21626,286.03
21624,260.42
21588,250.73
21586,250.81
21584,249.37
21583,269.59
21559,245.5
21556,208.89
21555,185.61
21550,264.64
21547,264.3
21545,234.51
21544,205.92
21543,189.56
21542,186.95
21500,253.09
21479,266.68
21471,247.09
21470,250.79
21469,255.86
21468,261.15
21466,271.21
21465,237.18
21464,276.61
21462,238.74
21461,231.07
21459,237.88
21458,237.18
21457,235.3
21456,234.23
21455,233.26
21454,232.34
21443,200.95
21442,204.25
21441,206.54
21440,210.07
21439,211.08
21438,214.6
21437,219.06
21436,221.87
21414,245.79
21412,262.21
21411,274.13
21410,284.69
21403,249.33
21402,286.97
21401,300.08
21400,192.13
21399,163.16
21398,238.69
21362,128.58
21361,201.48
21360,220.92
21359,267.71
21358,288.38
21357,338.88
21356,412.37
21355,484.84
21353,297.94
21352,308.91
21350,312.91
21349,307.21
21348,269.53
21347,307.02
21346,241.37
21345,292.22
21344,293.78
21343,292.22
21342,289.84
21341,298.37
21340,294.3
21339,241.37
21338,309.4
21234,159.22
21233,195.88
21232,159.22
21231,52.74
21230,110.61
21228,259.26
21227,217.3
21226,271.35
21225,142.5
21223,179.8
21222,163.02
21221,191.35
21220,236.32
21219,252.85
21218,236.32
21216,134.45
21215,274.51
21213,325.33
21212,297.29
21211,180.58
21210,286.21
21208,254.63
21206,274.63
21189,256.83
21183,245.92
21179,245.99
21178,261.92
21177,250.66
21176,264.69
21168,194.32
21167,246.62
21165,304.59
21163,359.34
21162,220.72
21161,301.09
21160,239.08
21159,323.37
21158,384.78
21157,347.95
21156,330.46
21155,331.91
21154,336.01
21153,267.54
21152,309.99
21151,169.29
21150,249.03
21149,228.62
21148,307.49
21147,314.18
21146,273.43
21145,256.94
21144,291.38
21143,338.7
21142,306.86
21140,232.39
21077,242.25
21076,251.62
21075,251.96
21074,261.5
21073,263.91
21071,245.69
21070,270.87
21069,277.67
21068,207.75
21067,176.12
21066,238.59
21065,244.65
21064,242.71
21063,249.14
21062,252.51
21061,242.13
21059,253.72
21058,257.77
21057,223.6
21056,201.19
21020,238.84
21019,238.68
21018,238.41
20977,181.88
20976,169.63
20975,128.87
20974,158.63
20973,171.17
20972,182.74
20971,180.67
20970,179.1
20969,167.67
20967,159.88
20966,163.26
20965,156.28
20964,172.08
20791,263.51
20784,162.9
20780,154.21
20779,181.4
20775,163.23
20752,276.78
20751,266.18
20742,127.88
20740,122.16
20641,159.52
20639,185.51
20638,184.25
20637,173.3
20636,182.1
20635,179.98
20633,164.41
20632,159.27
20630,168.73
20628,146.09
20482,284.53
20262,251.29
20261,238.55
20260,261.63
20259,261.68
20258,238.68
20247,241.37
20246,273.18
20245,281.79
20244,285.77
20102,244.82
20101,124.85
20099,244.83
20098,250.39
20096,305.43
20095,302.84
20094,332.88
20093,191.07
20092,219.5
20077,274.19
20076,275.26
20075,281.02
20074,289.82
20073,271.82
20072,272.83
20071,279.52
20070,284.22
20069,282.52
20068,288.44
20067,283.39
20066,283.19
20065,272.26
20064,286.61
20063,286.34
20062,283.6
20061,284.49
20060,283.6
20059,281.98
20058,283.47
20057,284.45
20056,282.25
20055,286.77
20054,285.56
20053,281.85
20052,282.25
20051,239.73
20050,239.72
20013,210.35
20012,230.54
20011,277.97
19970,147.04
19969,167.5
19968,196.47
19967,155.22
19966,151.04
19965,139.56
19937,212.1
19936,217.63
19935,202.05
19934,265.41
19933,210.78
19932,277.64
19931,206.4
19930,212.02
19929,213.9
19928,211.34
19926,218.38
19925,209.82
19924,213.66
19923,277.91
19922,276.38
19921,277.94
19920,284.73
19919,209.38
19918,207.13
19917,280.21
19916,219.36
19594,224.96
19592,196.19
19587,230.89
19583,235.05
19580,228.08
19579,229.58
19576,236.06
19575,229.84
19573,230.25
19571,232.81
19570,221.26
19551,288.42
19546,237
19545,202.42
19456,241.2
19455,244.15
19454,247.17
19453,255.48
19452,256.24
19451,261.82
19450,268.91
19449,219.05
19447,186.11
19445,219.24
19442,191.82
19441,186.55
19408,173.25
19407,167.06
19406,169.58
19405,167.06
19404,169.44
19403,171.52
19402,169.44
19401,169.28
19400,168.15
19399,169.44
19398,173.25
19397,168.56
19396,176.01
19395,168.56
19394,171.97
19352,241.2
19351,244.15
19350,247.17
19349,255.48
19348,256.24
19347,261.82
19346,268.91
19345,219.05
19342,186.11
19341,203.33
19340,219.24
19018,234.8
18211,283.29
18210,288.86
18104,160.51
18101,164.73
18100,164.13
18099,164.32
18098,162.53
18097,162.94
18096,162.57
18095,156.71
18093,156.42
18068,236.51
18067,267.41
18065,279.14
18063,235
18062,298.32
18061,325.97
18060,184.51
18059,199.07
18058,223.57
18057,226.6
18055,240.31
18054,241.95
18053,225.53
18052,246.11
18051,254.58
18050,203.93
18040,280.41
18037,288.86
17764,155.27
17742,172.28
17741,188
17737,204.6
17728,283.95
17726,290.33
17725,248.74
17724,210.28
17723,270.31
17722,282.1
17721,252.35
17720,292.66
17719,282.77
17718,254.46
17717,276.16
17716,285.45
17714,256.61
17713,269.51
17712,276.05
17711,257.75
17710,223.36
17709,251.73
17700,153.39
17662,318.55
17661,241.28
17659,279.63
17658,297.34
17657,250.46
17654,252.25
17653,286.68
17652,283.95
17651,253.35
17650,285.22
17649,286.04
17646,235.89
17645,141.38
17644,125.53
17643,167.62
17642,168.04
17641,163.14
17640,176.46
17639,172.67
17638,168.17
17637,150.41
17635,161.7
17634,164.61
17633,172.55
17630,170.23
17629,170.85
17628,168.16
17627,157.89
17626,165.16
17625,202.46
17624,158.76
17621,180.85
17620,185.39
17619,191.28
17617,211.31
17615,197.06
17614,174.24
17613,178.46
17612,216.67
17611,194.31
17610,170.9
17609,199.98
17608,187.57
17607,186.69
17606,221.17
17605,192.72
17595,258.93
17593,243.13
17592,240.23
17547,235.5
17546,231.06
17545,226.75
17431,136.48
17430,137.12
17429,140.57
17428,150.84
17427,149.22
17426,157.46
17425,172.07
17424,172.36
17423,159.56
17422,164.55
17421,161.52
17420,163.58
17419,175.11
17418,175.4
17417,160.95
17416,202.57
17415,163.57
17414,163.44
17413,163.92
17412,194.5
17411,202.57
17410,142.16
17409,144.97
17408,148.1
17406,162.38
17405,165
17404,166.15
17403,168.9
17402,175.54
17401,184.01
17356,238
17250,188.92
17246,202.01
17220,201.88
17219,201.45
17218,282.51
17217,231.8
17215,270.53
17214,240.39
17213,239.97
17145,169.36
17144,169.7
17143,179.74
17142,170.82
17141,157.13
17127,178.32
17126,157.31
17125,158.42
17124,225.09
16985,167.92
16984,167.31
16983,162.79
16919,229.08
16918,223.86
16917,259.31
16915,231.01
16914,271.58
16913,191.03
16912,187.28
16889,238.82
16887,258.95
16886,324.49
16885,212.78
16884,212.35
16883,213.1
16882,212.76
16881,239.72
16880,222.87
16871,260.18
16870,324.6
16869,212.78
16868,212.34
16867,213.06
16866,212.75
16865,239.85
16864,222.6
16842,249.98
16841,327.14
16840,307.69
16839,249.98
16838,307.69
16837,327.14
16836,335.76
16835,300.88
16834,240.67
16832,145.06
16831,223.01
16830,302.69
16829,334.93
16827,324.57
16825,213.88
16824,103.37
16822,325.56
16816,123.84
16815,151.63
16814,123.84
16813,239.23
16812,212.77
16811,212.39
16810,213.07
16804,235.8
16803,237.94
16802,235.8
16801,212.41
16800,213.02
16799,212.76
16789,241.13
16788,242.09
16785,223.03
16784,223.77
16686,342.41
16684,316.25
16663,312.89
16662,298.92
16661,310.24
16660,294.34
16659,332.7
16657,323.41
16656,274.65
16654,313.67
16581,329.1
16580,310.65
16571,323.41
16438,155.37
16419,127.94
16418,147.22
16410,382.73
16408,250.75
16405,253.95
16404,250.98
16403,251.71
16402,254.11
16401,118.34
16400,254.11
16399,135.94
16398,154.59
16397,177.63
16396,254.11
16395,200.28
16394,254.11
16393,226.07
16392,254.11
16391,286.03
16390,319.78
16389,160.49
16388,116.86
16387,139.6
16386,160.49
16385,182.59
16384,206.57
16383,294.19
16382,232.94
16381,261.83
16380,294.19
16379,329.43
16378,254.06
16377,253.99
16376,235.04
16375,249.34
16374,250.39
16373,251.04
16372,242.4
16371,232.12
16370,249.13
16369,253.11
16368,256.11
16367,253.11
16364,251.28
16363,160.2
16361,228.4
16359,260.11
16358,262.24
16357,130.02
16356,148.42
16355,245.33
16354,167.37
16353,9.62
16352,217.11
16351,245.33
16350,275.9
16349,309.85
16348,347.61
16346,242.29
16344,247.27
16340,239.42
16339,245.6
16338,255.72
16337,260.79
16329,135.93
16327,155.41
16326,178.43
16325,201.44
16324,227.79
16323,322.93
16322,255.78
16321,288.02
16320,322.93
16319,361.34
16265,193.04
16264,201.7
16202,127.94
16201,147.22
16194,382.47
16168,328.05
16167,330.98
16166,333.82
16165,341.22
16164,335.6
16163,241.57
16162,242.14
16161,243.05
16160,243.56
16159,243.73
16127,190.79
16126,219.96
16124,190.59
16123,192.77
16122,191.91
16120,189.36
16118,207.95
16117,199.66
16114,223.73
16111,250.5
16110,248.25
16109,249.34
16108,250.5
16107,251.13
16106,251.12
16105,224.41
16104,223.63
16103,224.41
16102,225.18
16101,225.59
16100,225.74
16099,191.36
16097,7.83
16094,238.72
16092,244.46
16091,94.09
16090,306.08
16089,109.8
16088,182.21
16087,195.7
16086,258.05
16085,139.36
16081,235.42
16080,228.22
16079,120.79
16078,149.6
16077,220.35
16076,259.94
16056,157.17
16052,182.47
16051,178.64
16050,164.91
16049,169.64
16044,255.09
16043,188.07
16040,171.08
16038,169.12
16037,168.54
16036,169.65
16034,169.65
16010,237.73
16009,230.15
16008,222.53
15896,181.13
15895,191.38
15894,192.17
15891,255.49
15886,264.55
15882,293.73
15881,254.36
15880,391.18
15879,412.49
15878,129.24
15876,311.3
15875,303.92
15874,153.18
15872,385.28
15832,262.69
15831,291.17
15760,195.8
15747,207.81
15746,211.55
15745,215.09
15744,218.79
15743,222.53
15742,226.07
15741,230.15
15740,233.92
15739,237.73
15733,224.6
15732,228.8
15731,232.82
15729,264.91
15728,185.23
15727,190.37
15726,276.3
15725,229.37
15724,205.13
15723,271.42
15722,184.42
15721,188.74
15720,196.47
15719,185.23
15718,226.1
15717,264.91
15716,284.72
15715,229.72
15714,232.72
15713,217.84
15712,199.09
15711,232.72
15710,232.69
15709,199.56
15708,232.72
15707,226.8
15706,229.72
15705,252.15
15704,224.92
15703,252.15
15702,222.46
15701,226.64
15700,252.15
15699,248.7
15698,258.88
15697,252.15
15696,243.52
15695,258.67
15694,243.52
15691,253.69
15690,262.14
15687,252.28
15686,264.05
15684,210.35
15683,78.63
15682,34.5
15681,63.5
15680,74.03
15679,63.5
15678,71.45
15677,69.1
15676,67.19
15675,65.06
15674,63.5
15673,33.42
15672,56.68
15670,52.3
15669,50.87
15668,46.67
15664,177.7
15663,67.96
15662,177.7
15661,157.76
15660,88.19
15655,168
15654,237.04
15653,241.09
15649,155.9
15647,141.94
15646,258.98
15644,245.33
15643,249.62
15642,253.59
15641,257.95
15640,175.31
15639,201.5
15638,139.36
15637,145.21
15636,210.59
15635,143.41
15634,140.36
15615,247.61
15614,250.73
15612,258.16
15592,193.12
15540,278.4
15538,282.6
15537,287.26
15536,268.87
15535,243.68
15533,281.59
15530,185.29
15506,147.09
15504,124.08
15503,146.96
15502,141.8
15501,181.79
15500,195.31
15499,170.01
15498,173.04
15497,206.3
15496,147.42
15495,138.01
15494,147.42
15493,123.94
15492,135.92
15491,124.64
15489,132.92
15488,225.19
15487,262.05
15486,130.82
15485,136.64
15484,195.01
15483,136.64
15482,201.82
15481,163.15
15480,222.01
15479,220.04
15478,199.76
15477,179.59
15476,199.76
15475,196.75
15474,251.36
15473,134.86
15362,273.51
15359,282.46
15358,285.12
15357,237.64
15356,240.51
15355,242.26
15354,243.66
15353,245.06
15352,244.78
15351,247.07
15349,247.55
15348,249.41
15346,251.35
15344,252.94
15343,252.54
15341,255.02
15340,253.79
15339,254.58
15338,257.81
15337,260.91
15336,262.53
15335,262.27
15332,264.5
15331,264.56
15330,262.87
15329,263.32
15328,267.86
15327,269.01
15326,270.75
15325,269.98
15324,270.54
15323,267.35
15322,271.09
15286,148.38
15285,296.82
15284,148.38
15283,302.16
15282,272.81
15281,271.61
15280,279.4
15278,270.85
15277,256
15276,258.33
15275,242.28
15274,247.32
15273,255.1
15272,251.32
15271,254.89
15270,237.28
15269,238.46
15268,232.18
15267,233.6
15265,228.09
15264,244.89
15263,257.89
15262,256.18
15261,236.95
15260,212.27
15235,85.39
15234,61.46
15233,71.84
15232,87.92
15231,71.42
15230,62.11
15197,260.91
15196,262.53
15195,262.27
15194,260.91
15193,262.53
15192,262.27
15191,267.41
15190,255.74
15189,257.12
15188,258.3
15187,259.85
15186,260.85
15185,261.99
15184,263.36
15183,264.71
15182,265.89
15180,268.31
15179,269.46
15178,270.59
15177,271.83
15176,273.38
15175,274.55
15174,275.32
15173,276.62
15172,277.71
15171,278.72
15170,280.24
15169,281.66
15168,282.53
15167,283.88
15166,284.72
15165,285.67
15164,286.5
15163,287.19
15162,287.72
15161,288.28
15160,242.99
15159,244.82
15158,246.42
15157,247.95
15156,249.59
15155,251.18
15154,252.6
15153,253.94
15152,255.25
15150,256.7
15149,258.09
15148,259.38
15147,260.82
15146,262.19
15145,263.61
15144,264.65
15143,266
15142,267.31
15141,268.48
15140,269.5
15139,270.95
15138,272.05
15137,273.16
15136,274.4
15135,275.22
15134,276.37
15133,277.42
15131,278.18
15130,278.92
15129,279.55
15117,263.85
15116,264.54
15115,265.95
15114,267.28
15113,268.5
15112,269.99
15111,271.44
15110,272.78
15109,274.11
15108,275.55
15107,276.76
15106,278.18
15105,279.43
15104,280.51
15102,281.87
15101,283
15100,287.58
15099,285.41
15098,286.6
15097,290.88
15096,292.04
15095,293.13
15094,294
15093,295
15092,296.29
15091,297.26
15090,298.18
15089,298.88
15088,299.67
15087,299.93
14899,293.06
14896,272.24
14895,193.2
14582,157.69
14581,157.74
14556,157.79
14555,157.69
14553,186.09
14552,194.57
14551,203.03
14550,211.25
14548,219.83
14547,227.95
14546,236.32
14544,244.93
14543,253.9
14542,262.76
14541,271.8
14540,281.44
14539,291.15
14538,300.78
14537,310.69
14536,320.46
14535,331.27
14534,341.97
14533,353.03
14532,364.04
14531,173.34
14530,182.14
14529,190.94
14528,199.5
14526,208.85
14524,217.72
14522,226.87
14520,236.15
14519,244.97
14518,254.09
14517,263.3
14515,272.4
14514,282.07
14513,291.87
14512,301.78
14511,311.75
14510,321.96
14509,332.24
14508,342.93
14507,353.75
14506,167.6
14505,167.67
14504,79.57
14503,70.06
14502,92.87
14457,136.49
14456,136
14448,248.65
14447,193.38
14446,136.47
14444,135.98
14400,248.45
14397,262.21
14348,248.53
14342,191.35
14299,210.39
14298,207
14297,210.39
14296,214.13
14295,217.63
14294,221.32
14293,225.39
14285,115.87
14277,229.53
14266,232.96
14265,237.13
14264,241.02
14263,249.08
14262,244.86
14261,249.08
14247,234.45
14246,225.64
14245,234.45
14244,229.69
14243,234.45
14241,237.85
14239,142.46
14238,219.94
14237,225.21
14236,242.45
14235,246.89
14234,251.22
14233,255.78
14232,261.39
14231,265.25
14230,270.09
14229,274.98
14228,232.82
14227,220.53
14174,200.85
14173,204.17
14172,207.81
14171,211.55
14149,230.15
14148,233.92
14147,237.73
14146,241.66
14017,228.39
14016,239.66
14015,191.47
14014,228.41
14013,194.52
14012,178.11
14011,215.21
14010,257.53
14009,208.66
14008,242.88
14006,181.19
14005,260.09
14003,185.44
14002,222.45
14000,229.2
13998,250.38
13997,265.49
13996,241.56
13991,177.66
13316,265.22
13315,248.5
13313,192.57
13312,191.88
12543,223.23
12542,253.41
12541,223.23
12189,311.88
12188,319.27
12174,304.6
12173,191.55
12171,191.43
12170,189.18
12169,193.24
12168,192.3
12167,191.88
12166,192.71
12165,199.47
12163,262.37
12162,279.51
12161,282.76
12160,274.23
12159,256.28
12158,276.54
12157,277.96
12156,278.18
12155,289.48
12154,294.38
12153,293.73
12152,291.5
12151,292.91
12150,291.51
12149,292.14
12148,291.51
12147,290.79
12146,290.15
12145,290.15
12144,288.72
12143,287.99
12142,308.55
12141,308.16
12140,307.37
12139,306.57
12138,305.3
12137,303.94
12136,303.94
12135,303.22
12134,302.54
12133,301.85
12132,301.15
12131,300.59
12130,299.89
12129,299.21
12128,298.5
12127,297.81
12126,297.15
12125,296.44
12124,295.75
12123,295.06
12122,315.62
12121,316.39
12120,314.93
12119,314.23
12118,313.51
12117,312.79
12116,311.99
12115,311.3
12114,310.6
12113,309.93
12112,309.26
12111,308.52
12110,307.81
12109,307.1
12108,306.39
12107,305.69
12106,305.02
12105,304.31
12104,303.61
12103,302.91
12102,302.23
12101,301.53
12100,300.83
12099,300.11
12098,299.41
12097,298.71
12096,298.02
12095,297.32
12094,296.59
12093,295.89
12091,296.36
12090,296.17
12089,295.66
12088,295.19
12087,293.89
12086,293.37
12085,292.03
12084,290.73
12083,289.44
12081,288.26
12079,287.39
12078,283.62
12077,285.86
12075,284.84
12072,281.75
12071,280.77
12070,280.1
12069,278.96
12068,277.37
12067,276.53
12066,274.86
12065,273.86
12064,272.25
12063,271.44
12062,269.89
12061,268.86
12060,267.48
12059,266.67
12058,265.76
12057,264.41
12056,266.43
12054,276.12
12053,282.8
12051,270.85
12050,158.58
12049,166.83
12048,302.24
12046,136.25
12045,123.17
12044,213.22
12043,215.73
12042,282.56
12041,203.31
12040,202.62
12039,303.19
12038,169.53
12037,224.51
12036,313.82
12035,202.97
12034,213.2
12033,207.36
12032,291.05
12031,292.95
12030,302.67
12029,326.57
12028,251.35
12027,243.96
12026,302.44
12025,278
12024,269.98
12022,301.96
12021,292.34
12020,292.8
12019,291.23
12018,301.96
12017,289.19
12016,286.73
12015,291.95
12014,296.26
12013,305.68
12012,309.28
12011,312.7
12010,316.38
12009,327.3
12008,323.64
12007,327.3
12006,331.03
12005,303.78
12004,296.9
12003,303.78
12002,300.34
12001,303.78
11999,314.33
11998,307.27
11997,314.33
11996,321.43
11995,317.87
11994,321.43
11992,288.61
11991,292.26
11990,295.29
11989,298.5
11988,305.35
11987,309.19
11986,312.47
11985,191.83
11984,192.04
11982,207.05
11979,192.36
11978,192.28
11975,298.72
11974,312.7
11973,327.3
11972,342.3
11971,290.17
11970,317.87
11969,303.78
11968,317.87
11967,332.45
11966,281.91
11965,295.23
11964,308.89
11963,322.66
11962,194.82
11961,191.47
11960,194.27
11959,189.59
11958,190.25
11955,241.25
11952,211.18
11951,228.68
11950,220.46
11949,237.78
11920,205.28
11919,194.18
11918,262.32
11917,223.64
11915,188.03
11914,206.71
11896,189.87
11895,195.1
11894,181.09
11893,191.05
11892,189.33
11891,257.42
11889,189.39
11888,256.78
11885,190.17
11884,193.97
11883,183.09
11882,198.56
11881,240.49
11880,255.55
11879,194.69
11878,251.88
11877,191.52
11876,192.62
11875,192.71
11874,193.62
11873,222.88
11872,221.43
11871,216.83
11870,223.09
11869,223.83
11845,194.49
11843,227.78
11842,225.28
11841,217.99
11840,188.64
11837,206.56
11836,222.51
11835,212
11834,217.92
11830,215.73
11829,221.69
11828,219.56
11826,197.78
11823,190.65
11822,193.77
11821,188.12
11817,189.24
11816,193.23
11815,192.76
11813,193.82
11812,193.94
11810,253.27
11808,253.92
11807,253.6
11806,252.94
11805,251.27
11801,221.76
11773,344.36
11752,226.35
11751,237.95
11750,249.54
11749,262.43
11748,275.68
11747,289.13
11746,315.9
11745,329.53
11744,462.46
11743,358.23
11742,231.26
11741,244.11
11740,270.18
11739,256.92
11738,270.18
11737,283.61
11736,325.1
11735,297.02
11734,325.1
11733,340.16
11732,354.92
11731,369.9
11730,239.85
11729,252.26
11728,291.75
11727,265.09
11726,291.75
11725,278.21
11724,291.75
11723,305.68
11722,334.72
11721,349.92
11720,365.38
11719,381.27
11462,270.84
11461,277.53
11460,253.63
11459,282.51
11458,290.18
11457,271.28
11372,186.83
11371,226.36
11275,169.84
11273,222.87
11272,251.55
11271,244.31
11268,257.04
11267,264.76
11264,257.13
11261,239.49
11260,202.35
11256,143.55
11253,276.32
11252,279.54
11247,263.45
11246,251.54
11243,227.16
11242,281.1
11239,294.58
11238,273.41
11236,267.76
11235,265.12
11234,278.77
11231,310.01
11230,283.29
11225,247.98
11211,203.69
11210,172.21
11209,203.69
11208,268.09
11207,289.55
11206,214.1
11205,278
11204,293.77
11203,291.03
11202,281.96
11201,293.3
11200,250.67
11199,293.84
11198,262.64
11197,244.91
11196,308.2
11195,280.35
11194,288.92
11193,269.61
11192,293.52
11191,285.64
11190,285.18
11187,294.44
11185,236.31
11184,172.16
11183,285.64
9458,197.06
9457,192.96
9456,189.82
9455,242
9454,245.02
9453,238.08
9451,202.29
9450,211.51
9449,202.29
9448,242.57
9447,242.57
9446,249.4
9445,221.6
9443,236.88
9442,256.56
9438,228.31
9436,265.05
9435,269.52
9434,265.59
9433,265.05
9432,224.76
9431,265.05
9430,229.5
9429,238.08
9427,245.02
9426,242
9425,255.76
9424,242
9422,278.25
9421,204.89
9420,215.32
9207,138.51
9205,215.66
9204,251.57
9203,262.58
9202,251.66
9201,177.73
9200,224.42
9199,194.29
9198,229.2
9197,204.69
9196,681.8
9195,197.67
9194,254.69
9193,197.84
9192,228.33
9190,227.97
9189,229.96
9188,226.73
9187,306.48
9186,267.19
9185,240.06
9184,215.33
9183,191.38
9182,234.25
9179,243.5
9178,300.58
9177,262.25
9176,254
9175,215.54
9174,232.95
9172,210.2
9171,355.86
9170,226.51
9158,253.16
9138,290.48
9071,228.31
9070,236.68
9068,236.68
9067,232.79
9066,251.48
9065,247.79
9064,246.24
9063,247.64
9062,242.01
9061,245.33
9060,255.78
9059,226.07
9058,249.4
9040,244.43
9039,240.9
9038,243.9
9037,243.02
9036,226.9
8429,215.99
8427,158.63
8425,190.99
8424,143.74
8423,179.45
8422,177.7
8421,153.38
8420,188.12
8419,138.51
8418,197.88
8417,175.09
8416,125.32
8415,188.73
8414,174.45
8413,135.66
8408,274.71
8164,299.91
8163,299.78
7904,187.75
7899,172.95
7898,306.21
7897,325.05
7894,248.35
7893,247.77
7892,242.87
7870,221.86
7869,245.35
7817,294.94
7816,320.69
7815,325.28
7814,384.94
7813,239.36
7812,300.66
7811,221.73
7810,304.07
7809,245.62
7800,198.44
7799,195.34
7797,197.61
7704,191.47
7703,282.23
7702,271.47
7701,247.61
7699,160.21
7698,167.79
7697,180.1
7696,185.65
7695,215.97
7694,215.95
7687,208.12
7686,185.69
7685,250.22
7684,205.43
7683,173.05
7682,169.55
7681,198.68
7680,204.14
7679,160.46
7678,167.63
7677,157.11
7676,154.82
7675,109.19
7674,133.96
7673,172.49
7608,248.75
7605,286.92
7568,202.31
7567,196.75
7566,275.04
7565,286.92
7547,242.51
7546,303.98
7545,213.55
7544,302.43
7541,260.04
7540,212.28
7535,274.84
7534,281.03
7533,205.48
7532,286.4
7529,262.02
7528,283.07
7526,293.82
7525,202.5
7523,283.93
7522,265.92
7521,288.75
7520,276.98
7519,280.27
7518,299.98
7517,242.79
7516,207.27
7515,276.22
7514,197.43
7513,276.41
7512,227.44
7511,226.2
7510,229.51
7509,236.65
7482,240.37
7477,268.99
7475,209.45
7474,189.15
7473,152.77
7472,182.3
7471,198.17
7469,198.5
7468,171.57
7467,103.38
7466,127.95
7465,137.43
7464,44.91
7462,102.96
7461,124.58
7460,67.85
7459,74.4
7455,183.4
7454,198.5
7453,183.4
7452,268.88
7451,249.3
7450,271.66
7448,277.67
7439,251.72
7438,289.42
7437,258.52
7436,262.98
7435,256.16
7434,262.07
7433,276.37
7432,260.12
7431,257.95
7430,257.82
7429,268.1
7428,271.32
7427,238.72
7426,223.5
7425,159.54
7424,182.37
7423,171.24
7422,160.61
7421,183.94
7420,171.42
7419,135.99
7259,135.39
6784,233.15
6782,242.76
6781,244.43
6780,228.21
6779,242.91
6778,248.61
6777,269.91
6776,270.72
6766,254.4
6765,262.34
6734,272.97
6733,260.78
6732,272.97
6731,223
6730,272.97
6729,267.09
6728,241.56
6727,247.71
6726,284.55
6725,291.22
6724,284.55
6723,278.76
6722,245.14
6721,250.31
6720,258.63
6719,265.47
6718,260.78
6717,272.32
6716,280.32
6715,300.93
6714,294.76
6713,287.22
6712,256.15
6711,266.53
6710,273.24
6299,113.86
6298,113.07
6297,112.63
6296,113.07
6294,254.32
6289,110.59
6284,109.95
6274,108.9
6259,108.85
6258,109.14
6257,117.83
6256,125.25
6255,110.03
6254,117
6253,109.52
6252,117
6251,124.11
6250,110.03
6249,108.5
6217,105.12
6212,168.88
6171,133.12
6160,249.24
6154,385.01
6147,385.53
6146,210.02
6139,208.53
6137,385.7
6135,118.94
6134,125.19
6133,134.75
6124,183.77
6120,146.23
6119,145.11
6118,261.52
6115,111.72
6114,254.16
6113,248.99
6112,243.02
6111,193.03
6110,184.6
6109,179.71
6108,208.85
6106,197.69
6105,240.69
6103,113.24
6101,112.17
6100,112.16
6099,112.25
6098,258.23
6096,224.43
6093,78.97
6089,113.06
6087,242.22
6086,192.89
6085,184.42
6084,100.23
6080,194.79
6079,221.26
6078,148.72
6077,169.27
6075,148.72
6074,221.88
6073,194.57
6072,194.1
6071,177.29
6070,168.56
6069,184.68
6065,111.77
6064,108.08
6063,170.33
6062,278.62
6055,171.67
6053,176.65
6052,154.1
6051,171.49
6050,228.04
6049,250.2
6047,125.8
6046,271.85
6045,173.76
6030,252.4
6028,403.86
6023,402.33
6010,238.44
6008,403.8
6007,249.97
6005,247.13
6004,250.61
6002,247.99
5999,224.71
5997,123.2
5996,173.93
5995,107.18
5988,114.59
5987,221.67
5986,118.44
5985,153.98
5984,142.35
5983,264.17
5982,251.47
5981,127.35
5973,129.1
5972,184.35
5971,207.45
5970,237.37
5969,248.86
5968,200.95
5967,161.95
5966,149.35
5965,132.5
5964,254.96
5963,193.2
5962,151.08
5937,107.1
5935,130.17
5934,117.26
5933,104.37
5932,110.04
5931,108.07
5930,111.74
5919,106.52
5918,111.76
5917,135.99
5916,126.92
5915,118.2
5914,113.49
5913,132.8
5912,117.86
5910,184.6
5909,112.9
5907,134.93
5906,119.19
5905,215.13
5897,158.64
5896,161.4
5895,123.53
5894,172.74
5893,137.57
5850,188.05
5849,192.62
5848,201.46
5847,203.04
5846,107.47
5845,226.13
5826,188.47
5825,141.65
5824,162.02
5823,143.52
5822,205.75
5821,149.19
5801,143.52
5800,153.05
5799,45.25
5798,150.84
5717,69.96
5716,78.05
5715,62.18
5714,64.34
5713,71.95
5658,246.9
5656,330.01
5655,330.79
5644,285.56
5638,259.86
5637,277.5
5635,194.04
5634,224.93
5633,233.62
5632,237.35
5627,205.48
5626,215.82
5625,224.58
5624,230.58
5619,174.87
5618,187.53
5617,216.76
5616,223.44
5615,231.47
5609,223.44
5608,229.83
5607,231.47
5604,239.94
5602,200.04
5601,190.63
5600,226.85
5599,233.83
5594,178.51
5592,116.23
5582,194.84
5581,191.32
5580,229.83
5579,234.03
5578,247.31
5577,268.76
5576,282.51
5568,124.19
5567,159.1
5566,182.7
5565,203.52
5542,184.39
5520,339.61
5519,339.7
5518,338.02
5516,326.72
5515,324.03
5514,324.16
5511,274.16
5510,276.52
5509,310.52
5508,311.67
5507,308.42
5506,311.39
5505,303.87
5504,303.58
5503,302.12
5502,301.38
5501,273.61
5500,270.28
5499,275.12
5498,296.56
5497,295.63
5496,295.57
5495,294.98
5494,291.67
5493,291.82
5491,290.4
5488,271.83
5429,269.21
5428,268.03
5427,264.02
5379,263.97
5377,269.49
5376,268.51
5374,246.61
5373,303.24
5372,261.37
5371,280.82
5370,302.16
5369,246.61
5359,246.28
5339,171.18
5337,166.73
5336,181.99
5335,174.78
5334,162.67
5333,232.34
5302,194.72
5301,250.52
5300,257.09
5299,237.6
5298,204.5
5296,262.7
5295,261.51
5294,261.88
5293,260.94
5286,226.33
5285,203.17
5284,269.54
5283,330.95
5282,325.16
5281,271.18
5280,240.83
5279,307.2
5278,308.02
5277,257.83
5276,275.06
5275,292.06
5274,296.12
5273,306.09
5272,311.76
5271,315.19
5270,316.45
5269,280.05
5268,276.76
5267,256.22
5266,257.43
5265,261.78
5264,283.69
5263,303.2
5262,321.93
5261,308.33
5260,311.11
5259,281.19
5258,304.83
5257,262.32
5256,262.33
5255,256.76
5254,254.08
5253,251.42
5252,250
5251,225.97
5250,225.28
5249,216.16
5248,216.54
5247,215.63
5246,190.37
5245,225.43
5244,215.28
5243,189.96
5242,216.39
5240,255.2
5239,255.22
5238,253.67
5235,265.64
5234,266.72
5233,255.58
5232,256.32
5231,255.28
5230,266.54
5229,266.37
5228,266.49
5227,280.68
5226,280.08
5225,279.23
5224,214.86
5211,101.28
5210,134.43
5209,79.4
5208,180.36
5207,174.53
5206,236.61
5204,157.09
5203,242.96
5200,161.24
5199,210.58
5198,155.37
5197,94.59
5194,185.07
5193,165.3
5192,190.48
5190,144.67
5189,145.2
5186,128.4
5176,261.72
5175,252.31
5174,246.93
5173,215.88
5172,209.74
5171,216.47
5170,203.94
5169,200.43
5168,131.61
5167,159.76
5166,182.77
5164,213.3
5163,224.84
5162,247.45
5161,213.79
5160,135.58
5159,185.94
5158,243.99
5138,239.45
5137,244.96
5136,225.8
5135,189.88
5134,173.75
5133,214.65
5132,183.96
5131,189.43
5130,118.76
5129,171.9
5128,195.1
5127,223.28
5126,207.35
5125,202.3
5124,239.53
5123,209.25
5122,108.69
5120,302.07
5119,215.21
5118,202.79
5117,200.48
5116,192.04
5115,175.57
5114,218.89
5113,136.47
5112,169.51
5111,136.38
5110,188.91
5109,197.79
5108,209.22
5107,221.35
5106,201.78
5105,222.06
5104,181.5
5103,148.31
5101,222.99
5100,185.97
5099,248.57
5097,272.19
5096,280.85
5095,302.63
5094,210.79
5093,217.16
5092,174.45
5091,231.36
5090,136.99
5089,247.18
5088,269.31
5087,277.71
5086,260.21
5085,310.56
5084,327.1
5083,250.25
5082,228.78
5062,145.96
5060,149.46
5059,261.11
5058,286.17
5056,223.68
5055,188.99
5054,120.08
5053,237.04
5052,127.71
5051,234.91
5050,255.87
5049,274.64
5048,253.97
5047,299.21
5046,275.12
5045,74.45
5044,231.51
5043,210.3
5042,253.48
5041,171.47
5040,253.13
5039,272.63
5038,249.96
5037,230.57
5036,257.4
5035,217.63
5034,248.27
5033,135.9
5032,233.02
5031,247.7
5030,233.94
5029,245.3
5028,275.45
5027,266.87
5026,246.28
5025,225.06
5021,119.54
5017,230.29
5016,190.65
5015,140.12
5013,254.64
5012,254.28
5011,252.84
5010,194.73
5008,252.26
5001,194.61
4997,201.2
4996,202.94
4994,210.72
4993,226.67
4992,202.43
4990,190.7
4988,191.24
4987,187.37
4986,172.19
4985,189.69
4984,186.57
4983,184.07
4982,183.84
4981,192.44
4980,191.44
4979,190.33
4978,191.7
4977,191.39
4976,190.95
4975,189.08
4974,185.16
4972,199.2
4970,224.59
4969,220.15
4968,223.4
4967,208.02
4966,221.97
4965,219.41
4964,207.64
4963,173.58
4962,167.83
4961,190.37
4960,203.65
4959,215.86
4958,219.64
4957,224.88
4956,214.2
4955,188.56
4954,210.09
4953,189.83
4952,217.21
4951,219.33
4950,217.7
4949,214.05
4948,207.73
4947,215.54
4946,211.13
4945,207.49
4944,202.65
4943,198.22
4942,191.98
4941,213.25
4940,213.09
4939,214.65
4938,214.95
4937,215.13
4936,215.49
4935,212.27
4934,215.87
4933,198.05
4932,198.24
4931,194.91
4930,190.58
4929,179.7
4928,191.05
4927,178.06
4926,177.14
4925,161.94
4924,184.51
4923,191.8
4922,190.86
4921,175.65
4920,176.73
4919,186.86
4918,186.13
4917,186.16
4916,214.89
4915,258.22
4914,268.55
4913,275.4
4912,266.76
4911,241.43
4910,267.28
4909,256.64
4908,238.18
4907,199.84
4906,232.9
4905,240.67
4904,239.58
4903,236.07
4902,245.08
4901,261.48
4900,250.81
4899,239.9
4898,228.13
4897,175.85
4896,262.17
4895,252.49
4894,247.65
4893,251.93
4892,249.47
4891,240.44
4890,253.92
4889,247.51
4888,246.65
4887,258.72
4886,254.04
4885,250.82
4884,254.32
4883,250.23
4882,244.3
4881,233.45
4880,256.02
4879,251.79
4878,308.32
4877,256.31
4875,253.03
4874,251.6
4873,250.3
4872,251.89
4871,249.75
4870,249.83
4869,245.97
4868,252.69
4867,256.16
4866,254.68
4865,253.68
4864,250.7
4862,250.95
4861,251.59
4860,254.24
4859,254
4858,260.04
4857,262.76
4856,246.5
4855,251.62
4854,241.43
4853,253.79
4852,236.22
4851,232.99
4850,166.13
4849,246.93
4848,260.37
4847,252.21
4846,242.63
4845,245.6
4844,257.47
4843,249.09
4842,169.71
4841,252.94
4829,333.49
4828,275.37
4827,310.94
4826,255.5
4825,314.79
4824,275.72
4821,157.18
4820,177.84
4819,146.75
4818,134.45
4817,165.9
4815,141.09
4814,166.46
4810,137.46
4809,235.57
4805,171.14
4802,166.91
4801,355.37
4798,150.14
4796,157.18
4795,187.71
4794,137.65
4792,197.04
4791,149.29
4790,130.33
4789,123.42
4782,283.43
4781,296.43
4780,201.65
4779,237.48
4778,156.29
4777,212.49
4776,160.02
4775,171.77
4774,184.93
4773,118.81
4772,128.53
4771,133.95
4769,227.83
4767,206.41
4766,165.48
4765,215.68
4763,190.9
4762,107.44
4761,120.61
4757,185.71
4756,183.05
4755,310.13
4754,153.31
4753,132.1
4752,108.98
4693,218.64
4692,149.77
4691,162.48
4690,157.7
4689,185.47
4688,187.27
4687,195.91
4686,67.58
4685,174.33
4684,179.92
4683,119.27
4682,178.46
4681,142.54
4680,177.81
4679,494.33
4677,155.27
4676,166.66
4675,176.14
4674,168.17
4673,195.41
4672,98.46
4669,236.29
4668,223.41
4665,248.04
4664,222
4663,252.69
4662,260.6
4661,256.21
4660,269.73
4659,156.4
4655,97.43
4654,187.56
4652,120.87
4651,266.08
4650,270.69
4649,266.9
4648,258.01
4646,237.55
4642,201.24
4641,210.14
4640,221.67
4639,219.15
4637,245.6
4636,215.42
4635,137.73
4634,201.8
4633,216.87
4612,237.29
4611,232.39
4610,226.87
4609,209.58
4608,226.75
4607,219.96
4606,208.72
4605,177.09
4604,132.59
4603,207.83
4602,218.99
4601,223.18
4600,224.45
4599,223.62
4598,215.33
4597,209.02
4596,212.28
4595,231.67
4577,207.4
4575,329.82
4574,355.35
4573,305.2
4572,248.07
4571,249.51
4570,208.47
4568,131.68
4567,205.89
4566,239.77
4565,260.66
4563,231.48
4562,226.15
4561,216.23
4559,194.39
4558,373.71
4557,247.08
4556,252.87
4555,242.55
4554,211
4553,207.68
4551,222.29
4550,194.67
4547,224.79
4546,228.71
4545,175.54
4544,172.01
4543,245.1
4542,212.25
4540,194.39
4539,300.34
4538,193.5
4536,201.85
4535,193.83
4534,178.09
4533,194.82
4532,185.27
4531,175.1
4530,159.78
4529,192.97
4528,194.67
4527,197.93
4526,200.75
4525,194.66
4524,191.78
4523,184.46
4522,168.38
4521,194.39
4506,201.48
4502,194.39
4501,233.17
4497,322.82
4496,271.06
4494,279.93
4493,255.2
4492,186.62
4491,257.43
4490,282.93
4489,299.06
4488,301.17
4487,302.32
4486,300.33
4485,271.1
4484,183.16
4483,246.89
4482,256.53
4481,290
4479,298.16
4478,289.29
4477,267.53
4475,273.83
4474,264
4473,232.28
4472,266.45
4471,271.13
4470,279.33
4469,280.95
4468,278.16
4467,281.03
4466,271.29
4465,231.74
4464,258.42
4463,250.17
4447,268.44
4443,383.16
4442,250.64
4441,188.8
4440,271.29
4439,314.68
4438,305.91
4435,301.34
4434,283.12
4433,174.02
4432,255.08
4431,285.63
4429,275.75
4428,544
4424,319.05
4423,252.38
4422,205.92
4421,259.82
4420,293.3
4419,294.21
4418,295.13
4416,285.75
4415,252.22
4414,182.07
4413,239.62
4412,256.21
4410,248.01
4409,299.38
4405,257.42
4404,252.41
4403,235.89
4402,246.81
4401,261.94
4400,264.91
4398,262.36
4397,257.49
4396,253.11
4395,205.72
4394,220.32
4393,241.23
4392,258.32
4391,217.73
4390,251.21
4389,270.99
4388,274.9
4386,252.38
4368,180.36
4367,242.18
4366,170.75
4364,218.76
4361,155.61
4360,197.01
4359,198.37
4358,184.07
4356,157.88
4355,137.93
4285,208.54
4282,267.81
4281,223.86
4280,270.59
4274,261.98
4273,238.81
4271,180.01
4264,262.19
4263,185.23
4260,253.31
4259,221.54
4256,249.59
4250,248.81
4248,233.03
4246,209.64
4244,260.01
4240,184.51
4239,200.04
4238,218.9
4236,226.68
4235,248.2
4234,270.68
4233,279.17
4232,284.22
4231,208.59
4230,226.05
4229,240.97
4228,253.45
4227,261.06
4226,277.39
4225,230.24
4224,267.13
4223,247.48
4182,117.19
4181,130.1
4180,139.56
4179,155.52
4178,172.27
4177,195.41
4176,218.7
4132,165.23
4131,104.97
4130,189.32
4096,154.67
4095,111.85
4094,148.62
4093,140.4
4092,173.58
4091,204.6
4090,182.71
4089,206.2
4087,169.97
4086,215.47
4085,121.12
4084,188.11
4082,191.85
4080,168.08
4079,160.58
4077,96.97
4076,141.12
4075,133.38
4074,149.72
4073,142.93
3896,321.07
3868,275.23
3867,282.59
3866,279.65
3865,275.6
3862,313.27
3861,305.54
3843,162.31
3787,228.26
3786,253.75
3785,250.63
3784,227.57
3767,244.22
3766,229.91
3765,240.93
3764,243.12
3763,244.52
3762,252.85
3761,258.55
3760,259.54
3759,202.57
3758,230.39
3757,267.04
3756,256.33
3755,244.44
3754,247.71
3753,271.78
3752,282.06
3751,259.42
3750,264.48
3749,134.1
3748,20.02
3740,199.73
3733,207.84
3732,204.58
3731,214.55
3730,207.41
3729,224.66
3728,206.85
3727,226.58
3726,219.75
3725,233.23
3724,190.41
3708,207.41
3700,197.19
3699,232.43
3688,176.87
3687,199.14
3686,196.99
3685,212.99
3684,173.01
3677,209.31
3676,218.03
3673,331
3650,229.82
3649,194.79
3596,240.75
3593,265.93
3592,249.84
3591,240.3
3576,204.04
3535,202.93
3533,189.8
3532,187.87
3530,206.95
3529,185.98
3528,210.64
3526,181.44
3524,214.74
3522,219.36
3521,228.47
3520,225
3519,219.9
3518,219.9
3517,220.44
3516,216.55
3515,220.53
3514,212.54
3513,215.75
3512,215.36
3511,212.35
3510,212.06
3509,172.98
3508,184.91
3507,180.04
3480,185.26
3479,173.58
3478,189.24
3477,178.27
3476,188.6
3475,188.6
3474,191.02
3473,194.06
3448,233.76
3447,193.34
3446,321.51
3445,306.88
3444,314.4
3443,306.81
3442,321.2
3441,315.59
3440,311.58
3439,261.04
3438,253.25
3437,253.02
3436,253.19
3435,247.36
3434,246.75
3433,247.54
3431,202.59
3430,202.11
3429,202.11
3428,204.35
3427,205.33
3426,204.07
3425,207.57
3424,207.79
3423,206.12
3422,213.31
3421,211.85
3420,212.43
3419,219.91
3418,220.37
3417,220.03
3416,220.56
3415,221.45
3414,221.47
3413,211.58
3412,212.52
3410,222.78
3409,194.53
3407,205.94
3406,127.26
3404,178.92
3403,190.56
3401,228.26
3400,227.66
3399,238.65
3398,232.26
3397,235.65
3396,206.4
3395,180.4
3394,193.18
3392,210.79
3390,131.29
3389,210.78
3388,222.78
3387,194.53
3386,219.29
3385,219.41
3384,219.51
3383,219.05
3382,215.4
3381,214.76
3380,211.93
3379,211.8
3378,212.61
3377,183.65
3376,207.27
3375,208.73
3374,127.19
3373,127.14
3372,206.01
3368,183.25
3367,180.28
3366,280.68
3365,280.25
3364,281.1
3363,282.53
3362,278.45
3361,279.33
3360,281.37
3359,282.42
3358,282.46
3357,331.06
3356,307.51
3355,311.35
3354,315.53
3353,324.93
3352,270.86
3351,260.9
3350,253.19
3349,246.79
3348,239.29
3346,186.37
3345,187.43
3344,252.98
3343,253.25
3342,253.25
3341,253.7
3340,253.01
3339,330.24
3338,324.72
3337,271.16
3336,239.02
3310,202.98
3309,154.44
3307,227.99
3277,254.54
3270,288.14
3269,240.55
3267,195.94
3266,219.95
3265,225.06
3261,226
3258,222.28
3257,227.14
3256,223.96
3255,238.08
3253,229.86
3251,265.48
3250,249.85
3212,181.22
3200,146.54
3196,205.41
3194,208.41
3150,226.62
3149,247.7
3147,269.42
3145,283.95
3143,240.57
3142,260.54
3063,202.01
3062,231.03
3061,168.25
2939,217.72
2934,144.23
2933,158.05
2932,261.38
2928,267.53
2927,264.13
2926,208.4
2925,257.45
2924,232.65
2923,183.85
2922,219.74
2920,261.95
2919,247.23
2918,223.53
2917,118.38
2916,209.14
2915,237.4
2871,262.2
2869,275.61
2868,262.77
2867,289.03
2866,275.87
2865,262.81
2864,289.63
2863,289.16
2774,278.19
2773,282.79
2772,255.02
2770,278.15
2769,278.15
2748,256.8
2746,236.28
2745,254.27
2743,235.57
2742,251.89
2741,274.24
2740,229.58
2739,229.68
2738,213.58
2737,274.31
2736,247.22
2735,262.72
2734,270.38
2733,227.11
2732,263.82
2731,237.9
2730,276.89
2729,241.43
2728,272.27
2727,246.91
2725,286.18
2723,138.04
2719,166.66
2718,144.21
2717,168.72
2715,112.78
2714,147.57
2713,142.23
2712,190.44
2711,204.65
2710,176.48
2708,185.28
2706,172.88
2705,217.05
2704,178.92
2703,174.3
2702,113.54
2701,190.53
2700,179.64
2699,173.85
2698,167.24
2696,94.39
2695,136.14
2694,134.94
2673,149.58
2672,142.14
2671,138.87
2670,141.11
2669,139.76
2668,141.31
2667,140.37
2666,139.26
2665,140.33
2664,276.93
2660,222.88
2656,252.1
2653,194.31
2649,250.33
2648,250.8
2647,252.91
2646,258.01
2645,260.82
2644,265.66
2643,271.51
2640,269.59
2639,276.17
2638,248.97
2635,256.34
2634,266.01
2633,262.44
2632,262.93
2628,148.86
2627,149.76
2626,131.17
2625,131.17
2624,153.44
2623,135.99
2569,171.73
2568,178.52
2567,177.17
2564,169.33
2563,164.92
2562,159.9
2560,162.24
2559,160.7
2558,159.36
2557,158.19
2556,156.91
2555,155.86
2554,154.94
2553,154.25
2552,150.38
1893,252.18
1842,314.92
1841,335.38
1840,270.03
1839,385.44
1834,269.93
1833,249.37
1831,214.96
1823,268.17
1822,261.94
1821,270.05
1820,278.86
1819,263.67
1675,164.91
1674,161.7
1673,147.14
1672,185.77
1645,181.82
1634,204.49
1632,209
1631,209.01
1630,218.42
1629,216.52
1628,217.4
1627,218.65
1626,215.7
1625,139.94
1566,188.97
1537,189.45
1533,185.15
1531,167.5
1518,161.92
1517,191.32
1516,157.66
1514,250.97
1509,187.11
1508,185.41
1493,184.89
1492,187.33
1491,151.81
1490,197.42
1489,148.37
1479,234.82
1478,241.21
1401,112.56
1393,138.93
1392,113.33
1391,197.11
1390,96.26
1385,115.65
1382,150.72
1363,153.13
1362,234.69
1361,175.36
1360,195.13
1359,235.68
1358,153.25
1357,195.08
1356,174.68
1353,250.14
1352,206.82
1351,176.52
1350,221.42
1349,197.05
1348,202.59
1347,195.85
1346,155.15
1345,172.87
1344,186.37
1343,168.67
1342,158.83
1341,172.92
1340,160.7
1329,239.53
