1328,280.75
c_6967,688.25
c_6966,704.66
c_6961,331.36
c_6960,530.69
c_6959,599.68
c_6958,530.69
c_6957,596.72
c_6956,639.87
c_6955,641.45
c_6954,363.79
c_6953,653.63
c_6952,653.61
c_6951,657.28
c_6950,682.75
c_6949,689.65
c_6948,456.28
c_6947,490.47
c_6946,572.78
c_6945,542.42
c_6944,511.58
c_6943,667.11
c_6942,572.78
c_6941,571.64
c_6940,668.26
c_6939,542.34
c_6461,662.95
c_6457,642.44
c_6456,662.96
c_6455,662.98
c_6454,579.63
c_6453,580.51
c_6452,574.46
c_6451,605.16
c_6450,608.23
c_6449,606.14
c_6448,584.35
c_6447,584.33
c_6446,544
c_6445,609.61
c_6444,606.81
c_6443,609.59
c_6442,571.45
c_6441,571.02
c_6440,562.36
c_6439,597.47
c_6438,681.75
c_6437,681.87
c_6422,681.9
c_6420,575.79
c_6419,612.86
c_6418,607.35
c_6417,460.64
c_6416,516.85
c_6415,688.69
c_6414,688.77
c_6413,495.98
c_6412,485.96
c_6411,580.7
c_6410,576.03
c_6409,656.61
c_6408,671.03
c_6407,672.23
c_6406,526.39
c_6405,540.17
c_6404,659.3
c_6403,651.86
c_6402,693.95
c_6401,695.12
c_6400,576.2
c_6399,609.01
c_6398,605.26
c_6397,609.65
c_6396,604.37
c_6395,619.21
c_6394,605
c_6393,607.98
c_6392,487.2
c_6391,511.98
c_6390,515.71
c_6389,590.62
c_6388,585.8
c_6387,585.7
c_6386,528.54
c_6385,559.46
c_6384,581.34
c_6383,563.87
c_6382,602.55
c_6381,620.77
c_6380,602.63
c_6379,693.95
c_6378,560.14
c_6377,587.39
c_6376,592.58
c_6375,539.68
c_6374,539.19
c_6373,651.48
c_6372,674.81
c_6371,679.07
c_6370,673.17
c_6369,682.61
c_6368,685.67
c_6367,677.32
c_6366,539.63
c_6365,599.81
c_6364,594.65
c_6363,612.11
c_6362,394.39
c_6361,487.83
c_6358,513.21
c_6357,562.39
c_6356,559.15
c_6355,479.65
c_6354,449.14
c_6353,553.55
c_6352,549.63
c_6351,477.46
c_6350,474.62
c_6349,534.63
c_6348,534.58
c_6347,655.93
c_6346,713.46
c_6345,713.38
c_6344,641.43
c_6343,551.69
c_6342,555.42
c_6341,633.2
c_6340,644.42
c_6339,651.77
c_6338,643.39
c_6337,603.82
c_6336,610.71
c_6335,610.7
c_6334,651.07
c_6333,595.05
c_6332,599.88
c_6331,597.64
c_6330,641.23
c_33273,531.6
c_33272,389.98
c_33271,397.32
c_33270,647.17
c_33269,647.32
c_33268,639.35
c_33267,528.77
c_33266,533.94
c_33265,394.87
c_33264,395.46
c_33263,534.09
c_33262,526.72
c_33261,526.68
c_33258,486.46
c_33257,662.53
c_33256,663.13
c_33255,662.92
c_33254,454.77
c_33253,540.52
c_33252,632.72
c_33251,710.84
c_33250,669.62
c_33249,519.9
c_33248,526.2
c_33247,588.94
c_33246,588.7
c_33245,588.69
c_33244,501.8
c_33243,507.85
c_33242,571.66
c_33241,571.95
c_33240,571.88
c_33239,689.47
c_33238,691.14
c_33237,691.47
c_33236,671.06
c_33234,675.1
c_33233,636.76
c_33232,639.18
c_33231,639.55
c_33229,700.77
c_33228,689.4
c_33227,694.04
c_33226,692.48
c_33225,691.64
c_33224,620.05
c_33223,624.29
c_33222,624.45
c_33221,683.89
c_33220,685.95
c_33216,682.64
c_33215,692.84
c_33214,691.54
c_33213,659.52
c_33212,655.17
c_33211,622.76
c_33210,623.5
c_33209,623.49
c_33208,693.5
c_33207,652.74
c_33133,711.08
39965,468.76
39964,446.51
39953,446.49
39952,454.81
39951,450.99
39950,446.77
39949,444.17
39948,447
39817,124.85
39816,448.36
39815,422.61
39814,427.24
39813,425.89
39812,426.23
39811,426.39
39810,424.25
39678,246.09
39677,186.34
39676,211.78
39675,122.09
39674,217.45
39673,169.55
39672,245.32
39648,378.76
39647,383.78
39646,379.73
39645,379.62
39644,374.94
39643,386.71
39642,383.48
39641,386.65
39619,419.75
39618,443.53
39617,467.95
39615,492.62
39614,513.5
39613,522.27
39612,483.85
39611,470.69
39609,210.7
39608,215.11
39607,222.58
39606,196.82
39605,182.75
39583,297.33
39582,324.01
39581,348.28
39579,373.16
39578,375.62
39570,260.05
39569,217.24
39568,260.05
39567,274.71
39566,300.01
39565,321.59
39564,341.85
39563,363.1
39526,220
39525,347.75
39501,314.14
39500,301.17
39498,281.98
39497,331.2
39496,348.61
39495,353.43
39494,367.27
39492,430.8
39491,404.83
39490,400.45
39489,158.85
39488,198.27
39487,237.82
39486,282.23
39485,326.07
39484,382.62
39483,440.69
39482,501.32
39481,566.1
39465,220.87
39464,159.96
39463,179.54
39462,199.86
39461,220.6
39460,241.87
39459,263.29
39458,285.55
39457,310.04
39410,342.48
39375,111.77
39374,257.57
39373,111.77
39372,128.34
39358,140.76
39357,175.49
39307,468.42
39268,150.16
39267,173.29
39228,374.04
39226,482.53
39225,359.89
39224,292.08
39223,434.89
39221,400.45
39217,444.35
39158,106.26
39157,204.76
38954,268.92
38953,239.09
38952,226.01
38951,211.96
38950,226.01
38949,239.09
38948,255.64
38947,268.92
38946,318.06
38945,302.44
38944,285.25
38943,302.44
38942,318.06
38862,242.18
38861,214.64
38860,227.64
38859,242.18
38858,259.85
38857,273.83
38856,292.34
38855,310.04
38854,324.45
38805,328.48
38804,276.92
38803,229.34
38802,243.95
38801,260.61
38800,276.92
38798,310.4
38797,328.48
38361,296.59
38360,328.84
38359,301.62
38358,308.86
38203,168.05
38200,175.7
38191,263.96
38190,263.96
38189,270.89
38188,263.96
38187,269.14
38186,270.35
38185,262.78
38183,268.59
38182,314.23
38181,278.94
38122,362.34
38121,373.87
38120,385.55
38119,397.65
38118,409.93
38117,422.38
38116,435.24
38108,545.9
38107,491.04
38106,503.64
38105,520.18
38104,532.44
38103,545.9
38102,561.73
38101,577.78
38100,594.36
38099,401.85
38098,413.38
38097,425.22
38096,437.35
38095,449.27
38094,461.79
38093,422.8
38092,447.92
38081,474.3
38079,435.83
38078,448.49
38077,461.78
38076,474.3
38075,386.96
38074,398.58
38073,410.41
38072,422.82
38071,435.07
38069,461.67
38048,448.21
38047,461.66
38046,475.51
38045,489.71
37429,106.55
37426,236.82
37424,150.32
37422,150.32
37420,29.77
37418,150.32
37416,236.82
37412,106.55
37410,125.89
37409,339.68
37408,47.01
37407,125.89
37406,238.14
37098,308.27
37095,309.74
37089,314.8
37086,314.95
36895,373.66
36637,479.68
36636,433.16
36634,253.78
36632,476.44
36628,387.28
36627,505.96
36626,437.7
36625,437.39
36620,327.55
36619,423.34
36618,451.75
36616,494.09
36614,310.95
36612,503.6
36609,509.7
36608,523.84
36606,512.13
36605,509.23
36604,491.33
36601,434.36
36600,397.1
36599,300.06
36598,391.78
36597,458.34
36593,480.64
36588,418.43
36573,30.93
36570,39.03
36569,33.29
36568,27.14
36567,33.29
36566,39.03
36565,42.55
36564,46.91
36563,51.36
36562,54.63
36455,384
36453,371.28
36452,397.15
36450,402.07
36449,420.94
36448,428.45
36447,445.79
36446,464.83
36145,58.69
36144,62.79
36143,66.96
36142,70.52
36141,74.3
36139,81.26
35875,439.52
35860,439.52
35856,439.52
35854,524.28
35846,449.52
35835,449.52
35834,506.36
35833,97.99
35828,102.64
35827,106.67
35826,110.93
35825,114.29
35798,120.1
35797,124.21
35796,128.8
35795,133.76
35794,138.27
35793,143.2
35792,146.93
35791,507.71
35468,513.73
35467,512.45
35466,506.51
35464,509.02
35463,510.25
35462,511.34
35461,512.45
35460,513.73
35459,514.85
35458,515.68
35457,516.56
35456,517.03
35276,537.52
35275,538.87
35274,540.26
35273,541.63
35272,542.96
35271,544.31
35270,545.59
35269,546.89
35268,548.11
35267,549.15
35266,549.64
35254,482.11
35253,489.07
35252,496.16
35251,503.23
35250,510.63
35249,517.96
35248,525.27
35247,533.04
35244,567.55
35243,535.39
35242,512.22
35241,519.67
35240,527.6
35239,535.39
35238,543.27
35237,551.4
35236,559.52
35235,567.55
35231,398.56
35230,405.96
35229,411.84
35228,420.63
35227,426.84
35226,436.15
35225,439.14
35224,439.67
35191,491.24
35190,496.9
35189,502.66
35188,508.4
35187,513.88
35186,519.35
35185,524.77
35184,529.61
35183,534
35177,538.51
35176,536.88
35175,538.51
35174,525.23
35173,503.05
35172,508.68
35171,514.03
35170,519.76
35169,525.23
35157,531.22
35156,536.49
35155,541.71
35154,546.9
35153,550.33
35152,552.05
35120,390.68
35119,356.66
35118,369.16
35117,378.36
35115,405.68
35114,409.56
35113,438.09
35112,424.94
35111,438.09
35110,474.54
35109,488.01
35108,501.99
35107,516.11
35106,530.83
35105,545.8
35104,561.23
35103,576.88
35102,487.61
35101,501.8
35100,515.16
35099,530.09
35098,544.77
35097,560.53
35096,575.7
35094,591.99
35079,362.68
35078,377.27
35077,392.33
35076,405.98
35075,420.64
35074,436.15
35073,439.66
35072,453.86
35048,599.31
35036,453.68
35035,467.54
35034,481.56
35033,495.65
35032,524.1
35031,507.62
35030,524.1
35029,540.26
35028,555.7
35007,492.49
35006,507.48
35005,522.98
35004,538.43
35003,553.32
35002,599.31
34991,57.39
34990,65.07
34989,80.01
34988,49.34
34987,41.29
34986,45.15
34985,49.34
34983,80.01
34982,65.07
34981,57.39
34980,61.27
34979,65.07
34978,76.16
34977,72.39
34976,68.82
34975,72.39
34974,76.16
34973,80.01
34972,564.72
34971,585.16
34970,599.31
34969,83.97
34968,87.87
34967,91.95
34966,96.38
34965,100.47
34964,104.76
34963,108.87
34962,131.48
34961,113.17
34960,118.02
34959,122.44
34958,126.93
34957,131.48
34956,136.5
34928,493.25
34925,538.65
34894,393.35
34893,417.09
34892,442.58
34878,425.42
34877,451.63
34876,478.77
34875,507.97
34874,538.65
34873,599.31
34872,635.52
34863,141.53
34862,146.64
34794,226.53
34793,185.24
34482,37.48
34481,45.15
33990,74.82
33989,115.15
33969,315.4
33968,282.07
33967,336
33966,336
33965,340.83
33963,257.13
33962,305.66
33961,307.08
33960,306.93
33850,223.44
33849,282.68
33848,250.04
33847,282.68
33846,189.01
33845,152.31
33844,392.97
33843,319.67
33841,233.14
33838,310.09
33837,229.94
33836,295.12
33835,296.13
33834,255.64
33828,185.85
33791,430.48
33790,192.11
33789,295.14
33143,432.81
33142,408.35
33141,382.39
32908,408.38
32907,382.39
32906,432.8
32610,389.32
32609,172.54
32608,347.7
32607,209.91
32606,209.91
32364,471.62
32363,448.2
32361,403.67
32354,257.09
32353,301.64
32349,435.57
32345,318.24
32335,449.16
32333,512.99
32331,389.64
32330,320.81
32328,231.34
32327,390.9
32326,539.7
32168,25.15
32156,163.25
32145,494.33
32143,588.52
32139,265.31
32137,205.43
32100,190.92
32098,181.94
32097,184.83
32096,187.75
32095,190.92
32094,193.9
32093,196.82
32091,360.67
32087,404.15
32083,99.62
32082,112.99
32081,106.67
32080,225.76
32079,200.29
32078,203.53
32077,200.29
32076,217.98
32075,206.89
32074,210.51
32073,213.9
32072,217.98
32071,221.87
32070,225.76
32069,229.98
32068,120.08
32067,118.92
32066,113.12
32065,116.49
32064,118.92
32063,120.91
32062,121.28
32061,117.64
32060,120.08
32059,106.67
32058,112.99
32057,99.62
32056,71.75
32055,51.93
32054,88.15
32053,88.15
32034,187.55
31958,500.85
31957,452.15
31956,507.61
31955,445.01
31954,422.97
31951,345.91
31950,133.99
31949,421.28
31948,298.94
31926,310.5
31845,482.22
31844,295.04
31837,655.32
31836,557.28
31835,404.72
31834,490.62
31833,513.47
31831,369.18
31829,469.76
31828,521.71
31827,496.94
31826,531.13
31808,309.96
31807,310.5
31794,434.77
31793,95.52
31792,146.75
31791,142.07
31790,139.68
31789,135.19
31788,137.38
31787,140.03
31786,139.68
31785,142.07
31783,146.75
31782,114.06
31781,106.67
31780,102.87
31779,95.52
31778,78.65
31776,78.65
31775,64.12
31773,225.02
31772,227.33
31771,229.98
31769,232.8
31768,236.42
31767,238.79
31766,242.48
31765,246.43
31668,368.89
31667,433.67
31666,433.77
31665,434.11
31664,435.5
31663,434.77
31662,434.24
31661,434.11
31660,434.54
31659,434.71
31657,435.18
31656,435.34
31655,435.5
31634,432.14
31633,406.87
31632,385.96
31631,362.46
31630,342.52
31629,323.3
31625,421.26
31622,357.28
31615,464.48
31614,438.35
31613,412.67
31612,392.5
31611,368.89
31610,349.1
31609,329.16
31569,398.34
31568,397.21
31567,396.3
31566,403.21
31565,415.4
31564,432.21
31563,438.37
31561,438.31
31560,403.21
31559,415.4
31558,396.3
31557,432.21
31556,397.21
31555,398.34
31554,438.37
31528,412.31
31527,432.89
31526,412.22
31525,260.51
31524,239.17
31522,456.07
31521,411.57
31519,408.45
31518,486.17
31517,395.64
31516,414.86
31515,416.17
31514,391.08
31513,432.01
31512,404.06
31511,398.46
31510,414.82
31509,395.64
31508,437.06
31486,171.18
31484,432.96
31483,421.16
31482,407.48
31480,382.63
31479,409.87
31476,164.64
31475,160.94
31474,164.64
31473,166.36
31469,169.85
31468,173.53
31467,173.32
31466,173.75
31465,174.25
31464,174.71
31463,175.67
31462,176.54
31461,176.95
31460,177.71
31459,178.04
31458,178.52
31457,178.52
31455,396.16
31453,434.96
31452,384.49
31451,431.51
31449,399.69
31448,399.69
31447,444.12
31446,442.46
31445,430.33
31444,373.65
31443,412.2
31442,457.15
31441,493
31440,407.96
31438,447.02
31437,395.32
31436,450.56
31435,422.11
31433,361.19
31414,140.91
31413,127.03
31389,113.69
31388,101.09
31387,90.15
31386,78.21
31385,67.99
31384,57.66
31382,189.41
31381,175.58
31380,162.85
31379,152.11
31378,140.37
31377,130.83
31376,121.4
31375,121.4
31372,211.19
31371,196.73
31369,150.73
31368,93.24
31367,171.9
31366,161.28
31365,150.73
31363,158.51
31361,133.33
31360,122.89
31359,111.68
31358,102.34
31292,199.85
31291,186.12
31290,173.33
31289,163.03
31288,151.21
31287,141.41
31286,132.08
31285,294.95
31284,289.02
31282,162.49
31281,126.88
31280,271.1
31279,273.09
31278,274.25
31277,275.65
31276,277.15
31275,278.42
31274,279.71
31273,280.96
31272,282.45
31271,283.26
31270,284.75
31269,286
31268,286.57
31267,287.69
31266,288.94
31265,289.96
31264,291.1
31263,291.78
31262,292.91
31261,293.46
31260,294.71
31259,295.28
31258,296.17
31257,297.3
31256,298.08
31255,298.64
31254,299.2
31253,300.09
31252,300.64
31251,301.32
31239,96.84
31238,175.99
31237,96.84
31236,177.36
31235,240.73
31234,225.49
31233,240.73
31232,93.1
31231,96.84
31150,122.61
31149,101.94
31148,111.59
31147,122.61
31146,132.52
31145,85.69
31144,158.37
31143,171.5
31142,121.48
31141,130.49
31140,140.17
31139,106.76
31138,162.49
31137,175.33
31136,189.07
31135,203.67
31134,225.49
31133,241.02
31098,251.49
31097,258.01
31096,262.32
31075,272.86
31074,274.37
31073,276.32
31072,277.97
31071,279.66
31070,284.59
31069,281.36
31068,284.59
31067,283.04
31066,284.59
31065,286.19
31064,287.48
31063,288.11
31062,289.02
31061,287.94
31060,292.76
31059,293.94
31058,294.43
31057,294.95
31056,295.3
31053,295.75
31052,295.82
31051,295.97
31050,296.03
31040,172.45
31034,175.39
31032,176.28
31025,430.7
31007,377.45
31006,386.3
31005,394.42
31004,401.96
31003,408.71
31002,414.95
31001,420.47
31000,425.37
30998,434.28
30997,435.94
30985,395.42
30982,326.08
30981,347.43
30980,371.36
30979,446.89
30978,386.71
30976,402.6
30975,409.43
30974,415.79
30973,422.21
30972,428.14
30971,433.7
30970,438.54
30969,442.29
30968,443.88
30952,396.07
30951,420.44
30947,473.97
30946,502.31
30944,329.95
30943,354.15
30939,378.89
30938,402.22
30937,427.44
30936,452.28
30935,479.61
30934,509.33
30848,163.25
30847,167.97
30813,296.03
30794,90.71
30793,201
30792,43.99
30791,26.38
30790,408.79
30789,408.79
30788,408.79
30787,408.79
30786,408.79
30785,408.79
30783,408.79
30782,408.79
30780,408.79
30691,162.27
30686,167.65
30685,168.81
30682,171.11
30666,177.54
30663,178.56
30661,178.58
30046,516.19
30044,459.38
30043,415.32
30042,393.35
30041,358.92
30040,333.21
30037,449.42
30036,395.95
30035,372.38
30034,352.92
30033,329.69
30032,310.52
30031,294.68
29661,373.05
29660,237.59
29659,210.47
29658,217.71
29657,224.74
29656,231.17
29654,243.98
29652,250.57
29651,258.89
29650,269.47
29648,283.16
29647,300.59
29645,320.19
29644,341.3
29643,359.71
29641,379.26
29640,378.87
29639,374.34
29638,371.22
29637,374.6
29629,21.14
29628,26.07
29627,31.25
29626,36.66
29625,42.33
29624,48.26
29623,54.51
29622,61.07
29621,68.05
29620,75.47
29619,83.34
29617,91.6
29616,100.17
29614,108.91
29613,117.71
29567,219.86
29566,232.39
29562,245.99
29561,260.15
29560,275.06
29559,290.4
29558,306.01
29557,321.55
29556,336.59
29555,351.09
29553,364.99
29552,378.83
29551,393.71
29550,410.59
29548,430.57
29547,454.56
29546,482.68
29544,514.74
29543,549.97
29542,586.97
29540,21.14
29532,21.14
29531,26.07
29530,31.25
29529,36.66
29528,42.33
29527,48.26
29526,54.51
29525,61.07
29524,68.05
29523,75.47
29522,83.34
29521,91.6
29520,100.17
29519,108.91
29518,117.71
29517,37
29516,53.37
29514,341.3
29504,524.12
29503,491.76
29502,459.95
29501,429.32
29500,403.84
29499,375.29
29498,349.15
29497,326.03
29495,533.47
29494,503.59
29492,474.34
29491,446.66
29490,423.48
29489,396.78
29488,374.62
29487,352.72
29481,495.04
29480,466.58
29479,440.27
29478,412.95
29477,385.4
29476,365.57
29475,345.1
29474,324.15
29471,459.19
29470,440.3
29469,426.48
29467,413.48
29466,400.46
29465,386.23
29464,374.7
29463,359.36
29461,772.23
29460,724.9
29459,681.46
29458,640.63
29457,600.27
29455,562.33
29454,530.19
29453,499.7
29449,461.19
29448,427
29447,385.98
29446,230.67
29439,556.45
29438,523.95
29436,492.76
29435,462.31
29434,437
29433,408.85
29432,384.25
29431,386.9
29428,465.73
29427,423.34
29426,384.55
29425,319.61
29421,321.84
29420,304.21
29419,283.36
29418,258.89
29417,240.13
29416,217.25
29414,201.16
29413,144.93
29284,118.96
29283,124.33
29282,129.77
29281,134.99
29280,146.98
29279,156.05
29278,162.58
29277,168.49
29276,174.34
29275,179.85
29273,184.98
29272,190.07
29271,194.27
29270,198.45
29269,203.06
29268,206.71
29267,210.82
29266,214.54
29264,218.56
29263,221.82
29262,225.23
29261,229.07
29260,231.79
29259,235.64
29258,238.23
29257,241.08
29256,244.17
29255,246.81
29254,249.01
29253,250.64
29222,275.58
29221,240.58
29220,161.18
29218,129.71
29217,145.84
29216,137.78
29214,154.25
29213,168.47
29212,178.64
29211,188.73
29210,198.5
29209,208.11
29208,218.89
29207,229.48
29206,251.93
29204,300.47
29201,263.23
29200,288.02
29199,314.04
29198,327.96
29148,240.23
29098,310.47
29048,279.56
29046,278.27
29044,260.76
29043,119.54
27605,206.05
27604,220.19
27603,235.06
27602,252.38
27601,268.17
27600,285.92
27599,306.16
27598,324.06
27595,202.93
27594,215.18
27593,228.33
27592,243.81
27591,257.27
27590,271.58
27589,288.28
27588,306.13
27585,247.99
27584,266.73
27583,282.37
27582,301.74
27581,320.72
27580,339.42
27577,189.19
27576,203.32
27575,215.14
27574,232.02
27573,242.54
27572,259.49
27571,274.34
27570,283.45
27569,200.94
27568,227.29
27567,243.18
27566,256.2
27565,272.16
27564,289.02
27563,305.65
27562,195.41
27561,207.38
27559,221.24
27558,237.31
27557,251.58
27556,267.58
27555,284.62
27554,299.56
27553,210.19
27552,225.31
27551,242.54
27550,260.61
27548,276.39
27547,293.06
27546,311.65
27545,325.75
27544,229.5
27543,244.22
27542,259.37
27541,276.63
27540,292.53
27539,309.33
27538,329.66
27537,346.79
27536,210.58
27535,224.01
27534,272.76
27533,290.29
27532,305.69
27531,314.65
27442,207.38
27440,233.59
27439,249.54
27438,263.18
27437,279.34
27436,294.62
27435,312.79
27434,209.16
27433,223.48
27432,236.46
27431,254.51
27430,267.07
27429,284.44
27428,304.05
27427,321.02
27426,209.64
27425,222.47
27424,234.94
27423,249.98
27422,264.08
27421,279.92
27420,297.87
27419,315.62
27415,256.88
27414,274.44
27413,291.57
27412,311.47
27411,331.62
27410,352.11
27408,226.18
27407,241.58
27406,256.26
27405,275.44
27404,289.64
27402,310.89
27401,331.07
27400,350.57
27399,230.48
27398,246.07
27397,261.23
27396,281.51
27395,299.07
27394,318.96
27393,341.44
27392,362.99
27391,242.53
27390,257.19
27389,270.41
27388,289.4
27387,306.21
27385,348.11
27384,368.65
27382,233.06
27381,248.05
27380,264.97
27379,284.95
27378,302.44
27377,323
27376,342.7
27375,362.91
27373,243.42
27372,258.48
27371,272.16
27370,291.65
27369,307.51
27368,327.67
27367,347.57
27366,361.02
27264,238.38
27262,255.32
27261,271.9
27260,292.34
27258,309.45
27257,331.67
27255,370.27
27254,227.45
27253,241.97
27252,256.35
27251,275.79
27250,291.68
27249,310.46
27248,328.66
27246,140.95
27245,110.48
27244,142.7
27243,193.64
27242,192.14
27240,203.71
27239,230.52
27238,181.55
27236,208.37
27235,226.49
27233,254.95
27232,267.15
27231,281.13
27228,222.59
27227,242.72
27226,260.51
27225,280.58
27223,298.94
27222,317.71
27221,339.3
27220,361.79
27216,240.59
27215,254.68
27214,268.57
27213,289.94
27212,303.47
27211,323.56
27210,345.91
27209,358.79
27207,212.59
27205,224.76
27203,236.86
27201,251.92
27200,265.06
27199,280.11
27198,297.27
27197,313.4
27192,219.2
27191,233.64
27190,248.57
27189,265.83
27188,281.74
27187,300.46
27185,319.4
27184,330.57
27183,178.44
27182,191.16
27181,204.19
27180,219.29
27179,232.36
27178,247.75
27177,265.43
27176,281.28
27142,432.65
27141,432.22
26962,245.29
26961,217.02
26926,292.69
26925,292.78
26924,293.91
26923,294.35
26922,294.48
26921,294.43
26920,294.66
26919,296.25
26918,296.38
26917,296.45
26916,296.48
26491,135.23
26490,106.36
26489,147.18
26488,144.75
26485,123.26
26483,158.44
26482,145.49
26475,38.43
26474,13.44
26473,14.98
26472,16.77
26471,17.92
26470,21.12
26469,24
26468,26.78
26467,26.44
26457,65.06
26456,65.06
26455,65.06
26454,65.06
26453,65.06
26452,65.06
26451,65.06
26450,65.06
26449,65.06
26439,26.97
26438,26.53
26437,25.94
26436,26.52
26435,28.39
26417,13.7
26400,20.31
26398,12.87
26396,13.54
26394,13.96
26393,14.52
26392,14.85
26391,15.27
26389,15.79
26388,16.42
26386,17.2
26385,17.69
26383,18.47
26382,19.28
26380,21.31
26379,22.53
26377,25.48
26375,30.11
26374,7.84
26373,38.94
26372,20.55
26370,31.61
26369,17.81
26368,26.88
26367,27.56
26366,34.66
26365,41.86
26364,47.22
26363,49.71
26322,335.96
26321,339.67
26320,343.37
26319,347.06
26318,350.72
26317,354.39
26316,358.01
26315,361.65
26314,365.23
26313,368.8
26312,372.35
26311,375.83
26310,379.24
26309,382.42
26308,384.8
26289,145.16
26288,149.75
26286,154.06
26284,157.7
26283,161.54
26282,165.24
26280,168.9
26279,172.46
26278,175.95
26277,179.34
26276,182.67
26275,185.98
26274,189.11
26273,192.32
26272,198.26
26271,204.67
26270,210.48
26269,215.44
26268,219.86
26267,225.72
26266,230.29
26265,233.46
26236,197.49
26235,291.22
26234,232.87
26233,200.91
26231,193.2
26230,267.89
26229,163.86
26122,78.23
26121,163.13
26120,206.7
26119,155.13
26115,159.86
26114,162.98
26113,207.14
25941,31.13
25940,32.72
25939,34.44
25937,36.23
25936,38.08
25934,40.05
25932,42.2
25931,44.43
25930,46.6
25929,48.93
25928,51.48
25927,54.09
25925,56.82
25924,59.73
25923,62.75
25906,51.09
25905,53.65
25904,59.1
25903,56.28
25901,62.01
25900,65.06
25899,68.22
25898,71.47
25849,351.44
25847,386.07
25846,407.53
25845,413.15
25844,425.17
25843,269.81
25842,351.44
25841,395.08
25840,368.77
25839,424.06
25838,423.73
25837,388.99
25836,419.83
25835,421.49
25834,431.48
25833,457.43
25832,434.16
25831,413.15
25830,440.57
25450,334.11
25449,337.82
25448,341.52
25447,345.21
25446,348.89
25444,352.57
25443,356.21
25441,359.83
25440,363.44
25439,367.02
25437,370.58
25435,374.1
25434,377.55
25433,380.86
25432,383.8
25431,385.33
25413,195.14
25411,201.41
25410,207.63
25409,213.26
25408,218.09
25407,223.25
25406,228.12
25405,232.15
25404,234.12
25393,38.31
25392,42.41
25391,46.69
25389,51.48
25388,56.71
25387,62.51
25386,68.78
25385,75.46
25373,271.85
25372,276.22
25370,281.06
25369,284.81
25368,289.33
25367,297.04
25366,306.12
25365,311.74
25352,169.52
25351,181.23
25350,193.85
25349,207.73
25347,221.73
25346,237.62
25345,254.79
25344,272.89
25334,279.36
25333,298.1
25332,318.16
25331,339.46
25330,362.58
25329,387.6
25328,413.92
25327,442.22
25326,25.95
25325,28.67
25324,34.72
25323,42.41
25321,51.48
25320,62.51
25319,75.46
25318,90.07
25317,62.51
25262,461.58
25261,466.03
25260,467.52
25259,468.99
25258,471.67
25256,463.19
25255,464.67
25251,470.36
25249,472.75
25248,473.51
25247,473.87
25246,465.28
25245,454.69
25244,455.83
25243,457.14
25241,458.35
25240,459.55
25239,460.75
25238,461.99
25237,463.11
25236,464.06
25235,465.02
25233,413.73
25232,414.77
25187,405.67
25186,406.75
25185,407.86
25184,409.02
25182,410.03
25181,410.4
25180,412.24
25179,413.31
25177,414.44
25160,445.6
25159,416.19
25158,252.24
25157,283.93
25156,297.19
25155,302.57
25154,319.42
25153,341.4
25152,368.48
25151,403.14
25150,171.26
25149,197.45
25147,209.05
25146,213.42
25145,245.56
25143,227.73
25142,264.69
25141,278.53
25132,140.22
25099,36.39
25098,245.2
25097,416.06
25096,36.39
25084,312.9
25083,351.09
25082,367.76
25081,374.43
25080,394.62
25078,420.45
25076,471.67
25075,352.91
25074,397.51
25072,423.93
25070,448
25069,477.24
25068,507.17
25067,538.26
25065,345.49
25064,388.77
25063,407.81
25061,415.59
25060,438.91
25059,466.63
25058,495.41
25057,526.11
25001,416.8
25000,412.35
24999,402.69
24998,405.11
24997,412.35
24996,407.07
24995,410.68
24994,408.86
24993,410.68
24992,412.35
24991,413.97
24990,415.47
24989,416.8
24988,410.79
24987,411.3
24986,443.8
24985,446.19
24984,448.46
24983,450.67
24982,452.99
24981,455.36
24980,457.54
24979,459.68
24978,461.7
24977,463.34
24976,464.03
24939,445.59
24938,448.8
24937,452.13
24936,455.3
24935,458.33
24934,461.24
24933,464.04
24932,466.47
24931,468.58
24930,470.05
24929,470.7
24906,444.8
24905,448.1
24904,451.51
24903,454.64
24902,457.72
24901,460.55
24894,469.5
24892,441.44
24889,313.87
24887,333.98
24886,355.07
24885,376.88
24884,399.56
24883,415.86
24882,442.14
24881,468.65
24870,348.98
24869,371.62
24868,395.33
24867,418.73
24865,466.75
24864,494.45
24863,522.62
24850,351.45
24849,374.65
24848,398.34
24847,423.1
24846,449.45
24845,476.5
24844,505.2
24843,535.13
24831,492.39
24830,468.94
24829,433.71
24828,295.33
24827,688.43
24826,431.06
24825,571.37
24820,295.62
24819,575.18
24818,629.05
24817,485.11
24816,504.4
24814,406.16
24812,466.71
24811,483.44
24810,443.03
24809,538.3
24665,324.9
24664,331.42
24663,337.42
24662,342.99
24661,348.23
24660,353.09
24659,357.79
24658,362.25
24657,366.38
24656,370.44
24655,374.25
24654,377.89
24653,381.3
24652,384.27
24651,386.48
24650,387.52
24631,370.79
24630,377.74
24629,384.13
24628,390.16
24627,395.92
24626,401.42
24625,406.69
24624,411.7
24623,416.55
24622,421.06
24621,425.39
24620,429.51
24619,433.51
24618,436.67
24617,439.56
24616,440.83
24595,336.22
24593,346.4
24592,358.38
24591,371.1
24590,377.61
24589,384.76
24587,391.12
24586,397.75
24557,402.96
24555,408.21
24554,413.43
24553,417.81
24552,421.79
24550,425.33
24549,427.95
24548,429.19
24525,497.36
24475,372.23
24474,296.02
24473,314.6
24472,333.29
24471,352.51
24469,392.29
24468,413.6
24467,436.47
24466,335.18
24465,355.86
24464,377.46
24463,399.58
24462,422.15
24461,445.08
24460,469.2
24459,494.81
24458,464.69
24457,457.51
24456,450.66
24455,456.01
24454,481.49
24453,457.51
24452,444.57
24451,446.52
24450,467.92
24449,464.69
24448,495.77
24447,328.41
24446,348.19
24445,373.4
24444,393.49
24443,415.33
24442,438.87
24441,464.22
24440,489.39
24283,350.87
24282,352.19
24281,353.47
24280,354.7
24279,355.88
24253,449.22
24252,454
24251,482.23
24250,456.39
24249,444.3
24248,442.68
24247,466.99
24246,461.44
24144,302.56
24143,297.92
24142,298.41
24141,301.47
24140,301.86
24139,308.45
24138,312.31
24137,309.05
24136,259.43
24135,259.87
24134,258.4
24132,231.32
24131,250.8
24130,220.15
24129,232.9
24128,205.58
24127,239.38
23980,357.03
23979,358.11
23978,359.15
23977,360.08
23976,360.78
23975,361.12
23882,372.59
23881,373.72
23880,374.85
23879,376.01
23878,377.14
23877,378.29
23849,382.78
23848,379.74
23847,380.84
23846,381.89
23845,383.2
23815,405.18
23814,406.64
23813,408.08
23812,409.52
23811,410.91
23806,412.27
23759,413.58
23758,414.78
23757,415.78
23756,416.51
23755,416.87
23405,404.88
23404,399.3
23403,417.52
23402,417.52
23401,359.09
23400,360.15
23399,380.47
23398,380.47
23393,521.3
23392,521.3
23391,480.9
23390,482.8
23379,470.21
23365,298.09
23363,217.7
23361,214.77
23360,459.76
23359,447.79
23358,438.92
23357,470.21
23356,217.34
23355,469.52
23354,457.89
23353,495.24
23352,504.72
23351,498.97
23350,498.97
23280,474.37
23278,643.45
23277,474.37
23181,770.87
23180,274.36
23179,436.53
23178,551.26
23177,237.74
23176,328.09
23175,421.9
23174,518.21
23172,564.29
23156,533.77
22967,595.65
22966,514.98
22965,413.83
22963,448.93
22961,514.98
22960,228.89
22959,643.45
22957,477.34
22955,470.87
22953,477.26
22951,516.24
22949,480.73
22948,489.83
22806,327.66
22805,368.77
22804,412.56
22758,344.63
22757,448.93
22756,473.06
22755,514.98
22754,413.83
22752,514.98
22751,228.89
22732,260.77
22731,277.66
22730,294.92
22728,347.82
22726,390.56
22724,269.79
22723,301.22
22722,322.32
22720,365.78
22719,390.1
22718,415.41
22717,441.79
22716,301.11
22715,322.82
22713,342.42
22712,365.92
22711,390.11
22710,414.71
22709,440.36
22708,466.87
22670,414.61
22669,414.61
22364,405.59
21965,491.55
21964,498.38
21963,427
21962,433.09
21961,481.77
21918,491.74
21914,505.99
21912,474.53
21911,498.99
21907,384.6
21903,435
21902,446.89
21891,416.3
21890,423.62
21889,441.34
21888,452.36
21879,495.79
21878,513.45
21877,502.2
21876,503.26
21875,521.09
21821,469.86
21802,481.36
21801,505.66
21800,510.97
21799,493.36
21798,518.48
21797,513.88
21796,515.96
21795,506.01
21794,474.61
21793,492.38
21792,495.65
21791,488.57
21790,501.23
21789,498.23
21788,491.62
21787,486.18
21786,447
21785,444.17
21784,446.77
21783,450.99
21782,454.81
21781,446.49
21780,446.51
21779,468.76
21778,465.51
21777,470.29
21776,481.32
21775,483.71
21774,499.28
21773,499
21772,490.37
21771,487
21770,393.35
21769,414.53
21768,432.13
21767,470.63
21766,463.94
21765,453.84
21764,495.55
21763,506.54
21762,426.04
21693,558.43
21692,536.54
21691,469.09
21690,498.44
21689,456.63
21688,526.95
21687,503.72
21686,434.13
21685,326.65
21675,556.19
21674,532.37
21673,492.44
21672,522.6
21671,479.18
21670,530.18
21643,435.04
21642,412.33
21639,417.17
21638,417.4
21636,442.79
21635,497.2
21634,476.61
21632,468.43
21629,454.74
21628,455.66
21627,526.51
21626,468.04
21624,531.81
21588,551.97
21586,520.63
21584,543.2
21583,516.4
21559,535.68
21556,386.84
21555,355.33
21550,519.81
21547,527.45
21545,476.63
21544,452.82
21543,228.06
21542,214.89
21500,551.41
21479,519.42
21471,460.16
21470,459.54
21469,464.2
21468,480.49
21466,491.37
21465,426.04
21464,502.23
21462,429.59
21461,413.65
21459,427.84
21458,426.04
21457,422.72
21456,420.55
21455,418.67
21454,416.38
21443,314.9
21442,318.84
21441,322.73
21440,325.26
21439,327.96
21438,329.27
21437,335.63
21436,338.92
21414,545.64
21412,454.97
21411,491.79
21410,462.25
21403,543.5
21402,501.91
21401,411.23
21400,331.31
21399,248.73
21398,524.85
21362,306.79
21361,369.09
21360,413.77
21359,465.87
21358,513.23
21357,573.29
21356,639.52
21355,706.79
21353,509.24
21352,510.77
21350,502.7
21349,511.03
21348,495.91
21347,503.94
21346,498.47
21345,513.63
21344,513.36
21343,513.63
21342,512.02
21341,512.49
21340,509.11
21339,498.47
21338,480.53
21234,179.09
21233,254.22
21232,179.09
21231,84.08
21230,141.84
21228,288.09
21227,286.67
21226,133.22
21225,179.91
21223,211.84
21222,208.36
21221,213.4
21220,273.66
21219,355.7
21218,273.66
21216,135.26
21215,416.69
21213,531.49
21212,360.52
21211,206.7
21210,443.51
21208,369.31
21206,447.55
21189,320.61
21183,266.13
21179,284
21178,363.36
21177,345.87
21176,353.68
21168,294.18
21167,237.66
21165,494.68
21163,380.94
21162,248.7
21161,437.37
21160,374.45
21159,434.46
21158,653.17
21157,572.16
21156,257.36
21155,262.58
21154,553.7
21153,386.62
21152,327.22
21151,130.24
21150,264.02
21149,144.01
21148,304.05
21147,462.18
21146,374.79
21145,197.65
21144,349.55
21143,486.19
21142,469.9
21140,225.02
21077,536.96
21076,512.3
21075,466.47
21074,513.11
21073,471.2
21071,535.38
21070,525.97
21069,458.11
21068,367.3
21067,301.52
21066,527.84
21065,507.85
21064,494.87
21063,514.87
21062,496.83
21061,527.35
21059,518.85
21058,496.29
21057,455.03
21056,403.71
21020,527.62
21019,527.32
21018,522.22
20977,226.54
20976,195.62
20975,147.39
20974,183.77
20973,199.86
20972,222.84
20971,233.21
20970,213.78
20969,194.12
20967,189.61
20966,196.22
20965,188.61
20964,198.35
20791,474.7
20784,191.99
20780,181.51
20779,218.4
20775,198.2
20752,497.46
20751,451.86
20742,333.8
20740,144.11
20641,194.64
20639,210.79
20638,224.18
20637,220.79
20636,211.31
20635,205.78
20633,189.37
20632,198.11
20630,201.62
20628,179.09
20482,378.64
20262,556.96
20261,528
20260,572.57
20259,572.61
20258,528.34
20247,422.6
20246,455.11
20245,396.4
20244,487.57
20102,177.01
20101,202.17
20099,177
20098,179.75
20096,416.76
20095,502.14
20094,424.71
20093,222.46
20092,419.76
20077,450.88
20076,481.34
20075,512.9
20074,526.14
20073,476.81
20072,469.23
20071,479.47
20070,500.29
20069,490.54
20068,516.12
20067,489.92
20066,518.96
20065,459.12
20064,514.67
20063,505.89
20062,480.24
20061,492.15
20060,480.24
20059,484.01
20058,520.38
20057,510.3
20056,492.56
20055,520.11
20054,487.42
20053,515.92
20052,492.56
20051,442.1
20050,430.4
20013,166.57
20012,418.72
20011,477.75
19970,125.35
19969,223.22
19968,293.12
19967,159.86
19966,141.28
19965,137.61
19937,196.29
19936,219.03
19935,194.23
19934,458.93
19933,202.31
19932,497.87
19931,197.81
19930,197.21
19929,187.07
19928,197.85
19926,185.34
19925,204.84
19924,206.69
19923,494.14
19922,493.83
19921,500.48
19920,513.02
19919,204.24
19918,199.72
19917,495.92
19916,170.85
19594,379.45
19592,339.13
19587,416.29
19583,424.01
19580,387.15
19579,390.09
19576,426.81
19575,413.2
19573,412.75
19571,416.93
19570,363.79
19551,522.38
19546,415.28
19545,255.33
19456,433.26
19455,423.66
19454,404.09
19453,467.35
19452,436.62
19451,481.41
19450,471.9
19449,332.66
19447,248.05
19445,374.85
19442,260.92
19441,276.51
19408,296.87
19407,300.89
19406,308.65
19405,300.89
19404,307.51
19403,300.38
19402,292.54
19401,297.38
19400,296.15
19399,292.54
19398,296.87
19397,290.85
19396,332.23
19395,290.85
19394,300.37
19352,433.26
19351,423.66
19350,404.09
19349,467.35
19348,436.62
19347,481.41
19346,471.9
19345,332.66
19342,248.05
19341,296.55
19340,374.85
19018,421.98
18211,376.57
18210,219.34
18104,293.72
18101,305
18100,304.55
18099,305.44
18098,295.96
18097,295.82
18096,295.36
18095,278.66
18093,278.27
18068,413.24
18067,436.8
18065,466.36
18063,421.67
18062,496.16
18061,339.49
18060,118.4
18059,195.4
18058,380.45
18057,304.59
18055,423.82
18054,404.29
18053,388.2
18052,444.04
18051,439.52
18050,296.56
18040,373.58
18037,219.34
17764,145.78
17742,254.48
17741,296.85
17737,339.79
17728,267.87
17726,458.62
17725,437.55
17724,377.56
17723,474.67
17722,491.99
17721,413.73
17720,380.35
17719,382.58
17718,361.71
17717,475.14
17716,461.41
17714,443.21
17713,387.67
17712,446.31
17711,380.32
17710,331.17
17709,451.44
17700,308.76
17662,467.58
17661,416.34
17659,463.12
17658,479.56
17657,321.87
17654,321.96
17653,467.51
17652,267.87
17651,443.8
17650,392.63
17649,377.39
17646,418.54
17645,142
17644,181.23
17643,203.51
17642,211.32
17641,208.97
17640,240.19
17639,184.65
17638,185.01
17637,145.11
17635,204.01
17634,192.45
17633,184.09
17630,177.6
17629,206.28
17628,171.17
17627,160.37
17626,224.67
17625,160.93
17624,113.72
17621,154.57
17620,188.04
17619,317.13
17617,210.71
17615,201.85
17614,116.41
17613,160
17612,214.32
17611,178.04
17610,103.86
17609,177.19
17608,154.83
17607,169.1
17606,300.02
17605,226.48
17595,405.27
17593,414.93
17592,460.59
17547,414.06
17546,404.31
17545,387.88
17431,285.34
17430,293.45
17429,303.93
17428,308.4
17427,302.8
17426,314.11
17425,331.09
17424,330.31
17423,311.15
17422,324.75
17421,307.51
17420,314.42
17419,322.65
17418,326.66
17417,295.43
17416,343.38
17415,290.21
17414,296.1
17413,311.76
17412,333.22
17411,343.38
17410,293.94
17409,297.81
17408,300.54
17406,319.47
17405,324.44
17404,325.55
17403,330.95
17402,339.64
17401,349.06
17356,529.65
17250,242.67
17246,260.25
17220,309.58
17219,225.06
17218,508.22
17217,403.7
17215,490.24
17214,420.11
17213,444.58
17145,244.9
17144,235.2
17143,271.11
17142,237.15
17141,260.54
17127,331.25
17126,285.33
17125,314.3
17124,335.9
16985,331.77
16984,298.87
16983,326.42
16919,384.33
16918,290.35
16917,463.07
16915,409
16914,483.61
16913,191.66
16912,293.58
16889,527.83
16887,367.1
16886,510.39
16885,439.81
16884,433.85
16883,432.07
16882,439.97
16881,430.38
16880,389.03
16871,363.64
16870,518.94
16869,437.6
16868,428.75
16867,429.23
16866,437.73
16865,437.28
16864,390.63
16842,419.71
16841,444.15
16840,487.99
16839,419.71
16838,487.99
16837,444.15
16836,282.4
16835,209.92
16834,104.06
16832,117.01
16831,398.64
16830,519.27
16829,231.26
16827,82.27
16825,101.64
16824,55.15
16822,492.54
16816,166.8
16815,189.39
16814,166.8
16813,423.45
16812,440.31
16811,432.42
16810,432.62
16804,509.28
16803,524.12
16802,509.28
16801,431.41
16800,430.76
16799,439.13
16789,413.85
16788,336.33
16785,360.57
16784,264.34
16686,431.36
16684,500.2
16663,345.5
16662,353.78
16661,573.51
16660,223.72
16659,325.45
16657,319.99
16656,1000.73
16654,401.62
16581,437.96
16580,327.91
16571,319.99
16438,236.1
16419,265.81
16418,295.72
16410,581.81
16408,491.27
16405,492.79
16404,476.68
16403,481.06
16402,426.73
16401,250.8
16400,426.73
16399,278.6
16398,306.66
16397,336.81
16396,426.73
16395,366.31
16394,426.73
16393,396.68
16392,426.73
16391,461
16390,496.77
16389,301.92
16388,245.66
16387,273.68
16386,301.92
16385,332.21
16384,363.55
16383,459.71
16382,394.38
16381,425.62
16380,459.71
16379,494.43
16378,494.54
16377,497.27
16376,452.1
16375,454.45
16374,448.28
16373,459.84
16372,445.29
16371,436.48
16370,441.47
16369,499.16
16368,502.89
16367,499.16
16364,468.66
16363,217.06
16361,404.9
16359,383.79
16358,339.34
16357,281.08
16356,311.22
16355,446.17
16354,339.77
16353,162.19
16352,405.9
16351,446.17
16350,487.62
16349,525.77
16348,565.47
16346,418.38
16344,308.15
16340,397.34
16339,441.12
16338,455.23
16337,395.23
16329,275.19
16327,305.36
16326,332.6
16325,366.89
16324,400.79
16323,514.15
16322,437.66
16321,475.08
16320,514.15
16319,548.7
16265,269.77
16264,255.27
16202,265.81
16201,295.72
16194,580.76
16168,489.54
16167,491.94
16166,494.26
16165,497.91
16164,495.62
16163,441.54
16162,442.73
16161,443.84
16160,444.42
16159,442.19
16127,270.35
16126,270.11
16124,260.57
16123,269.9
16122,262.5
16120,222.76
16118,236.42
16117,248.21
16114,226.5
16111,431.3
16110,428.58
16109,429.85
16108,431.3
16107,432.18
16106,432.17
16105,394.55
16104,393.87
16103,394.55
16102,395.42
16101,395.94
16100,396.31
16099,229.03
16097,11.4
16094,150.43
16092,320.01
16091,98.14
16090,403.95
16089,153.91
16088,104.38
16087,242.45
16086,301.6
16085,132.76
16081,427.23
16080,328.86
16079,240.31
16078,205.85
16077,350.94
16076,330.55
16056,205.42
16052,174.73
16051,165.87
16050,235.37
16049,235.57
16044,414.14
16043,270.96
16040,308.51
16038,304.32
16037,290.3
16036,303.88
16034,303.88
16010,409.76
16009,401.1
16008,392.66
15896,246.48
15895,264.85
15894,256.52
15891,472.38
15886,420.64
15882,383.26
15881,283.39
15880,428.2
15879,639.29
15878,89.36
15876,453.47
15875,412.91
15874,218.08
15872,672.58
15832,420.84
15831,432.5
15760,98.95
15747,378.67
15746,382.34
15745,386.06
15744,388.93
15743,392.66
15742,396.68
15741,401.1
15740,404.99
15739,409.76
15733,419.47
15732,424.69
15731,430.75
15729,415.14
15728,243.05
15727,266.97
15726,445.12
15725,204.66
15724,238.59
15723,446.77
15722,242.6
15721,236.23
15720,363.89
15719,243.05
15718,256.43
15717,415.14
15716,421.22
15715,216.51
15714,228.34
15713,246.41
15712,224.37
15711,228.34
15710,230.59
15709,247.6
15708,228.34
15707,254.2
15706,216.51
15705,491.81
15704,231.35
15703,491.81
15702,212.77
15701,227.29
15700,491.81
15699,471.27
15698,501.71
15697,491.81
15696,432.35
15695,497.81
15694,432.35
15691,444.19
15690,436.9
15687,447.71
15686,253.19
15684,249.68
15683,115.47
15682,45.46
15681,76.17
15680,103.18
15679,76.17
15678,96.59
15677,90.73
15676,86.3
15675,81.51
15674,76.17
15673,42.14
15672,54.41
15670,45.88
15669,45.75
15668,41.09
15664,188.84
15663,90.48
15662,188.84
15661,245.67
15660,143.98
15655,246.99
15654,436.93
15653,440.62
15649,207.73
15647,130.36
15646,415.25
15644,446.17
15643,451.43
15642,457.55
15641,462.8
15640,91
15639,273.37
15638,74.02
15637,98.48
15636,112.22
15635,86.95
15634,108.61
15615,431.81
15614,435.9
15612,443.23
15592,108.21
15540,431.52
15538,409.41
15537,433.86
15536,460.2
15535,379.91
15533,438.78
15530,187.27
15506,94.93
15504,61.42
15503,109.41
15502,121.81
15501,186.18
15500,280.58
15499,187.46
15498,73.87
15497,187.67
15496,109.37
15495,99.96
15494,109.37
15493,77.3
15492,82.04
15491,90.8
15489,195.27
15488,176.42
15487,202.84
15486,108.6
15485,5.59
15484,94.92
15483,5.59
15482,273.16
15481,183.32
15480,242.29
15479,169.33
15478,106.78
15477,88.07
15476,106.78
15475,144.7
15474,181.75
15473,134.55
15362,475.7
15359,488.61
15358,477.54
15357,434.23
15356,436.58
15355,438.29
15354,439.68
15353,441.01
15352,442.2
15351,444.27
15349,445.38
15348,446.93
15346,448.7
15344,450.13
15343,450.94
15341,452.76
15340,453.27
15339,454.49
15338,456.53
15337,458.13
15336,459.65
15335,460.38
15332,461.96
15331,463.09
15330,463.44
15329,464.28
15328,466.4
15327,467.65
15326,468.91
15325,469.34
15324,470.08
15323,469.73
15322,471.15
15286,155.9
15285,289.49
15284,155.91
15283,377.55
15282,356.94
15281,582.07
15280,352.02
15278,340.87
15277,336.98
15276,334.23
15275,312.22
15274,317.6
15273,320.07
15272,317.57
15271,335.99
15270,321.99
15269,307.69
15268,272.87
15267,305.02
15265,280.64
15264,309.02
15263,313.32
15262,314.33
15261,304.66
15260,251.12
15235,91.67
15234,89.85
15233,83.58
15232,104.91
15231,83.96
15230,63.81
15197,458.13
15196,459.65
15195,460.38
15194,458.13
15193,459.65
15192,460.38
15191,474.11
15190,459.62
15189,461.26
15188,462.84
15187,464.71
15186,466.14
15185,467.54
15184,469.29
15183,471.01
15182,472.31
15180,475.55
15179,476.95
15178,478.95
15177,479.9
15176,481.63
15175,483.62
15174,484.21
15173,485.79
15172,487.07
15171,488.44
15170,490.08
15169,492
15168,493.12
15167,494.7
15166,495.78
15165,496.9
15164,497.59
15163,498.46
15162,499.16
15161,499.76
15160,437.97
15159,440.63
15158,442.68
15157,444.65
15156,446.72
15155,448.74
15154,450.69
15153,452.46
15152,454.15
15150,455.93
15149,457.69
15148,459.28
15147,461.03
15146,462.78
15145,464.6
15144,465.92
15143,467.67
15142,469.26
15141,470.71
15140,472.05
15139,473.86
15138,475.19
15137,476.58
15136,478.18
15135,479.23
15134,480.75
15133,482.28
15131,483.18
15130,484.08
15129,484.8
15117,445.46
15116,446.01
15115,447.58
15114,449.1
15113,450.51
15112,452.27
15111,453.93
15110,455.43
15109,457.07
15108,458.67
15107,460.12
15106,461.65
15105,462.98
15104,464.33
15102,465.81
15101,467.21
15100,469.79
15099,469.88
15098,471.15
15097,473.66
15096,474.87
15095,476.28
15094,477.27
15093,478.4
15092,479.69
15091,480.74
15090,481.75
15089,482.57
15088,483.26
15087,483.81
14899,423.44
14896,433.31
14895,266.12
14582,294.8
14581,294.81
14556,294.83
14555,293.91
14553,366.15
14552,377.88
14551,389.6
14550,401.16
14548,412.42
14547,423.23
14546,434.51
14544,445.66
14543,457.22
14542,468.48
14541,479.72
14540,491.86
14539,503.48
14538,514.95
14537,526.6
14536,538
14535,550.29
14534,562.4
14533,574.65
14532,586.88
14531,338.71
14530,354.96
14529,368.03
14528,380.27
14526,392.78
14524,405.28
14522,416.96
14520,429.1
14519,440.88
14518,452.66
14517,464.19
14515,475.74
14514,488.1
14513,499.92
14512,511.58
14511,523.28
14510,535.02
14509,546.89
14508,558.53
14507,570.53
14506,303.81
14505,302.75
14504,91.8
14503,84.53
14502,93.66
14457,275.68
14456,276.48
14448,298.75
14447,266.6
14446,288.63
14444,284.34
14400,360.08
14397,426.87
14348,365.58
14342,285.72
14299,367.04
14298,362.73
14297,367.04
14296,371.53
14295,375.79
14294,380.92
14293,385.41
14285,87.2
14277,389.65
14266,394.45
14265,398.58
14264,402.86
14263,406.28
14262,407.05
14261,406.28
14247,412.2
14246,402.82
14245,412.2
14244,407.4
14243,412.2
14241,416.31
14239,139.48
14238,309.24
14237,316.91
14236,421.62
14235,426.71
14234,432.22
14233,437.66
14232,442.73
14231,446.89
14230,453.29
14229,458.85
14228,430.75
14227,414.09
14174,370.65
14173,374.46
14172,378.67
14171,382.34
14149,401.1
14148,404.99
14147,409.76
14146,414.19
14017,223.46
14016,228.43
14015,249.01
14014,288.97
14013,161.42
14012,168.97
14011,202.22
14010,378.2
14009,238.17
14008,223.58
14006,99.24
14005,284.42
14003,154.43
14002,169.76
14000,211.15
13998,270.42
13997,390.19
13996,340.2
13991,222.1
13316,428.44
13315,365.97
13313,289.17
13312,281.57
12543,247.02
12542,444.28
12541,247.02
12189,483.64
12188,508.59
12174,476.32
12173,262.77
12171,224.65
12170,268.52
12169,287.89
12168,281.62
12167,271
12166,283.38
12165,310.13
12163,429.08
12162,424.6
12161,478.64
12160,446.23
12159,412.67
12158,438.45
12157,462.25
12156,441.69
12155,459.97
12154,465.25
12153,464.53
12152,462.18
12151,463.65
12150,462.19
12149,462.86
12148,462.19
12147,461.41
12146,460.72
12145,460.72
12144,459.2
12143,458.46
12142,480.52
12141,480.08
12140,479.22
12139,478.41
12138,477.07
12137,475.59
12136,475.59
12135,474.81
12134,474.07
12133,473.34
12132,472.6
12131,471.94
12130,471.19
12129,470.45
12128,469.68
12127,468.94
12126,468.24
12125,467.47
12124,466.74
12123,466
12122,504.5
12121,505.31
12120,503.7
12119,502.9
12118,502.1
12117,501.3
12116,500.48
12115,499.69
12114,498.89
12113,498.11
12112,497.34
12111,496.51
12110,495.71
12109,494.91
12108,494.11
12107,493.31
12106,492.5
12105,491.71
12104,490.91
12103,490.11
12102,489.35
12101,488.56
12100,487.75
12099,486.95
12098,486.15
12097,485.36
12096,484.56
12095,483.76
12094,482.93
12093,482.14
12091,486.24
12090,485.77
12089,485.08
12088,484.41
12087,483.19
12086,482.29
12085,480.97
12084,479.65
12083,478.36
12081,477.07
12079,475.85
12078,471.84
12077,474.37
12075,473.14
12072,470.33
12071,469.05
12070,467.87
12069,466.66
12068,465.18
12067,463.98
12066,462.19
12065,460.94
12064,459.44
12063,458.25
12062,456.76
12061,455.48
12060,454.08
12059,452.83
12058,451.6
12057,450.22
12056,420.44
12054,465.38
12053,452.44
12051,459.79
12050,140.26
12049,161.69
12048,282.95
12046,106.64
12045,95.78
12044,223.52
12043,208.76
12042,301.16
12041,219.28
12040,196.3
12039,372.38
12038,34.6
12037,225.18
12036,326.34
12035,210.9
12034,134.91
12033,169.77
12032,398.34
12031,279.32
12030,351.7
12029,312.43
12028,344.64
12027,295.25
12026,367.14
12025,407.75
12024,440.47
12022,505.04
12021,494.66
12020,479.77
12019,476.96
12018,505.04
12017,478.03
12016,473.8
12015,481.01
12014,494.01
12013,493.31
12012,497.34
12011,501.28
12010,505.31
12009,517.43
12008,513.39
12007,517.43
12006,521.5
12005,475.14
12004,467.94
12003,475.14
12002,471.54
12001,475.14
11999,486.09
11998,478.77
11997,486.09
11996,493.4
11995,489.74
11994,493.4
11992,477.41
11991,481.21
11990,484.71
11989,488.34
11988,495.67
11987,499.46
11986,503.09
11985,281.78
11984,251.65
11982,249.14
11979,275.1
11978,260.34
11975,485.37
11974,501.28
11973,517.43
11972,533.73
11971,460.55
11970,489.74
11969,475.14
11968,489.74
11967,503.76
11966,470.15
11965,484.67
11964,499.38
11963,514.1
11962,171.72
11961,278.6
11960,261.37
11959,269.34
11958,264.59
11955,342.42
11952,272.71
11951,326.09
11950,301.74
11949,352.57
11920,216.7
11919,211.49
11918,447.41
11917,195.94
11915,268.65
11914,241.81
11896,280.11
11895,177.32
11894,276.77
11893,282.31
11892,269.91
11891,417.56
11889,273.07
11888,454.27
11885,266.54
11884,279.95
11883,238.44
11882,234.85
11881,448.1
11880,431.79
11879,293.04
11878,442.92
11877,281.72
11876,283.82
11875,288.13
11874,289.1
11873,220.64
11872,239.44
11871,245.59
11870,232.92
11869,216.18
11845,127.05
11843,237.39
11842,218.67
11841,257.04
11840,107.91
11837,206.74
11836,231.21
11835,232.81
11834,236.28
11830,251.16
11829,265.19
11828,252.55
11826,305.06
11823,287.72
11822,294.69
11821,290.33
11817,278.02
11816,286.55
11815,285.1
11813,291.68
11812,282.06
11810,446.19
11808,497.35
11807,501.25
11806,501.8
11805,449.84
11801,256.42
11773,536.38
11752,404.4
11751,418.75
11750,433.05
11749,447.78
11748,462.92
11747,477.6
11746,506.73
11745,521.44
11744,633.02
11743,550.92
11742,394.27
11741,409.13
11740,438.68
11739,423.76
11738,438.68
11737,453.35
11736,497.25
11735,467.99
11734,497.25
11733,510.9
11732,525.77
11731,540.87
11730,415.1
11729,430.46
11728,477.36
11727,445.96
11726,477.36
11725,461.58
11724,477.36
11723,493.31
11722,525.54
11721,541.92
11720,558.22
11719,574.92
11462,402.46
11461,376.16
11460,366.36
11459,384.61
11458,407.65
11457,378.4
11372,154.02
11371,283.72
11275,302.52
11273,305.93
11272,353.59
11271,249.84
11268,362.68
11267,416.25
11264,262.06
11261,356.64
11260,330.4
11256,176.2
11253,280.9
11252,442.97
11247,427.71
11246,386.41
11243,367.78
11242,426.26
11239,348.89
11238,456.93
11236,445.45
11235,409.09
11234,449.59
11231,374.29
11230,426.21
11225,264.11
11211,255.24
11210,222.4
11209,255.25
11208,369.06
11207,450.14
11206,257.05
11205,407.75
11204,504.68
11203,373.7
11202,422.07
11201,477.07
11200,309.44
11199,409.24
11198,322.09
11197,286.4
11196,434.93
11195,376.54
11194,411.62
11193,465.04
11192,434.95
11191,487.05
11190,488.28
11187,486.2
11185,398.95
11184,270.9
11183,487.05
9458,356.04
9457,357.81
9456,285.41
9455,417.4
9454,280.89
9453,303.49
9451,237.57
9450,294.97
9449,237.57
9448,346.25
9447,346.25
9446,228.93
9445,307.61
9443,333.37
9442,441.79
9438,384.3
9436,-57.58
9435,455.85
9434,459.56
9433,-57.58
9432,318.01
9431,-57.58
9430,319.8
9429,303.49
9427,280.89
9426,417.4
9425,327.87
9424,417.4
9422,472.97
9421,335.38
9420,285.15
9207,178.83
9205,271.58
9204,478.79
9203,396.2
9202,478.87
9201,137.08
9200,254.36
9199,228.82
9198,206.92
9197,172.4
9196,-0.51
9195,129.38
9194,357.07
9193,168.78
9192,205.57
9190,391.56
9189,391.94
9188,380.53
9187,326.54
9186,406.56
9185,403.4
9184,226.93
9183,224.09
9182,372.18
9179,357.78
9178,547.23
9177,357.15
9176,478.7
9175,339.67
9174,328.26
9172,299.84
9171,370.56
9170,372.3
9158,503.48
9138,395.83
9071,390.87
9070,399.24
9068,399.24
9067,393.92
9066,431.37
9065,427.44
9064,424.46
9063,420.49
9062,408.11
9061,446.17
9060,437.66
9059,396.68
9058,433.08
9040,435.14
9039,428.39
9038,427.46
9037,432.77
9036,380.03
8429,256.04
8427,271.82
8425,217.7
8424,231.37
8423,245.43
8422,310.02
8421,278.33
8420,276
8419,256.59
8418,290.19
8417,285.06
8416,226.46
8415,333.19
8414,323.84
8413,269.82
8408,464.87
8164,418.14
8163,418.11
7904,272.82
7899,293.05
7898,787.06
7897,503.55
7894,427.42
7893,426.91
7892,421.78
7870,389.94
7869,433.12
7817,397.05
7816,439.61
7815,435.44
7814,634.66
7813,440.7
7812,418.48
7811,396.64
7810,531.27
7809,432.06
7800,277.09
7799,300.49
7797,248.26
7704,292.66
7703,473.95
7702,401.13
7701,384.86
7699,254.23
7698,251.6
7697,305.02
7696,319.98
7695,372.38
7694,379.45
7687,351.21
7686,360.26
7685,437.53
7684,394.57
7683,295.91
7682,301.44
7681,188.22
7680,376.53
7679,138.64
7678,272.23
7677,229.56
7676,262.9
7675,103.12
7674,216.32
7673,318.93
7608,435.62
7605,480.69
7568,327.03
7567,272.48
7566,357.39
7565,480.69
7547,352.01
7546,456.68
7545,43.21
7544,480.07
7541,404.24
7540,285.94
7535,373.15
7534,400.99
7533,322.87
7532,399.13
7529,421.65
7528,420.07
7526,399.14
7525,292.65
7523,416.62
7522,355.79
7521,395.57
7520,445.87
7519,414.79
7518,473.31
7517,377.83
7516,339.83
7515,430.67
7514,304.89
7513,483.5
7512,390.63
7511,381.75
7510,391.29
7509,398.88
7482,336.52
7477,282.63
7475,240.68
7474,290.91
7473,144.8
7472,150.55
7471,103.75
7469,295.93
7468,275.49
7467,88.11
7466,54.28
7465,250.16
7464,44.29
7462,71.81
7461,218.58
7460,95.62
7459,44.02
7455,292.18
7454,290.45
7453,292.18
7452,439.38
7451,370.42
7450,348.42
7448,459.53
7439,440.9
7438,483.46
7437,344.94
7436,365.21
7435,338.68
7434,343.73
7433,429.05
7432,340.53
7431,372.56
7430,455.12
7429,420.82
7428,454.06
7427,410.53
7426,336.08
7425,147.41
7424,199.72
7423,201.71
7422,246.73
7421,329.86
7420,318.9
7419,263.92
7259,263.45
6784,393.35
6782,432.82
6781,427.37
6780,384.65
6779,427.01
6778,348.19
6777,369.04
6776,439.51
6766,400.49
6765,406.78
6734,413.62
6733,404.82
6732,413.62
6731,366.73
6730,413.62
6729,409.56
6728,388.85
6727,394.23
6726,377.49
6725,384.4
6724,377.49
6723,376.45
6722,345.11
6721,350.5
6720,357.95
6719,364.8
6718,404.82
6717,369.86
6716,472.43
6715,494.93
6714,487.14
6713,479.63
6712,443.34
6711,453.2
6710,463.07
6299,118.45
6298,122.78
6297,120.87
6296,122.78
6294,458.02
6289,140.6
6284,141.35
6274,112.94
6259,119.88
6258,123.05
6257,95.02
6256,115.54
6255,145.29
6254,93.66
6253,115.06
6252,93.66
6251,111.28
6250,140.62
6249,110.12
6217,144.66
6212,246.7
6171,141.58
6160,424.92
6154,671.3
6147,675.39
6146,266.39
6139,259.74
6137,676.77
6135,92.14
6134,110.07
6133,99.81
6124,241.84
6120,128.61
6119,149.14
6118,468.07
6115,152.45
6114,341.08
6113,249.26
6112,371.12
6111,270.73
6110,273.54
6109,176.15
6108,185.01
6106,197.32
6105,385.22
6103,138.14
6101,136.91
6100,135.99
6099,137.54
6098,464.02
6096,313.48
6093,84.18
6089,138.88
6087,367.29
6086,269.92
6085,273.6
6084,95.52
6080,272.63
6079,346.6
6078,15.75
6077,259.96
6075,15.75
6074,253
6073,236.86
6072,243.03
6071,271.99
6070,259.65
6069,119.13
6065,156.3
6064,109.73
6063,255.38
6062,354.23
6055,29.05
6053,182.54
6052,170.57
6051,255.83
6050,224.08
6049,349.55
6047,188.69
6046,345.13
6045,179.19
6030,503.82
6028,594.13
6023,593.59
6010,272.19
6008,574.79
6007,430.38
6005,426.43
6004,429.67
6002,86.75
5999,290.31
5997,100.14
5996,252.73
5995,151.94
5988,228.03
5987,129.54
5986,128.38
5985,184.15
5984,123.98
5983,317.87
5982,241.61
5981,142.29
5973,119.82
5972,189.72
5971,179.92
5970,266.84
5969,298.63
5968,220.89
5967,166.05
5966,107
5965,141.83
5964,318.82
5963,285.68
5962,171.82
5937,80.61
5935,91.69
5934,101.41
5933,104.63
5932,142.14
5931,108.58
5930,139.78
5919,108.13
5918,117.67
5917,101
5916,117.39
5915,114.51
5914,72.43
5913,105.91
5912,109.01
5910,162.68
5909,133.51
5907,115.19
5906,133.61
5905,279.06
5897,189.1
5896,212.86
5895,412.96
5894,264.85
5893,114.93
5850,191.22
5849,180.15
5848,298.59
5847,300.94
5846,86.76
5845,250.07
5826,261
5825,135.36
5824,155.02
5823,183.88
5822,218.43
5821,79.6
5801,183.88
5800,200.03
5799,151.08
5798,190.66
5717,87.23
5716,84.96
5715,94.45
5714,110.65
5713,109.09
5658,464.46
5656,273.34
5655,305.11
5644,354.99
5638,316.68
5637,750.5
5635,305.74
5634,336.56
5633,353.3
5632,356.91
5627,312.81
5626,320.67
5625,338.93
5624,349.42
5619,287.05
5618,301.52
5617,321.45
5616,335.41
5615,350.7
5609,335.41
5608,193.47
5607,350.7
5604,359.91
5602,178.73
5601,180.93
5600,195.82
5599,201.93
5594,166.44
5592,135.27
5582,174.66
5581,181.49
5580,193.47
5579,202.66
5578,368.71
5577,387.69
5576,405.66
5568,124.33
5567,147.34
5566,167.76
5565,187.59
5542,162.31
5520,567.86
5519,554.51
5518,540.73
5516,541.79
5515,519.69
5514,509.61
5511,355.95
5510,346.21
5509,530.17
5508,536.08
5507,532.48
5506,544.82
5505,506.54
5504,521.97
5503,510.49
5502,499.46
5501,388.22
5500,385.96
5499,362.88
5498,519.2
5497,515.59
5496,511.18
5495,504.85
5494,506.46
5493,502.82
5491,491.02
5488,429.68
5429,455.53
5428,453.8
5427,458.74
5379,435.26
5377,431.55
5376,430.36
5374,465.37
5373,521.19
5372,481.64
5371,370.75
5370,186.94
5369,465.37
5359,463.06
5339,214.56
5337,273.48
5336,255.85
5335,197.73
5334,155.68
5333,237.43
5302,191.57
5301,458.57
5300,450.9
5299,383.29
5298,257.11
5296,438.16
5295,446.58
5294,447.03
5293,442.06
5286,274.07
5285,236.2
5284,272.8
5283,378.71
5282,529.64
5281,336.61
5280,429.33
5279,518.2
5278,535.09
5277,360.61
5276,498.1
5275,515.78
5274,512.6
5273,526.84
5272,460.26
5271,471.18
5270,505.58
5269,392.72
5268,381.76
5267,447.47
5266,478.92
5265,482.35
5264,496.38
5263,509.81
5262,340.48
5261,420.15
5260,478.25
5259,371.08
5258,290.75
5257,417.59
5256,426.89
5255,433.02
5254,458.43
5253,466.82
5252,465.73
5251,251.28
5250,254.07
5249,262.11
5248,258.87
5247,258.42
5246,229.51
5245,243.35
5244,253.6
5243,199.27
5242,267.39
5240,467.91
5239,442.57
5238,459.37
5235,464.41
5234,467.9
5233,465.6
5232,472.13
5231,460.9
5230,463.34
5229,461.86
5228,449.57
5227,454.99
5226,466.05
5225,442.92
5224,235.35
5211,94.26
5210,133.26
5209,110.53
5208,71.38
5207,255.5
5206,159.81
5204,130.23
5203,311.56
5200,156.4
5199,248.21
5198,120.24
5197,107.64
5194,268.78
5193,108.97
5192,148.86
5190,172.69
5189,157.3
5186,136.89
5176,254.12
5175,223.53
5174,221.1
5173,177.71
5172,214.58
5171,147.49
5170,143.96
5169,197.32
5168,132.36
5167,115.69
5166,119.14
5164,139.23
5163,193.91
5162,251
5161,222.72
5160,224.21
5159,231.36
5158,362.25
5138,216.17
5137,200.38
5136,231.46
5135,189.14
5134,167.91
5133,207.05
5132,180.67
5131,199.22
5130,112.78
5129,125.99
5128,160.35
5127,181.07
5126,178.81
5125,167.5
5124,242.34
5123,240.79
5122,179.64
5120,565.04
5119,225.89
5118,232.4
5117,218.88
5116,215.83
5115,197.99
5114,229.15
5113,143.24
5112,179.13
5111,137.76
5110,145.84
5109,179.12
5108,177.13
5107,251.36
5106,184.08
5105,259.61
5104,201.77
5103,223.08
5101,367.1
5100,309.03
5099,460.06
5097,442.45
5096,367.24
5095,1389.58
5094,215.04
5093,191.57
5092,175.49
5091,231.43
5090,268.31
5089,371.82
5088,322.19
5087,304.79
5086,384.77
5085,378.99
5084,331.93
5083,289.35
5082,183.7
5062,213.77
5060,267.28
5059,442.18
5058,395.17
5056,222.68
5055,191.26
5054,131.39
5053,243.34
5052,216.25
5051,360.68
5050,338.38
5049,332.09
5048,395.32
5047,350.94
5046,342.72
5045,73.13
5044,227.81
5043,297.65
5042,505.65
5041,255.04
5040,451.82
5039,458.9
5038,345.66
5037,239.93
5036,360.49
5035,273.61
5034,344.26
5033,173.15
5032,378.45
5031,391.95
5030,353.41
5029,407.44
5028,429.73
5027,410.11
5026,342.95
5025,206.63
5021,171.43
5017,378.25
5016,282.25
5015,140.84
5013,498.9
5012,500.7
5011,492.34
5010,300.41
5008,492.86
5001,301.04
4997,129.65
4996,202.6
4994,230.25
4993,218.91
4992,220.55
4990,264.97
4988,255.1
4987,208.23
4986,256.42
4985,282.81
4984,243.84
4983,256.62
4982,263.65
4981,267.42
4980,274.25
4979,290.65
4978,285.37
4977,283.5
4976,283.22
4975,280.66
4974,280.32
4972,310.78
4970,242.72
4969,227.95
4968,258.84
4967,227.62
4966,221.05
4965,251.84
4964,222.3
4963,190.68
4962,177.62
4961,202.42
4960,210.28
4959,219.48
4958,212.89
4957,257.97
4956,234.6
4955,232.88
4954,244.71
4953,220
4952,225.92
4951,230.74
4950,228.8
4949,249.07
4948,265.72
4947,226.91
4946,252.13
4945,262.79
4944,250.06
4943,228.99
4942,155.03
4941,224.78
4940,237.97
4939,258.08
4938,266.54
4937,270.08
4936,266.7
4935,268.06
4934,260.91
4933,253.67
4932,228.5
4931,249.06
4930,237.59
4929,230.81
4928,233.33
4927,234.81
4926,215.22
4925,202.87
4924,197.88
4923,200.61
4922,235.96
4921,237.69
4920,231.36
4919,238.12
4918,228.57
4917,259.31
4916,338.05
4915,410.83
4914,440.99
4913,493.02
4912,476.21
4911,421.56
4910,469.51
4909,461.06
4908,403.66
4907,317.53
4906,350.44
4905,357.68
4904,380.96
4903,382.3
4902,419.48
4901,464.07
4900,432.75
4899,383.62
4898,335.54
4897,284.52
4896,410.79
4895,380.65
4894,373.52
4893,398.98
4892,416.78
4891,364.78
4890,406.17
4889,406.63
4888,419.49
4887,448.07
4886,441.13
4885,428.74
4884,423.16
4883,416.5
4882,413.59
4881,381.13
4880,435.72
4879,432.58
4878,451.12
4877,486.15
4875,471.09
4874,453.69
4873,425.17
4872,477.47
4871,460.07
4870,444.99
4869,477.04
4868,468.34
4867,506.01
4866,504.34
4865,509.88
4864,329.93
4862,484.71
4861,477.94
4860,505.81
4859,474.51
4858,386.25
4857,414.47
4856,354.71
4855,413.66
4854,422.41
4853,403.67
4852,386.06
4851,403.71
4850,208.69
4849,414.03
4848,459.17
4847,426.55
4846,393.83
4845,429.51
4844,481.12
4843,463.77
4842,260.46
4841,504.34
4829,297.42
4828,382.81
4827,397.18
4826,344.52
4825,412.32
4824,446.7
4821,134.5
4820,213.78
4819,114.2
4818,159.4
4817,141.92
4815,73.88
4814,140.81
4810,239.82
4809,49.37
4805,357.89
4802,263.04
4801,65.62
4798,142.57
4796,134.5
4795,258.31
4794,134.71
4792,237.04
4791,165.46
4790,158.25
4789,149.32
4782,358.63
4781,372.66
4780,208.49
4779,302.06
4778,144.27
4777,305
4776,228.37
4775,224.91
4774,255.85
4773,103.35
4772,57.64
4771,137.08
4769,263
4767,147.43
4766,133.91
4765,199.64
4763,118.27
4762,89.91
4761,101.97
4757,158.4
4756,237.2
4755,293.08
4754,196.18
4753,122.45
4752,93
4693,304.14
4692,121.28
4691,140.25
4690,193.13
4689,201.28
4688,146.85
4687,231.12
4686,109.03
4685,179.02
4684,195.85
4683,112.89
4682,194.56
4681,130.03
4680,159.57
4679,55.17
4677,101.87
4676,138.08
4675,211.23
4674,126.34
4673,149.33
4672,72.99
4669,258.07
4668,277.81
4665,253.33
4664,293.14
4663,288.78
4662,312.03
4661,309.19
4660,371.78
4659,168.12
4655,91.78
4654,245.91
4652,136.69
4651,302.37
4650,235.27
4649,241.15
4648,221.17
4646,193.75
4642,136.25
4641,108.87
4640,169.31
4639,138.24
4637,256.87
4636,258.56
4635,252.05
4634,271.82
4633,254.23
4612,220.43
4611,233.41
4610,236.25
4609,238.69
4608,229.87
4607,233.18
4606,232.89
4605,197.29
4604,195.6
4603,209.63
4602,223.54
4601,224.09
4600,240.09
4599,235.15
4598,254.84
4597,269.51
4596,275.34
4595,328.16
4577,276.86
4575,494.75
4574,329.24
4573,196.59
4572,201.27
4571,174.19
4570,154.56
4568,135.38
4567,90.58
4566,110.93
4565,168.81
4563,88.05
4562,174.86
4561,255.98
4559,296.95
4558,859.62
4557,293.16
4556,216.57
4555,224.79
4554,207.12
4553,263.71
4551,219.69
4550,247.17
4547,118.73
4546,160.89
4545,155.9
4544,138.2
4543,242.76
4542,275.02
4540,296.95
4539,543.77
4538,197.58
4536,223.6
4535,230.1
4534,219.52
4533,225.09
4532,228.78
4531,211.21
4530,192.99
4529,210.17
4528,223.62
4527,242.14
4526,248.89
4525,226.34
4524,210.82
4523,225.33
4522,214.08
4521,296.95
4506,171.21
4502,296.95
4501,369.19
4497,331.52
4496,396.93
4494,315.4
4493,384.14
4492,329.62
4491,282.68
4490,302.55
4489,180.67
4488,231.22
4487,273.88
4486,364.5
4485,414.7
4484,240.16
4483,440.44
4482,328.1
4481,303.47
4479,352.14
4478,442.3
4477,412.38
4475,428.56
4474,399.44
4473,371.92
4472,397.45
4471,408.31
4470,409.31
4469,413.93
4468,410.32
4467,440.65
4466,414.79
4465,294.68
4464,418.56
4463,333.3
4447,414.02
4443,732.76
4442,500.56
4441,77.13
4440,414.79
4439,400.37
4438,158.28
4435,174.41
4434,203.76
4433,307.85
4432,368.77
4431,320.09
4429,390.13
4428,447.24
4424,618.42
4423,503.63
4422,146.45
4421,420.15
4420,353.79
4419,266.59
4418,219.61
4416,267.25
4415,286.84
4414,313.24
4413,307.14
4412,117.19
4410,319.94
4409,120.09
4405,486.07
4404,503.7
4403,377.72
4402,441.92
4401,447.25
4400,377.88
4398,403.33
4397,464.36
4396,443.81
4395,381.29
4394,341.79
4393,354.41
4392,318.04
4391,347.97
4390,358.31
4389,322.2
4388,365.55
4386,503.63
4368,192.19
4367,326.35
4366,175.26
4364,242.12
4361,227.36
4360,195.68
4359,201.99
4358,212.16
4356,190.57
4355,129.71
4285,225.93
4282,376.63
4281,198.88
4280,375.01
4274,316.07
4273,262.32
4271,145.41
4264,366.79
4263,208.02
4260,291.61
4259,291.82
4256,254.2
4250,350.85
4248,217.72
4246,223.64
4244,271.49
4240,348.61
4239,367.57
4238,400.79
4236,293.98
4235,342.49
4234,402.59
4233,279.4
4232,486.57
4231,312.62
4230,317.91
4229,341.63
4228,374.55
4227,397.92
4226,470.27
4225,401.14
4224,457.5
4223,437.51
4182,124.19
4181,154.02
4180,190.05
4179,240.41
4178,285.04
4177,343.53
4176,390.7
4132,133.56
4131,104.06
4130,196.1
4096,136.94
4095,104.45
4094,156.94
4093,126.7
4092,205.5
4091,255.91
4090,170.99
4089,212.62
4087,184.82
4086,215.79
4085,173.75
4084,199.41
4082,170
4080,152.43
4079,172.82
4077,68.38
4076,148.01
4075,123.08
4074,185.5
4073,188.8
3896,381.46
3868,431.58
3867,491.79
3866,381.53
3865,468.01
3862,469.48
3861,402.42
3843,136.5
3787,315.53
3786,367.92
3785,390.31
3784,368.41
3767,370.72
3766,365.59
3765,317.87
3764,382.32
3763,338.56
3762,362.93
3761,439.36
3760,422.82
3759,263.08
3758,377.38
3757,433.04
3756,370.1
3755,416.88
3754,404.95
3753,446.68
3752,452.77
3751,414.91
3750,447.35
3749,209.74
3748,-437.52
3740,192.07
3733,148.38
3732,153.28
3731,227.42
3730,199.61
3729,234.04
3728,189
3727,210.03
3726,206.98
3725,228.93
3724,169.72
3708,199.61
3700,178.13
3699,223.95
3688,176.89
3687,189.36
3686,169.61
3685,219.53
3684,175.12
3677,198.74
3676,219.21
3673,269.51
3650,227.53
3649,190.73
3596,191.58
3593,437.93
3592,434.18
3591,198.45
3576,217.64
3535,170.6
3533,269.05
3532,231.2
3530,258.39
3529,202.24
3528,267.61
3526,194.05
3524,243.62
3522,233.81
3521,211.9
3520,254.02
3519,268.62
3518,266.64
3517,262.82
3516,250.02
3515,264.43
3514,269.89
3513,259.9
3512,253.86
3511,274.45
3510,260.08
3509,202.85
3508,208.32
3507,215.86
3480,233.81
3479,224.53
3478,249.06
3477,227.3
3476,262.76
3475,262.85
3474,268.51
3473,293.66
3448,309.4
3447,117.05
3446,363.14
3445,313.48
3444,406.71
3443,405.61
3442,475.96
3441,479.87
3440,464.58
3439,411.87
3438,462.82
3437,460.8
3436,460.08
3435,451.88
3434,464.92
3433,408.56
3431,285.25
3430,279.99
3429,279.99
3428,276.44
3427,277.71
3426,272.02
3425,275.45
3424,270.9
3423,260.35
3422,256.9
3421,259.86
3420,265.81
3419,266.61
3418,277.12
3417,281.1
3416,264.74
3415,277.61
3414,277.56
3413,263.31
3412,265.01
3410,227.95
3409,298.84
3407,220.54
3406,111.43
3404,180.68
3403,205.24
3401,214.42
3400,228.36
3399,228.44
3398,235.17
3397,239.75
3396,203.94
3395,202.03
3394,199.32
3392,196.17
3390,181.74
3389,216.38
3388,227.95
3387,298.84
3386,266.28
3385,237.28
3384,237.23
3383,243.95
3382,253.08
3381,250.22
3380,254.71
3379,251.63
3378,264.98
3377,193.62
3376,243.94
3375,259.72
3374,152.39
3373,152.32
3372,265.7
3368,236.61
3367,231.62
3366,400.46
3365,391.88
3364,439.18
3363,447.67
3362,468.26
3361,463.64
3360,474.23
3359,511.54
3358,501.59
3357,315.84
3356,301.34
3355,421.02
3354,478.41
3353,522.72
3352,356.99
3351,422.28
3350,459.35
3349,464.16
3348,441.63
3346,259.03
3345,258.95
3344,460.33
3343,462.17
3342,462.17
3341,461.52
3340,462.18
3339,315.31
3338,522.48
3337,357.27
3336,441.96
3310,215.9
3309,144.33
3307,179.65
3277,411.25
3270,473.38
3269,416.69
3267,221.49
3266,304.04
3265,304.8
3261,375.55
3258,328.43
3257,326.01
3256,304.23
3255,329.98
3253,576.35
3251,447.46
3250,435.83
3212,236.18
3200,127.69
3196,218.39
3194,199.38
3150,295.68
3149,339.68
3147,385.46
3145,483.83
3143,344.18
3142,394.24
3063,279.49
3062,249.83
3061,225.33
2939,286.95
2934,132.95
2933,166.67
2932,363.64
2928,376.43
2927,371.94
2926,266.82
2925,261.1
2924,212.5
2923,200.96
2922,276.35
2920,315.73
2919,244.83
2918,195.83
2917,116.5
2916,219.1
2915,255.25
2871,140.45
2869,475.5
2868,470.41
2867,500.75
2866,474.6
2865,480.53
2864,473.77
2863,483.19
2774,494.21
2773,435.17
2772,443.29
2770,328.93
2769,490.97
2748,369.32
2746,356.29
2745,386.4
2743,334.55
2742,455.07
2741,484.59
2740,355.68
2739,345.04
2738,320.28
2737,385.18
2736,347.02
2735,378.22
2734,395.24
2733,406.36
2732,481.63
2731,334.26
2730,310.4
2729,433.91
2728,370.45
2727,316.82
2725,479.33
2723,129.98
2719,178.93
2718,149.47
2717,196.75
2715,92.16
2714,182.97
2713,120.47
2712,205.87
2711,250.91
2710,168.47
2708,203.96
2706,183.28
2705,212.53
2704,208.32
2703,194.07
2702,100.86
2701,166.43
2700,191.3
2699,159.71
2698,176.75
2696,69.09
2695,145.21
2694,113.1
2673,287.41
2672,266.81
2671,278.81
2670,277.48
2669,279.09
2668,279.1
2667,279.13
2666,278.32
2665,279.4
2664,453.03
2660,224.05
2656,503.32
2653,298.39
2649,469.19
2648,461.83
2647,457.97
2646,462
2645,452.76
2644,447.22
2643,440.97
2640,464.12
2639,450.72
2638,435.28
2635,475.94
2634,461.95
2633,465.97
2632,475.55
2628,260.97
2627,261.28
2626,255.53
2625,255.53
2624,287.28
2623,268.69
2569,305.09
2568,313.78
2567,324.47
2564,319.78
2563,320.07
2562,309.03
2560,127.83
2559,111.89
2558,123.84
2557,145.6
2556,179.23
2555,178.32
2554,214.36
2553,239.48
2552,248.04
1893,297.98
1842,418.43
1841,443.28
1840,468.44
1839,677.15
1834,466.17
1833,435.67
1831,271.16
1823,463.43
1822,468.06
1821,467.51
1820,487.63
1819,470.16
1675,202.92
1674,206.67
1673,215.72
1672,153.57
1645,239.64
1634,234.27
1632,236.06
1631,233.53
1630,268.04
1629,266.88
1628,267.31
1627,269.1
1626,264.92
1625,113.98
1566,164
1537,202.47
1533,211.27
1531,269.71
1518,214.47
1517,333.83
1516,228.79
1514,431.82
1509,204.51
1508,218.39
1493,292.99
1492,226.57
1491,196.29
1490,283.54
1489,195.56
1479,281.44
1478,346.14
1401,133.84
1393,69.79
1392,102.08
1391,157.14
1390,57.59
1385,79.01
1382,118.33
1363,249.85
1362,215.16
1361,157.81
1360,197.06
1359,269.04
1358,131.85
1357,159.56
1356,213.53
1353,321.55
1352,284.2
1351,190.89
1350,288.45
1349,261.87
1348,233.4
1347,163.31
1346,155.73
1345,181.7
1344,220.01
1343,250.61
1342,213.08
1341,175.65
1340,142.53
1329,346.2
