1328,0.304
1329,0.259
1340,0.352
1341,0.33
1342,0.276
1343,0.252
1344,0.303
1345,0.325
1346,0.332
1347,0.361
1348,0.308
1349,0.278
1350,0.283
1351,0.32
1352,0.271
1353,0.286
1356,0.296
1357,0.363
1358,0.356
1359,0.31
1360,0.332
1361,0.35
1362,0.347
1363,0.228
1382,0.369
1385,0.384
1390,0.399
1391,0.367
1392,0.35
1393,0.416
1401,0.296
1478,0.261
1479,0.3
1489,0.28
1490,0.261
1491,0.284
1492,0.298
1493,0.236
1508,0.304
1509,0.318
1514,0.213
1516,0.258
1517,0.209
1518,0.279
1531,0.232
1533,0.31
1537,0.322
1566,0.355
1625,0.364
1626,0.295
1627,0.295
1628,0.295
1629,0.295
1630,0.295
1631,0.314
1632,0.312
1634,0.309
1645,0.28
1672,0.362
1673,0.256
1674,0.287
1675,0.295
1819,0.203
1820,0.209
1821,0.211
1822,0.202
1823,0.212
1831,0.29
1833,0.209
1834,0.212
1839,0.207
1840,0.211
1841,0.28
1842,0.279
1893,0.302
2552,0.225
2553,0.241
2554,0.269
2555,0.309
2556,0.31
2557,0.347
2558,0.37
2559,0.384
2560,0.369
2562,0.178
2563,0.177
2564,0.185
2567,0.195
2568,0.207
2569,0.204
2623,0.171
2624,0.188
2625,0.175
2626,0.175
2627,0.209
2628,0.208
2632,0.199
2633,0.204
2634,0.211
2635,0.191
2638,0.209
2639,0.228
2640,0.213
2643,0.229
2644,0.219
2645,0.211
2646,0.202
2647,0.198
2648,0.193
2649,0.187
2653,0.244
2656,0.167
2660,0.331
2664,0.227
2665,0.168
2666,0.167
2667,0.169
2668,0.171
2669,0.167
2670,0.172
2671,0.165
2672,0.187
2673,0.18
2694,0.36
2695,0.321
2696,0.378
2698,0.323
2699,0.346
2700,0.322
2701,0.354
2702,0.352
2703,0.314
2704,0.306
2705,0.337
2706,0.323
2708,0.316
2710,0.34
2711,0.295
2712,0.32
2713,0.359
2714,0.292
2715,0.363
2717,0.305
2718,0.327
2719,0.321
2723,0.343
2725,0.221
2727,0.286
2728,0.273
2729,0.2
2730,0.312
2731,0.266
2732,0.196
2733,0.202
2734,0.256
2735,0.26
2736,0.266
2737,0.266
2738,0.25
2739,0.25
2740,0.242
2741,0.205
2742,0.199
2743,0.263
2745,0.247
2746,0.249
2748,0.26
2769,0.206
2770,0.303
2772,0.21
2773,0.243
2774,0.204
2863,0.221
2864,0.227
2865,0.195
2866,0.213
2867,0.211
2868,0.202
2869,0.212
2871,0.394
2915,0.321
2916,0.325
2917,0.335
2918,0.354
2919,0.335
2920,0.299
2922,0.29
2923,0.318
2924,0.348
2925,0.331
2926,0.286
2927,0.265
2928,0.265
2932,0.268
2933,0.324
2934,0.346
2939,0.28
3061,0.277
3062,0.32
3063,0.269
3142,0.248
3143,0.262
3145,0.216
3147,0.262
3149,0.271
3150,0.283
3194,0.34
3196,0.323
3200,0.355
3212,0.283
3250,0.209
3251,0.219
3253,0.041
3255,0.269
3256,0.274
3257,0.261
3258,0.254
3261,0.223
3265,0.274
3266,0.27
3267,0.311
3269,0.211
3270,0.226
3277,0.231
3307,0.368
3309,0.344
3310,0.323
3336,0.192
3337,0.28
3338,0.232
3339,0.339
3340,0.196
3341,0.197
3342,0.196
3343,0.196
3344,0.197
3345,0.27
3346,0.268
3348,0.192
3349,0.187
3350,0.198
3351,0.23
3352,0.28
3353,0.232
3354,0.247
3355,0.275
3356,0.336
3357,0.339
3358,0.204
3359,0.198
3360,0.219
3361,0.223
3362,0.22
3363,0.236
3364,0.24
3365,0.267
3366,0.262
3367,0.286
3368,0.285
3372,0.285
3373,0.3
3374,0.3
3375,0.292
3376,0.304
3377,0.324
3378,0.292
3379,0.302
3380,0.299
3381,0.305
3382,0.304
3383,0.314
3384,0.319
3385,0.319
3386,0.297
3387,0.244
3388,0.329
3389,0.329
3390,0.269
3392,0.345
3394,0.328
3395,0.313
3396,0.335
3397,0.33
3398,0.331
3399,0.34
3400,0.333
3401,0.343
3403,0.32
3404,0.331
3406,0.354
3407,0.321
3409,0.244
3410,0.329
3412,0.292
3413,0.292
3414,0.291
3415,0.291
3416,0.3
3417,0.287
3418,0.29
3419,0.298
3420,0.291
3421,0.295
3422,0.299
3423,0.289
3424,0.283
3425,0.279
3426,0.278
3427,0.274
3428,0.274
3429,0.269
3430,0.269
3431,0.265
3433,0.225
3434,0.186
3435,0.196
3436,0.197
3437,0.196
3438,0.195
3439,0.237
3440,0.251
3441,0.247
3442,0.253
3443,0.28
3444,0.284
3445,0.33
3446,0.311
3447,0.398
3448,0.279
3473,0.248
3474,0.266
3475,0.268
3476,0.268
3477,0.287
3478,0.281
3479,0.284
3480,0.29
3507,0.3
3508,0.312
3509,0.305
3510,0.295
3511,0.284
3512,0.303
3513,0.299
3514,0.288
3515,0.3
3516,0.307
3517,0.301
3518,0.298
3519,0.296
3520,0.311
3521,0.344
3522,0.322
3524,0.311
3526,0.322
3528,0.288
3529,0.319
3530,0.292
3532,0.295
3533,0.264
3535,0.359
3576,0.322
3591,0.357
3592,0.21
3593,0.226
3596,0.362
3649,0.336
3650,0.335
3673,0.362
3676,0.332
3677,0.341
3684,0.331
3685,0.328
3686,0.356
3687,0.341
3688,0.333
3699,0.339
3700,0.349
3708,0.339
3724,0.351
3725,0.336
3726,0.343
3727,0.345
3728,0.347
3729,0.326
3730,0.339
3731,0.323
3732,0.374
3733,0.38
3740,0.339
3748,-0.814
3749,0.239
3750,0.218
3751,0.233
3752,0.232
3753,0.226
3754,0.228
3755,0.216
3756,0.259
3757,0.23
3758,0.227
3759,0.284
3760,0.228
3761,0.217
3762,0.261
3763,0.269
3764,0.238
3765,0.28
3766,0.235
3767,0.247
3784,0.23
3785,0.24
3786,0.258
3787,0.27
3843,0.36
3861,0.28
3862,0.25
3865,0.217
3866,0.273
3867,0.21
3868,0.239
3896,0.302
4073,0.279
4074,0.293
4075,0.346
4076,0.324
4077,0.382
4079,0.319
4080,0.348
4082,0.352
4084,0.323
4085,0.261
4086,0.333
4087,0.319
4089,0.328
4090,0.344
4091,0.291
4092,0.302
4093,0.349
4094,0.323
4095,0.344
4096,0.352
4130,0.327
4131,0.335
4132,0.364
4176,0.202
4177,0.207
4178,0.224
4179,0.242
4180,0.273
4181,0.303
4182,0.323
4223,0.205
4224,0.215
4225,0.21
4226,0.217
4227,0.246
4228,0.254
4229,0.264
4230,0.266
4231,0.25
4232,0.215
4233,0.33
4234,0.252
4235,0.27
4236,0.284
4238,0.195
4239,0.194
4240,0.185
4244,0.326
4246,0.322
4248,0.344
4250,0.265
4256,0.33
4259,0.28
4260,0.308
4263,0.313
4264,0.267
4271,0.365
4273,0.317
4274,0.299
4280,0.269
4281,0.352
4282,0.266
4285,0.319
4355,0.343
4356,0.298
4358,0.308
4359,0.33
4360,0.334
4361,0.256
4364,0.315
4366,0.329
4367,0.275
4368,0.322
4386,0.167
4388,0.278
4389,0.302
4390,0.262
4391,0.234
4392,0.295
4393,0.255
4394,0.241
4395,0.191
4396,0.208
4397,0.199
4398,0.244
4400,0.262
4401,0.215
4402,0.202
4403,0.233
4404,0.167
4405,0.185
4409,0.431
4410,0.285
4412,0.422
4413,0.286
4414,0.213
4415,0.31
4416,0.344
4418,0.376
4419,0.349
4420,0.299
4421,0.23
4422,0.381
4423,0.167
4424,0.175
4428,0.36
4429,0.264
4431,0.312
4432,0.259
4433,0.205
4434,0.38
4435,0.404
4438,0.413
4439,0.288
4440,0.245
4441,0.432
4442,0.167
4443,0.176
4447,0.243
4463,0.278
4464,0.23
4465,0.288
4466,0.245
4467,0.239
4468,0.254
4469,0.254
4470,0.256
4471,0.249
4472,0.251
4473,0.233
4474,0.248
4475,0.239
4477,0.243
4478,0.245
4479,0.303
4481,0.325
4482,0.287
4483,0.203
4484,0.281
4485,0.245
4486,0.298
4487,0.349
4488,0.372
4489,0.399
4490,0.322
4491,0.317
4492,0.206
4493,0.249
4494,0.312
4496,0.256
4497,0.328
4501,0.236
4502,0.245
4506,0.358
4521,0.245
4522,0.288
4523,0.296
4524,0.317
4525,0.306
4526,0.293
4527,0.296
4528,0.309
4529,0.318
4530,0.299
4531,0.299
4532,0.294
4533,0.307
4534,0.295
4535,0.302
4536,0.315
4538,0.33
4539,0.198
4540,0.245
4542,0.284
4543,0.335
4544,0.366
4545,0.352
4546,0.383
4547,0.412
4550,0.288
4551,0.335
4553,0.288
4554,0.336
4555,0.342
4556,0.357
4557,0.302
4558,0.117
4559,0.245
4561,0.302
4562,0.371
4563,0.436
4565,0.392
4566,0.423
4567,0.427
4568,0.327
4570,0.376
4571,0.384
4572,0.365
4573,0.393
4574,0.346
4575,0.25
4577,0.277
4595,0.264
4596,0.284
4597,0.285
4598,0.302
4599,0.324
4600,0.321
4601,0.332
4602,0.329
4603,0.332
4604,0.254
4605,0.314
4606,0.314
4607,0.323
4608,0.331
4609,0.31
4610,0.326
4611,0.332
4612,0.345
4633,0.303
4634,0.275
4635,0.195
4636,0.3
4637,0.325
4639,0.395
4640,0.373
4641,0.414
4642,0.387
4646,0.364
4648,0.357
4649,0.349
4650,0.355
4651,0.311
4652,0.311
4654,0.281
4655,0.343
4659,0.321
4660,0.27
4661,0.299
4662,0.3
4663,0.309
4664,0.28
4665,0.33
4668,0.293
4669,0.318
4672,0.376
4673,0.372
4674,0.374
4675,0.3
4676,0.362
4677,0.39
4679,0.479
4680,0.348
4681,0.348
4682,0.318
4683,0.342
4684,0.318
4685,0.329
4686,0.23
4687,0.303
4688,0.369
4689,0.319
4690,0.296
4691,0.351
4692,0.364
4693,0.268
4752,0.358
4753,0.345
4754,0.286
4755,0.342
4756,0.284
4757,0.358
4761,0.359
4762,0.36
4763,0.396
4765,0.345
4766,0.364
4767,0.38
4769,0.307
4771,0.329
4772,0.423
4773,0.355
4774,0.269
4775,0.282
4776,0.262
4777,0.261
4778,0.343
4779,0.288
4780,0.327
4781,0.29
4782,0.289
4789,0.298
4790,0.297
4791,0.315
4792,0.299
4794,0.337
4795,0.271
4796,0.357
4798,0.34
4801,0.465
4802,0.237
4805,0.13
4809,0.46
4810,0.209
4814,0.358
4815,0.409
4817,0.356
4818,0.302
4819,0.37
4820,0.299
4821,0.357
4824,0.23
4825,0.282
4826,0.275
4827,0.286
4828,0.268
4829,0.349
4841,0.167
4842,0.244
4843,0.19
4844,0.188
4845,0.208
4846,0.229
4847,0.218
4848,0.206
4849,0.22
4850,0.291
4851,0.211
4852,0.228
4853,0.235
4854,0.208
4855,0.226
4856,0.26
4857,0.237
4858,0.252
4859,0.188
4860,0.168
4861,0.183
4862,0.178
4864,0.278
4865,0.165
4866,0.17
4867,0.17
4868,0.19
4869,0.176
4870,0.203
4871,0.193
4872,0.184
4873,0.217
4874,0.199
4875,0.189
4877,0.184
4878,0.256
4879,0.214
4880,0.216
4881,0.228
4882,0.218
4883,0.223
4884,0.223
4885,0.215
4886,0.211
4887,0.211
4888,0.217
4889,0.226
4890,0.233
4891,0.247
4892,0.222
4893,0.236
4894,0.249
4895,0.249
4896,0.239
4897,0.23
4898,0.255
4899,0.233
4900,0.212
4901,0.204
4902,0.215
4903,0.23
4904,0.235
4905,0.252
4906,0.249
4907,0.235
4908,0.218
4909,0.201
4910,0.207
4911,0.209
4912,0.202
4913,0.202
4914,0.226
4915,0.235
4916,0.238
4917,0.268
4918,0.295
4919,0.288
4920,0.282
4921,0.274
4922,0.294
4923,0.326
4924,0.321
4925,0.291
4926,0.297
4927,0.28
4928,0.296
4929,0.286
4930,0.292
4931,0.287
4932,0.308
4933,0.287
4934,0.298
4935,0.289
4936,0.293
4937,0.29
4938,0.293
4939,0.299
4940,0.313
4941,0.324
4942,0.362
4943,0.307
4944,0.294
4945,0.289
4946,0.301
4947,0.324
4948,0.287
4949,0.306
4950,0.324
4951,0.324
4952,0.326
4953,0.307
4954,0.306
4955,0.294
4956,0.317
4957,0.308
4958,0.338
4959,0.33
4960,0.328
4961,0.322
4962,0.323
4963,0.316
4964,0.321
4965,0.308
4966,0.334
4967,0.317
4968,0.307
4969,0.327
4970,0.32
4972,0.24
4974,0.248
4975,0.253
4976,0.253
4977,0.253
4978,0.252
4979,0.245
4980,0.261
4981,0.268
4982,0.261
4983,0.268
4984,0.282
4985,0.252
4986,0.252
4987,0.315
4988,0.278
4990,0.268
4992,0.318
4993,0.339
4994,0.318
4996,0.333
4997,0.393
5001,0.242
5008,0.174
5010,0.243
5011,0.175
5012,0.171
5013,0.173
5015,0.331
5016,0.253
5017,0.226
5021,0.261
5025,0.347
5026,0.268
5027,0.244
5028,0.24
5029,0.223
5030,0.248
5031,0.236
5032,0.229
5033,0.288
5034,0.269
5035,0.29
5036,0.267
5037,0.326
5038,0.269
5039,0.219
5040,0.203
5041,0.252
5042,0.167
5043,0.264
5044,0.336
5045,0.342
5046,0.292
5047,0.304
5048,0.241
5049,0.298
5050,0.28
5051,0.244
5052,0.218
5053,0.329
5054,0.317
5055,0.331
5056,0.334
5058,0.27
5059,0.218
5060,0.202
5062,0.256
5082,0.366
5083,0.307
5084,0.331
5085,0.296
5086,0.253
5087,0.317
5088,0.301
5089,0.249
5090,0.174
5091,0.333
5092,0.332
5093,0.353
5094,0.33
5095,-0.531
5096,0.282
5097,0.229
5099,0.191
5100,0.223
5101,0.226
5103,0.249
5104,0.315
5105,0.305
5106,0.348
5107,0.311
5108,0.359
5109,0.349
5110,0.371
5111,0.332
5112,0.324
5113,0.325
5114,0.325
5115,0.312
5116,0.313
5117,0.318
5118,0.309
5119,0.325
5120,0.188
5122,0.225
5123,0.308
5124,0.331
5125,0.362
5126,0.356
5127,0.365
5128,0.363
5129,0.378
5130,0.342
5131,0.325
5132,0.336
5133,0.339
5134,0.339
5135,0.334
5136,0.329
5137,0.364
5138,0.35
5158,0.253
5159,0.293
5160,0.224
5161,0.325
5162,0.331
5163,0.356
5164,0.391
5166,0.391
5167,0.379
5168,0.331
5169,0.335
5170,0.382
5171,0.386
5172,0.329
5173,0.363
5174,0.351
5175,0.352
5176,0.338
5186,0.322
5189,0.319
5190,0.3
5192,0.368
5193,0.387
5194,0.258
5197,0.31
5198,0.371
5199,0.304
5200,0.336
5203,0.286
5204,0.362
5206,0.387
5207,0.256
5208,0.425
5209,0.268
5210,0.332
5211,0.345
5224,0.317
5225,0.236
5226,0.223
5227,0.23
5228,0.219
5229,0.211
5230,0.21
5231,0.199
5232,0.193
5233,0.196
5234,0.208
5235,0.209
5238,0.198
5239,0.211
5240,0.194
5242,0.294
5243,0.325
5244,0.303
5245,0.32
5246,0.299
5247,0.3
5248,0.301
5249,0.298
5250,0.312
5251,0.314
5252,0.19
5253,0.191
5254,0.199
5255,0.219
5256,0.229
5257,0.235
5258,0.34
5259,0.28
5260,0.244
5261,0.273
5262,0.323
5263,0.22
5264,0.208
5265,0.193
5266,0.19
5267,0.209
5268,0.27
5269,0.266
5270,0.234
5271,0.251
5272,0.254
5273,0.213
5274,0.211
5275,0.206
5276,0.198
5277,0.267
5278,0.21
5279,0.219
5280,0.203
5281,0.293
5282,0.228
5283,0.308
5284,0.331
5285,0.306
5286,0.298
5293,0.218
5294,0.215
5295,0.215
5296,0.222
5298,0.29
5299,0.231
5300,0.208
5301,0.195
5302,0.336
5333,0.33
5334,0.34
5335,0.311
5336,0.265
5337,0.226
5339,0.291
5359,0.187
5369,0.185
5370,0.397
5371,0.28
5372,0.193
5373,0.214
5374,0.185
5376,0.233
5377,0.233
5379,0.225
5427,0.21
5428,0.218
5429,0.218
5488,0.237
5491,0.218
5493,0.213
5494,0.211
5495,0.215
5496,0.212
5497,0.209
5498,0.208
5499,0.28
5500,0.262
5501,0.263
5502,0.224
5503,0.218
5504,0.213
5505,0.222
5506,0.208
5507,0.212
5508,0.213
5509,0.215
5510,0.291
5511,0.284
5514,0.238
5515,0.233
5516,0.224
5518,0.233
5519,0.228
5520,0.221
5542,0.353
5565,0.346
5566,0.347
5567,0.346
5568,0.333
5576,0.261
5577,0.26
5578,0.252
5579,0.356
5580,0.36
5581,0.342
5582,0.351
5592,0.306
5594,0.345
5599,0.356
5600,0.356
5601,0.342
5602,0.351
5604,0.25
5607,0.247
5608,0.36
5609,0.25
5615,0.247
5616,0.25
5617,0.253
5618,0.232
5619,0.226
5624,0.247
5625,0.248
5626,0.252
5627,0.246
5632,0.249
5633,0.248
5634,0.251
5635,0.237
5637,-0.011
5638,0.297
5644,0.293
5655,0.345
5656,0.361
5658,0.186
5713,0.247
5714,0.213
5715,0.247
5716,0.319
5717,0.292
5798,0.289
5799,-0.057
5800,0.282
5801,0.286
5821,0.411
5822,0.323
5823,0.286
5824,0.34
5825,0.34
5826,0.269
5845,0.316
5846,0.362
5847,0.253
5848,0.253
5849,0.344
5850,0.33
5893,0.361
5894,0.244
5895,-0.229
5896,0.28
5897,0.301
5905,0.284
5906,0.313
5907,0.355
5909,0.303
5910,0.353
5912,0.346
5913,0.367
5914,0.392
5915,0.339
5916,0.346
5917,0.376
5918,0.325
5919,0.331
5930,0.292
5931,0.331
5932,0.285
5933,0.331
5934,0.356
5935,0.383
5937,0.374
5962,0.31
5963,0.253
5964,0.291
5965,0.321
5966,0.38
5967,0.329
5968,0.316
5969,0.3
5970,0.312
5971,0.355
5972,0.328
5973,0.343
5981,0.313
5982,0.34
5983,0.299
5984,0.354
5985,0.301
5986,0.319
5987,0.401
5988,0.168
5995,0.263
5996,0.258
5997,0.364
5999,0.285
6002,0.439
6004,0.214
6005,0.212
6007,0.213
6008,0.263
6010,0.309
6023,0.254
6028,0.255
6030,0.167
6045,0.328
6046,0.288
6047,0.25
6049,0.267
6050,0.336
6051,0.251
6052,0.315
6053,0.328
6055,0.454
6062,0.288
6063,0.25
6064,0.331
6065,0.267
6069,0.392
6070,0.243
6071,0.244
6072,0.291
6073,0.297
6074,0.31
6075,0.472
6077,0.244
6078,0.472
6079,0.239
6080,0.267
6084,0.341
6085,0.253
6086,0.267
6087,0.247
6089,0.295
6093,0.322
6096,0.267
6098,0.2
6099,0.296
6100,0.298
6101,0.297
6103,0.297
6105,0.233
6106,0.334
6108,0.352
6109,0.337
6110,0.253
6111,0.266
6112,0.245
6113,0.333
6114,0.276
6115,0.273
6118,0.202
6119,0.328
6120,0.353
6124,0.28
6133,0.377
6134,0.353
6135,0.371
6137,0.208
6139,0.292
6146,0.288
6147,0.208
6154,0.209
6160,0.216
6171,0.321
6212,0.256
6217,0.271
6249,0.329
6250,0.287
6251,0.351
6252,0.367
6253,0.323
6254,0.367
6255,0.28
6256,0.346
6257,0.366
6258,0.312
6259,0.316
6274,0.326
6284,0.286
6289,0.288
6294,0.2
6296,0.319
6297,0.321
6298,0.319
6299,0.327
6710,0.218
6711,0.217
6712,0.212
6713,0.222
6714,0.225
6715,0.226
6716,0.219
6717,0.273
6718,0.241
6719,0.271
6720,0.269
6721,0.267
6722,0.265
6723,0.275
6724,0.279
6725,0.28
6726,0.279
6727,0.235
6728,0.232
6729,0.244
6730,0.247
6731,0.226
6732,0.247
6733,0.241
6734,0.247
6765,0.242
6766,0.238
6776,0.229
6777,0.272
6778,0.266
6779,0.207
6780,0.219
6781,0.209
6782,0.203
6784,0.219
7259,0.176
7419,0.177
7420,0.19
7421,0.201
7422,0.244
7423,0.304
7424,0.317
7425,0.346
7426,0.249
7427,0.213
7428,0.221
7429,0.238
7430,0.206
7431,0.259
7432,0.282
7433,0.241
7434,0.281
7435,0.28
7436,0.269
7437,0.278
7438,0.222
7439,0.208
7448,0.224
7450,0.286
7451,0.252
7452,0.228
7453,0.234
7454,0.256
7455,0.234
7459,0.398
7460,0.265
7461,0.208
7462,0.384
7464,0.336
7465,0.197
7466,0.429
7467,0.358
7468,0.232
7469,0.252
7471,0.413
7472,0.362
7473,0.342
7474,0.244
7475,0.308
7477,0.325
7482,0.267
7509,0.219
7510,0.216
7511,0.219
7512,0.214
7513,0.208
7514,0.243
7515,0.24
7516,0.227
7517,0.241
7518,0.237
7519,0.253
7520,0.232
7521,0.272
7522,0.277
7523,0.255
7525,0.259
7526,0.274
7528,0.253
7529,0.232
7532,0.268
7533,0.238
7534,0.262
7535,0.274
7540,0.275
7541,0.241
7544,0.235
7545,0.466
7546,0.25
7547,0.258
7565,0.221
7566,0.283
7567,0.269
7568,0.231
7605,0.221
7608,0.208
7673,0.192
7674,0.231
7675,0.342
7676,0.217
7677,0.256
7678,0.229
7679,0.351
7680,0.193
7681,0.34
7682,0.204
7683,0.215
7684,0.18
7685,0.209
7686,0.177
7687,0.219
7694,0.207
7695,0.213
7696,0.213
7697,0.218
7698,0.25
7699,0.236
7701,0.241
7702,0.254
7703,0.22
7704,0.245
7797,0.291
7799,0.244
7800,0.267
7809,0.207
7810,0.209
7811,0.202
7812,0.268
7813,0.193
7814,0.225
7815,0.277
7816,0.271
7817,0.276
7869,0.206
7870,0.207
7892,0.211
7893,0.213
7894,0.213
7897,0.242
7898,0.072
7899,0.218
7904,0.258
8163,0.268
8164,0.268
8408,0.218
8413,0.168
8414,0.191
8415,0.206
8416,0.199
8417,0.229
8418,0.256
8419,0.191
8420,0.255
8421,0.198
8422,0.209
8423,0.272
8424,0.232
8425,0.31
8427,0.214
8429,0.302
9036,0.221
9037,0.203
9038,0.208
9039,0.204
9040,0.203
9058,0.211
9059,0.208
9060,0.215
9061,0.197
9062,0.219
9063,0.217
9064,0.213
9065,0.212
9066,0.214
9067,0.218
9068,0.219
9070,0.219
9071,0.215
9138,0.273
9158,0.168
9170,0.226
9171,0.326
9172,0.262
9174,0.265
9175,0.237
9176,0.185
9177,0.273
9178,0.197
9179,0.255
9182,0.235
9183,0.305
9184,0.324
9185,0.206
9186,0.246
9187,0.322
9188,0.22
9189,0.216
9190,0.214
9192,0.35
9193,0.358
9194,0.266
9195,0.391
9196,0.496
9197,0.36
9198,0.35
9199,0.304
9200,0.311
9201,0.371
9202,0.182
9203,0.249
9204,0.182
9205,0.29
9207,0.285
9420,0.279
9421,0.227
9422,0.217
9424,0.213
9425,0.286
9426,0.213
9427,0.308
9429,0.287
9430,0.268
9431,0.497
9432,0.264
9433,0.497
9434,0.212
9435,0.218
9436,0.497
9438,0.219
9442,0.213
9443,0.265
9445,0.269
9446,0.342
9447,0.262
9448,0.262
9449,0.304
9450,0.268
9451,0.304
9453,0.287
9454,0.308
9455,0.213
9456,0.249
9457,0.191
9458,0.199
11183,0.216
11184,0.238
11185,0.219
11187,0.225
11190,0.215
11191,0.216
11192,0.253
11193,0.213
11194,0.263
11195,0.276
11196,0.265
11197,0.305
11198,0.296
11199,0.268
11200,0.294
11201,0.229
11202,0.251
11203,0.286
11204,0.214
11205,0.256
11206,0.3
11207,0.241
11208,0.271
11209,0.291
11210,0.285
11211,0.291
11225,0.322
11230,0.249
11231,0.299
11234,0.231
11235,0.243
11236,0.223
11238,0.221
11239,0.303
11242,0.247
11243,0.23
11246,0.244
11247,0.229
11252,0.236
11253,0.331
11256,0.295
11260,0.228
11261,0.252
11264,0.33
11267,0.238
11268,0.265
11271,0.33
11272,0.266
11273,0.271
11275,0.203
11371,0.291
11372,0.362
11457,0.267
11458,0.266
11459,0.273
11460,0.259
11461,0.274
11462,0.252
11719,0.249
11720,0.245
11721,0.242
11722,0.238
11723,0.231
11724,0.227
11725,0.223
11726,0.227
11727,0.22
11728,0.227
11729,0.216
11730,0.212
11731,0.256
11732,0.253
11733,0.25
11734,0.245
11735,0.237
11736,0.245
11737,0.234
11738,0.229
11739,0.225
11740,0.229
11741,0.221
11742,0.216
11743,0.244
11744,0.272
11745,0.236
11746,0.233
11747,0.225
11748,0.22
11749,0.216
11750,0.211
11751,0.207
11752,0.202
11773,0.24
11801,0.307
11805,0.201
11806,0.169
11807,0.17
11808,0.173
11810,0.206
11812,0.258
11813,0.249
11815,0.253
11816,0.253
11817,0.255
11821,0.243
11822,0.247
11823,0.248
11826,0.243
11828,0.308
11829,0.3
11830,0.306
11834,0.319
11835,0.316
11836,0.326
11837,0.332
11840,0.404
11841,0.303
11842,0.337
11843,0.326
11845,0.391
11869,0.338
11870,0.325
11871,0.311
11872,0.319
11873,0.334
11874,0.251
11875,0.251
11876,0.254
11877,0.255
11878,0.207
11879,0.249
11880,0.218
11881,0.189
11882,0.303
11883,0.283
11884,0.259
11885,0.266
11888,0.205
11889,0.26
11891,0.23
11892,0.262
11893,0.254
11894,0.245
11895,0.348
11896,0.254
11914,0.305
11915,0.262
11917,0.353
11918,0.216
11919,0.318
11920,0.324
11949,0.253
11950,0.272
11951,0.262
11952,0.285
11955,0.263
11958,0.268
11959,0.263
11960,0.276
11961,0.257
11962,0.353
11963,0.234
11964,0.231
11965,0.226
11966,0.222
11967,0.247
11968,0.243
11969,0.239
11970,0.243
11971,0.235
11972,0.24
11973,0.236
11974,0.233
11975,0.229
11978,0.274
11979,0.262
11982,0.299
11984,0.282
11985,0.255
11986,0.232
11987,0.231
11988,0.229
11989,0.227
11990,0.226
11991,0.226
11992,0.224
11994,0.244
11995,0.243
11996,0.244
11997,0.242
11998,0.24
11999,0.242
12001,0.239
12002,0.238
12003,0.239
12004,0.237
12005,0.239
12006,0.237
12007,0.236
12008,0.236
12009,0.236
12010,0.234
12011,0.233
12012,0.232
12013,0.231
12014,0.222
12015,0.225
12016,0.225
12017,0.224
12018,0.221
12019,0.227
12020,0.227
12021,0.218
12022,0.221
12024,0.228
12025,0.256
12026,0.298
12027,0.298
12028,0.271
12029,0.341
12030,0.306
12031,0.341
12032,0.272
12033,0.364
12034,0.394
12035,0.327
12036,0.327
12037,0.333
12038,0.463
12039,0.295
12040,0.339
12041,0.32
12042,0.322
12043,0.339
12044,0.325
12045,0.37
12046,0.369
12048,0.344
12049,0.338
12050,0.353
12051,0.217
12053,0.233
12054,0.219
12056,0.237
12057,0.216
12058,0.217
12059,0.217
12060,0.217
12061,0.218
12062,0.218
12063,0.219
12064,0.219
12065,0.219
12066,0.22
12067,0.22
12068,0.22
12069,0.221
12070,0.222
12071,0.222
12072,0.222
12075,0.223
12077,0.223
12078,0.223
12079,0.224
12081,0.224
12083,0.225
12084,0.225
12085,0.225
12086,0.226
12087,0.226
12088,0.226
12089,0.227
12090,0.227
12091,0.227
12093,0.228
12094,0.229
12095,0.229
12096,0.229
12097,0.229
12098,0.229
12099,0.23
12100,0.23
12101,0.23
12102,0.23
12103,0.23
12104,0.23
12105,0.231
12106,0.231
12107,0.231
12108,0.231
12109,0.231
12110,0.232
12111,0.232
12112,0.232
12113,0.232
12114,0.232
12115,0.232
12116,0.233
12117,0.233
12118,0.233
12119,0.233
12120,0.233
12121,0.234
12122,0.234
12123,0.237
12124,0.237
12125,0.237
12126,0.237
12127,0.238
12128,0.238
12129,0.238
12130,0.238
12131,0.238
12132,0.238
12133,0.239
12134,0.239
12135,0.239
12136,0.239
12137,0.239
12138,0.24
12139,0.24
12140,0.24
12141,0.24
12142,0.24
12143,0.235
12144,0.235
12145,0.235
12146,0.235
12147,0.236
12148,0.236
12149,0.236
12150,0.236
12151,0.236
12152,0.236
12153,0.236
12154,0.237
12155,0.235
12156,0.235
12157,0.223
12158,0.236
12159,0.232
12160,0.229
12161,0.218
12162,0.247
12163,0.227
12165,0.241
12166,0.255
12167,0.265
12168,0.256
12169,0.252
12170,0.263
12171,0.304
12173,0.271
12174,0.239
12188,0.234
12189,0.241
12541,0.315
12542,0.207
12543,0.315
13312,0.255
13313,0.25
13315,0.253
13316,0.231
13991,0.292
13996,0.265
13997,0.255
13998,0.318
14000,0.345
14002,0.372
14003,0.358
14005,0.316
14006,0.406
14008,0.346
14009,0.31
14010,0.255
14011,0.342
14012,0.34
14013,0.361
14014,0.289
14015,0.283
14016,0.339
14017,0.336
14146,0.214
14147,0.213
14148,0.211
14149,0.21
14171,0.199
14172,0.196
14173,0.194
14174,0.192
14227,0.187
14228,0.192
14229,0.222
14230,0.22
14231,0.219
14232,0.218
14233,0.215
14234,0.213
14235,0.212
14236,0.21
14237,0.265
14238,0.265
14239,0.336
14241,0.208
14243,0.207
14244,0.204
14245,0.207
14246,0.202
14247,0.207
14261,0.228
14262,0.223
14263,0.228
14264,0.221
14265,0.22
14266,0.218
14277,0.217
14285,0.374
14293,0.215
14294,0.213
14295,0.212
14296,0.211
14297,0.209
14298,0.208
14299,0.209
14342,0.251
14348,0.253
14397,0.229
14400,0.257
14444,0.151
14446,0.147
14447,0.27
14448,0.294
14456,0.161
14457,0.163
14502,0.332
14503,0.297
14504,0.307
14505,0.199
14506,0.198
14507,0.231
14508,0.228
14509,0.226
14510,0.223
14511,0.22
14512,0.217
14513,0.215
14514,0.212
14515,0.209
14517,0.206
14518,0.203
14519,0.2
14520,0.197
14522,0.194
14524,0.19
14526,0.187
14528,0.182
14529,0.179
14530,0.175
14531,0.174
14532,0.231
14533,0.229
14534,0.226
14535,0.223
14536,0.22
14537,0.217
14538,0.215
14539,0.212
14540,0.209
14541,0.206
14542,0.203
14543,0.2
14544,0.197
14546,0.194
14547,0.191
14548,0.187
14550,0.184
14551,0.18
14552,0.176
14553,0.172
14555,0.189
14556,0.189
14581,0.188
14582,0.188
14895,0.27
14896,0.235
14899,0.259
15087,0.231
15088,0.231
15089,0.231
15090,0.231
15091,0.23
15092,0.23
15093,0.23
15094,0.229
15095,0.229
15096,0.229
15097,0.229
15098,0.226
15099,0.226
15100,0.228
15101,0.225
15102,0.225
15104,0.224
15105,0.224
15106,0.223
15107,0.223
15108,0.223
15109,0.222
15110,0.222
15111,0.221
15112,0.221
15113,0.22
15114,0.22
15115,0.219
15116,0.219
15117,0.219
15129,0.211
15130,0.211
15131,0.21
15133,0.21
15134,0.21
15135,0.21
15136,0.21
15137,0.209
15138,0.209
15139,0.209
15140,0.208
15141,0.208
15142,0.207
15143,0.207
15144,0.207
15145,0.206
15146,0.206
15147,0.205
15148,0.205
15149,0.204
15150,0.204
15152,0.203
15153,0.203
15154,0.203
15155,0.202
15156,0.202
15157,0.201
15158,0.201
15159,0.2
15160,0.2
15161,0.211
15162,0.211
15163,0.211
15164,0.211
15165,0.21
15166,0.21
15167,0.21
15168,0.209
15169,0.209
15170,0.209
15171,0.208
15172,0.208
15173,0.207
15174,0.207
15175,0.206
15176,0.206
15177,0.206
15178,0.205
15179,0.205
15180,0.205
15182,0.204
15183,0.203
15184,0.203
15185,0.203
15186,0.202
15187,0.202
15188,0.201
15189,0.201
15190,0.2
15191,0.205
15192,0.207
15193,0.208
15194,0.207
15195,0.207
15196,0.208
15197,0.207
15230,0.326
15231,0.303
15232,0.301
15233,0.305
15234,0.256
15235,0.32
15260,0.303
15261,0.286
15262,0.295
15263,0.298
15264,0.29
15265,0.295
15267,0.282
15268,0.304
15269,0.285
15270,0.274
15271,0.28
15272,0.289
15273,0.291
15274,0.286
15275,0.285
15276,0.284
15277,0.281
15278,0.29
15280,0.29
15281,0.107
15282,0.282
15283,0.292
15284,0.325
15285,0.337
15286,0.325
15322,0.21
15323,0.207
15324,0.21
15325,0.21
15326,0.211
15327,0.21
15328,0.21
15329,0.206
15330,0.206
15331,0.208
15332,0.209
15335,0.207
15336,0.208
15337,0.207
15338,0.205
15339,0.202
15340,0.202
15341,0.204
15343,0.202
15344,0.203
15346,0.202
15348,0.201
15349,0.2
15351,0.2
15352,0.199
15353,0.2
15354,0.199
15355,0.198
15356,0.197
15357,0.195
15358,0.221
15359,0.212
15362,0.21
15473,0.333
15474,0.379
15475,0.377
15476,0.411
15477,0.418
15478,0.411
15479,0.371
15480,0.318
15481,0.313
15482,0.274
15483,0.471
15484,0.416
15485,0.471
15486,0.36
15487,0.371
15488,0.369
15489,0.255
15491,0.379
15492,0.399
15493,0.396
15494,0.376
15495,0.377
15496,0.376
15497,0.348
15498,0.427
15499,0.316
15500,0.26
15501,0.329
15502,0.357
15503,0.375
15504,0.415
15506,0.392
15530,0.331
15533,0.24
15535,0.24
15536,0.215
15537,0.248
15538,0.258
15540,0.242
15592,0.406
15612,0.214
15614,0.21
15615,0.209
15634,0.368
15635,0.399
15636,0.411
15637,0.387
15638,0.41
15639,0.274
15640,0.413
15641,0.201
15642,0.199
15643,0.199
15644,0.197
15646,0.233
15647,0.346
15649,0.277
15653,0.195
15654,0.193
15655,0.255
15660,0.228
15661,0.24
15662,0.323
15663,0.278
15664,0.323
15668,0.353
15669,0.35
15670,0.354
15672,0.34
15673,0.29
15674,0.3
15675,0.291
15676,0.286
15677,0.281
15678,0.275
15679,0.3
15680,0.268
15681,0.3
15682,0.279
15683,0.255
15684,0.302
15686,0.34
15687,0.204
15690,0.222
15691,0.208
15694,0.204
15695,0.179
15696,0.204
15697,0.175
15698,0.177
15699,0.184
15700,0.175
15701,0.332
15702,0.34
15703,0.175
15704,0.328
15705,0.175
15706,0.342
15707,0.313
15708,0.336
15709,0.293
15710,0.334
15711,0.336
15712,0.312
15713,0.311
15714,0.336
15715,0.342
15716,0.253
15717,0.239
15718,0.311
15719,0.281
15720,0.181
15721,0.291
15722,0.281
15723,0.226
15724,0.306
15725,0.351
15726,0.231
15727,0.266
15728,0.281
15729,0.239
15731,0.192
15732,0.191
15733,0.189
15739,0.213
15740,0.211
15741,0.21
15742,0.208
15743,0.206
15744,0.204
15745,0.201
15746,0.199
15747,0.196
15760,0.416
15831,0.252
15832,0.233
15872,0.209
15874,0.263
15875,0.274
15876,0.257
15878,0.385
15879,0.242
15880,0.317
15881,0.314
15882,0.282
15886,0.235
15891,0.192
15894,0.278
15895,0.269
15896,0.273
16008,0.206
16009,0.21
16010,0.213
16034,0.201
16036,0.201
16037,0.213
16038,0.2
16040,0.199
16043,0.26
16044,0.229
16049,0.269
16050,0.262
16051,0.345
16052,0.34
16056,0.282
16076,0.288
16077,0.235
16078,0.269
16079,0.168
16080,0.26
16081,0.198
16085,0.341
16086,0.305
16087,0.293
16088,0.404
16089,0.266
16090,0.28
16091,0.326
16092,0.282
16094,0.393
16097,0.257
16099,0.301
16100,0.207
16101,0.207
16102,0.207
16103,0.207
16104,0.206
16105,0.207
16106,0.213
16107,0.213
16108,0.213
16109,0.213
16110,0.212
16111,0.213
16114,0.331
16117,0.293
16118,0.31
16120,0.304
16122,0.272
16123,0.267
16124,0.272
16126,0.295
16127,0.264
16159,0.198
16160,0.196
16161,0.196
16162,0.195
16163,0.195
16164,0.254
16165,0.257
16166,0.253
16167,0.252
16168,0.251
16194,0.247
16201,0.165
16202,0.154
16264,0.289
16265,0.267
16319,0.247
16320,0.235
16321,0.225
16322,0.215
16323,0.235
16324,0.207
16325,0.196
16326,0.189
16327,0.173
16329,0.163
16337,0.247
16338,0.203
16339,0.201
16340,0.223
16344,0.292
16346,0.212
16348,0.229
16349,0.217
16350,0.205
16351,0.197
16352,0.188
16353,-0.408
16354,0.162
16355,0.197
16356,0.151
16357,0.14
16358,0.284
16359,0.254
16361,0.204
16363,0.273
16364,0.189
16367,0.171
16368,0.173
16369,0.171
16370,0.204
16371,0.186
16372,0.194
16373,0.194
16374,0.201
16375,0.196
16376,0.179
16377,0.173
16378,0.175
16379,0.25
16380,0.24
16381,0.229
16382,0.218
16383,0.24
16384,0.207
16385,0.197
16386,0.186
16387,0.173
16388,0.15
16389,0.186
16390,0.241
16391,0.231
16392,0.22
16393,0.208
16394,0.22
16395,0.195
16396,0.22
16397,0.184
16398,0.169
16399,0.158
16400,0.22
16401,0.147
16402,0.22
16403,0.181
16404,0.183
16405,0.176
16408,0.173
16410,0.247
16418,0.165
16419,0.154
16438,0.247
16571,0.335
16580,0.323
16581,0.278
16654,0.287
16656,-0.405
16657,0.335
16659,0.337
16660,0.37
16661,0.178
16662,0.303
16663,0.316
16684,0.236
16686,0.29
16784,0.303
16785,0.231
16788,0.268
16789,0.214
16799,0.156
16800,0.163
16801,0.161
16802,0.14
16803,0.133
16804,0.14
16810,0.162
16811,0.161
16812,0.155
16813,0.205
16814,0.276
16815,0.292
16816,0.276
16822,0.248
16824,0.411
16825,0.421
16827,0.457
16829,0.385
16830,0.214
16831,0.202
16832,0.366
16834,0.428
16835,0.383
16836,0.36
16837,0.274
16838,0.236
16839,0.22
16840,0.236
16841,0.274
16842,0.22
16864,0.208
16865,0.196
16866,0.157
16867,0.164
16868,0.163
16869,0.157
16870,0.234
16871,0.267
16880,0.209
16881,0.201
16882,0.155
16883,0.162
16884,0.159
16885,0.155
16886,0.238
16887,0.264
16889,0.132
16912,0.239
16913,0.333
16914,0.203
16915,0.205
16917,0.202
16918,0.283
16919,0.22
16983,0.166
16984,0.202
16985,0.171
17124,0.251
17125,0.169
17126,0.198
17127,0.19
17141,0.223
17142,0.269
17143,0.249
17144,0.269
17145,0.259
17213,0.191
17214,0.209
17215,0.198
17217,0.21
17218,0.2
17219,0.314
17220,0.244
17246,0.285
17250,0.286
17356,0.129
17401,0.184
17402,0.178
17403,0.173
17404,0.173
17405,0.172
17406,0.172
17408,0.162
17409,0.158
17410,0.155
17411,0.217
17412,0.214
17413,0.183
17414,0.198
17415,0.204
17416,0.217
17417,0.194
17418,0.19
17419,0.193
17420,0.18
17421,0.183
17422,0.171
17423,0.175
17424,0.181
17425,0.179
17426,0.168
17427,0.162
17428,0.159
17429,0.14
17430,0.143
17431,0.152
17545,0.215
17546,0.208
17547,0.207
17592,0.18
17593,0.216
17595,0.239
17605,0.304
17606,0.274
17607,0.349
17608,0.362
17609,0.352
17610,0.393
17611,0.347
17612,0.335
17613,0.351
17614,0.389
17615,0.329
17617,0.334
17619,0.224
17620,0.331
17621,0.358
17624,0.378
17625,0.367
17626,0.273
17627,0.331
17628,0.33
17629,0.299
17630,0.326
17633,0.322
17634,0.305
17635,0.29
17637,0.339
17638,0.317
17639,0.322
17640,0.273
17641,0.287
17642,0.29
17643,0.298
17644,0.259
17645,0.333
17646,0.204
17649,0.28
17650,0.271
17651,0.208
17652,0.341
17653,0.228
17654,0.287
17657,0.285
17658,0.231
17659,0.224
17661,0.212
17662,0.255
17700,0.165
17709,0.201
17710,0.253
17711,0.254
17712,0.231
17713,0.26
17714,0.212
17716,0.231
17717,0.213
17718,0.263
17719,0.274
17720,0.283
17721,0.227
17722,0.209
17723,0.207
17724,0.201
17725,0.207
17726,0.237
17728,0.341
17737,0.223
17741,0.237
17742,0.254
17764,0.344
18037,0.371
18040,0.278
18050,0.258
18051,0.212
18052,0.199
18053,0.213
18054,0.222
18055,0.206
18057,0.275
18058,0.216
18059,0.334
18060,0.392
18061,0.325
18062,0.223
18063,0.201
18065,0.222
18067,0.228
18068,0.209
18093,0.203
18095,0.204
18096,0.197
18097,0.197
18098,0.197
18099,0.19
18100,0.191
18101,0.191
18104,0.195
18210,0.371
18211,0.278
19018,0.2
19340,0.215
19341,0.257
19342,0.278
19345,0.247
19346,0.208
19347,0.194
19348,0.216
19349,0.195
19350,0.228
19351,0.211
19352,0.201
19394,0.209
19395,0.212
19396,0.185
19397,0.212
19398,0.214
19399,0.212
19400,0.206
19401,0.207
19402,0.212
19403,0.208
19404,0.198
19405,0.2
19406,0.197
19407,0.2
19408,0.214
19441,0.253
19442,0.273
19445,0.215
19447,0.278
19449,0.247
19450,0.208
19451,0.194
19452,0.216
19453,0.195
19454,0.228
19455,0.211
19456,0.201
19545,0.29
19546,0.208
19551,0.198
19570,0.226
19571,0.202
19573,0.201
19575,0.2
19576,0.199
19579,0.217
19580,0.217
19583,0.199
19587,0.199
19592,0.212
19594,0.219
19916,0.366
19917,0.205
19918,0.338
19919,0.336
19920,0.2
19921,0.2
19922,0.202
19923,0.204
19924,0.337
19925,0.336
19926,0.356
19928,0.342
19929,0.352
19930,0.343
19931,0.339
19932,0.201
19933,0.338
19934,0.212
19935,0.338
19936,0.331
19937,0.344
19965,0.336
19966,0.342
19967,0.328
19968,0.251
19969,0.278
19970,0.357
20011,0.214
20012,0.197
20013,0.364
20050,0.201
20051,0.193
20052,0.209
20053,0.195
20054,0.215
20055,0.198
20056,0.209
20057,0.201
20058,0.194
20059,0.214
20060,0.218
20061,0.212
20062,0.218
20063,0.206
20064,0.201
20065,0.219
20066,0.195
20067,0.212
20068,0.202
20069,0.211
20070,0.207
20071,0.214
20072,0.213
20073,0.208
20074,0.197
20075,0.196
20076,0.209
20077,0.226
20092,0.181
20093,0.306
20094,0.287
20095,0.224
20096,0.273
20098,0.38
20099,0.379
20101,0.229
20102,0.379
20244,0.216
20245,0.266
20246,0.222
20247,0.208
20258,0.131
20259,0.135
20260,0.135
20261,0.131
20262,0.131
20482,0.278
20628,0.295
20630,0.301
20632,0.293
20633,0.308
20635,0.309
20636,0.307
20637,0.288
20638,0.297
20639,0.311
20641,0.297
20740,0.303
20742,0.065
20751,0.217
20752,0.2
20775,0.298
20779,0.299
20780,0.304
20784,0.304
20791,0.2
20964,0.308
20965,0.299
20966,0.3
20967,0.302
20969,0.307
20970,0.301
20971,0.285
20972,0.297
20973,0.305
20974,0.307
20975,0.309
20976,0.308
20977,0.292
21018,0.135
21019,0.132
21020,0.132
21056,0.166
21057,0.161
21058,0.179
21059,0.159
21061,0.137
21062,0.172
21063,0.156
21064,0.16
21065,0.154
21066,0.131
21067,0.215
21068,0.205
21069,0.225
21070,0.176
21071,0.137
21073,0.202
21074,0.173
21075,0.191
21076,0.161
21077,0.131
21140,0.339
21142,0.245
21143,0.261
21144,0.3
21145,0.372
21146,0.271
21147,0.255
21148,0.334
21149,0.395
21150,0.323
21151,0.372
21152,0.324
21153,0.259
21154,0.225
21155,0.368
21156,0.37
21157,0.226
21158,0.217
21159,0.276
21160,0.239
21161,0.258
21162,0.312
21163,0.323
21165,0.229
21167,0.339
21168,0.248
21176,0.277
21177,0.27
21178,0.269
21179,0.306
21183,0.318
21189,0.291
21206,0.228
21208,0.258
21210,0.242
21211,0.308
21212,0.298
21213,0.228
21215,0.247
21216,0.321
21218,0.307
21219,0.266
21220,0.307
21221,0.314
21222,0.287
21223,0.304
21225,0.29
21226,0.417
21227,0.28
21228,0.315
21230,0.286
21231,0.234
21232,0.313
21233,0.284
21234,0.313
21338,0.241
21339,0.156
21340,0.212
21341,0.214
21342,0.206
21343,0.207
21344,0.209
21345,0.207
21346,0.156
21347,0.226
21348,0.193
21349,0.223
21350,0.232
21352,0.224
21353,0.215
21355,0.257
21356,0.241
21357,0.218
21358,0.203
21359,0.21
21360,0.188
21361,0.195
21362,0.102
21398,0.134
21399,0.244
21400,0.212
21401,0.272
21402,0.208
21403,0.137
21410,0.229
21411,0.201
21412,0.211
21414,0.13
21436,0.245
21437,0.245
21438,0.244
21439,0.241
21440,0.242
21441,0.24
21442,0.24
21443,0.239
21454,0.201
21455,0.201
21456,0.201
21457,0.201
21458,0.201
21459,0.2
21461,0.202
21462,0.2
21464,0.197
21465,0.201
21466,0.198
21468,0.193
21469,0.198
21470,0.195
21471,0.19
21479,0.175
21500,0.137
21542,0.308
21543,0.299
21544,0.133
21545,0.161
21547,0.167
21550,0.173
21555,0.181
21556,0.191
21559,0.136
21583,0.181
21584,0.137
21586,0.154
21588,0.133
21624,0.16
21626,0.227
21627,0.184
21628,0.189
21629,0.194
21632,0.199
21634,0.201
21635,0.193
21636,0.195
21638,0.209
21639,0.209
21642,0.209
21643,0.214
21670,0.148
21671,0.21
21672,0.176
21673,0.184
21674,0.158
21675,0.13
21685,0.222
21686,0.262
21687,0.212
21688,0.137
21689,0.237
21690,0.2
21691,0.21
21692,0.171
21693,0.13
21762,0.201
21763,0.201
21764,0.19
21765,0.199
21766,0.197
21767,0.201
21768,0.201
21769,0.21
21770,0.216
21771,0.228
21772,0.23
21773,0.227
21774,0.229
21775,0.238
21776,0.239
21777,0.253
21778,0.257
21779,0.247
21780,0.261
21781,0.263
21782,0.26
21783,0.262
21784,0.265
21785,0.269
21786,0.269
21787,0.2
21788,0.204
21789,0.207
21790,0.213
21791,0.225
21792,0.227
21793,0.235
21794,0.249
21795,0.201
21796,0.201
21797,0.207
21798,0.21
21799,0.228
21800,0.223
21801,0.231
21802,0.247
21821,0.209
21875,0.214
21876,0.218
21877,0.242
21878,0.232
21879,0.237
21888,0.222
21889,0.223
21890,0.234
21891,0.241
21902,0.222
21903,0.226
21907,0.247
21911,0.205
21912,0.209
21914,0.23
21918,0.227
21961,0.194
21962,0.206
21963,0.283
21964,0.229
21965,0.224
22364,0.235
22669,0.227
22670,0.227
22708,0.259
22709,0.252
22710,0.245
22711,0.239
22712,0.23
22713,0.22
22715,0.221
22716,0.213
22717,0.275
22718,0.27
22719,0.264
22720,0.259
22722,0.247
22723,0.242
22724,0.247
22726,0.266
22728,0.252
22730,0.25
22731,0.243
22732,0.237
22751,0.363
22752,0.226
22754,0.209
22755,0.226
22756,0.201
22757,0.204
22758,0.253
22804,0.273
22805,0.259
22806,0.246
22948,0.25
22949,0.25
22951,0.242
22953,0.225
22955,0.221
22957,0.213
22959,0.208
22960,0.363
22961,0.226
22963,0.204
22965,0.209
22966,0.226
22967,0.221
23156,0.127
23172,0.127
23174,0.137
23175,0.201
23176,0.249
23177,0.311
23178,0.137
23179,0.209
23180,0.269
23181,-0.13
23277,0.2
23278,0.208
23280,0.2
23350,0.153
23351,0.153
23352,0.171
23353,0.178
23354,0.27
23355,0.269
23356,0.321
23357,0.269
23358,0.282
23359,0.274
23360,0.265
23361,0.319
23363,0.368
23365,0.31
23379,0.269
23390,0.168
23391,0.169
23392,0.159
23393,0.159
23398,0.208
23399,0.208
23400,0.218
23401,0.218
23402,0.204
23403,0.204
23404,0.211
23405,0.206
23755,0.246
23756,0.246
23757,0.245
23758,0.245
23759,0.245
23806,0.244
23811,0.244
23812,0.244
23813,0.243
23814,0.243
23815,0.243
23845,0.263
23846,0.262
23847,0.262
23848,0.262
23849,0.263
23877,0.262
23878,0.262
23879,0.261
23880,0.261
23881,0.261
23882,0.261
23975,0.257
23976,0.256
23977,0.256
23978,0.256
23979,0.256
23980,0.255
24127,0.225
24128,0.261
24129,0.228
24130,0.214
24131,0.186
24132,0.204
24134,0.22
24135,0.215
24136,0.216
24137,0.21
24138,0.206
24139,0.208
24140,0.207
24141,0.206
24142,0.207
24143,0.189
24144,0.184
24246,0.217
24247,0.206
24248,0.223
24249,0.214
24250,0.202
24251,0.21
24252,0.217
24253,0.214
24279,0.255
24280,0.254
24281,0.254
24282,0.254
24283,0.253
24440,0.222
24441,0.215
24442,0.205
24443,0.198
24444,0.193
24445,0.187
24446,0.169
24447,0.166
24448,0.211
24449,0.215
24450,0.205
24451,0.219
24452,0.213
24453,0.202
24454,0.211
24455,0.216
24456,0.212
24457,0.202
24458,0.215
24459,0.207
24460,0.199
24461,0.191
24462,0.181
24463,0.174
24464,0.165
24465,0.158
24466,0.149
24467,0.224
24468,0.213
24469,0.205
24471,0.188
24472,0.18
24473,0.172
24474,0.164
24475,0.197
24525,0.21
24548,0.201
24549,0.201
24550,0.2
24552,0.199
24553,0.199
24554,0.198
24555,0.197
24557,0.195
24586,0.194
24587,0.192
24589,0.191
24590,0.187
24591,0.191
24592,0.177
24593,0.168
24595,0.171
24616,0.189
24617,0.189
24618,0.188
24619,0.186
24620,0.185
24621,0.183
24622,0.181
24623,0.18
24624,0.178
24625,0.176
24626,0.174
24627,0.172
24628,0.17
24629,0.168
24630,0.166
24631,0.163
24650,0.203
24651,0.203
24652,0.202
24653,0.201
24654,0.199
24655,0.198
24656,0.196
24657,0.194
24658,0.192
24659,0.191
24660,0.188
24661,0.186
24662,0.184
24663,0.182
24664,0.179
24665,0.176
24809,0.23
24810,0.232
24811,0.194
24812,0.199
24814,0.212
24816,0.228
24817,0.234
24818,0.214
24819,0.228
24820,0.191
24825,0.226
24826,0.308
24827,0.202
24828,0.247
24829,0.211
24830,0.218
24831,0.238
24843,0.213
24844,0.207
24845,0.2
24846,0.193
24847,0.185
24848,0.178
24849,0.173
24850,0.167
24863,0.212
24864,0.204
24865,0.196
24867,0.178
24868,0.169
24869,0.161
24870,0.153
24881,0.221
24882,0.214
24883,0.207
24884,0.195
24885,0.187
24886,0.179
24887,0.17
24889,0.163
24892,0.188
24894,0.199
24901,0.197
24902,0.196
24903,0.195
24904,0.194
24905,0.193
24906,0.192
24929,0.199
24930,0.199
24931,0.198
24932,0.198
24933,0.197
24934,0.196
24935,0.195
24936,0.194
24937,0.193
24938,0.192
24939,0.192
24976,0.195
24977,0.195
24978,0.195
24979,0.194
24980,0.193
24981,0.193
24982,0.192
24983,0.191
24984,0.191
24985,0.19
24986,0.189
24987,0.206
24988,0.206
24989,0.2
24990,0.2
24991,0.2
24992,0.199
24993,0.198
24994,0.198
24995,0.198
24996,0.197
24997,0.199
24998,0.197
24999,0.195
25000,0.199
25001,0.2
25057,0.213
25058,0.205
25059,0.197
25060,0.188
25061,0.181
25063,0.178
25064,0.172
25065,0.158
25067,0.215
25068,0.207
25069,0.199
25070,0.191
25072,0.183
25074,0.176
25075,0.164
25076,0.221
25078,0.205
25080,0.197
25081,0.19
25082,0.187
25083,0.181
25084,0.165
25096,0.421
25097,0.275
25098,0.288
25099,0.421
25132,0.254
25141,0.305
25142,0.296
25143,0.285
25145,0.29
25146,0.28
25147,0.28
25149,0.273
25150,0.256
25151,0.312
25152,0.312
25153,0.31
25154,0.306
25155,0.302
25156,0.301
25157,0.297
25158,0.287
25159,0.18
25160,0.213
25177,0.204
25179,0.203
25180,0.203
25181,0.202
25182,0.202
25184,0.202
25185,0.201
25186,0.201
25187,0.201
25232,0.204
25233,0.204
25235,0.196
25236,0.196
25237,0.195
25238,0.195
25239,0.195
25240,0.194
25241,0.194
25243,0.194
25244,0.193
25245,0.193
25246,0.196
25247,0.198
25248,0.198
25249,0.198
25251,0.197
25255,0.196
25256,0.195
25258,0.197
25259,0.197
25260,0.196
25261,0.196
25262,0.195
25317,0.366
25318,0.34
25319,0.353
25320,0.366
25321,0.379
25323,0.391
25324,0.4
25325,0.409
25326,0.408
25327,0.296
25328,0.293
25329,0.289
25330,0.285
25331,0.281
25332,0.276
25333,0.271
25334,0.265
25344,0.307
25345,0.301
25346,0.296
25347,0.289
25349,0.281
25350,0.273
25351,0.265
25352,0.257
25365,0.272
25366,0.26
25367,0.245
25368,0.233
25369,0.217
25370,0.2
25372,0.181
25373,0.162
25385,0.353
25386,0.36
25387,0.366
25388,0.373
25389,0.379
25391,0.386
25392,0.391
25393,0.395
25404,0.294
25405,0.294
25406,0.292
25407,0.29
25408,0.287
25409,0.284
25410,0.281
25411,0.278
25413,0.275
25431,0.289
25432,0.288
25433,0.288
25434,0.287
25435,0.287
25437,0.286
25439,0.286
25440,0.285
25441,0.284
25443,0.284
25444,0.283
25446,0.282
25447,0.282
25448,0.281
25449,0.28
25450,0.279
25830,0.233
25831,0.257
25832,0.237
25833,0.222
25834,0.24
25835,0.246
25836,0.248
25837,0.267
25838,0.247
25839,0.247
25840,0.286
25841,0.252
25842,0.28
25843,0.331
25844,0.237
25845,0.257
25846,0.247
25847,0.261
25849,0.28
25898,0.357
25899,0.36
25900,0.364
25901,0.367
25903,0.373
25904,0.37
25905,0.376
25906,0.379
25923,0.366
25924,0.369
25925,0.372
25927,0.376
25928,0.379
25929,0.382
25930,0.386
25931,0.388
25932,0.39
25934,0.392
25936,0.395
25937,0.398
25939,0.4
25940,0.403
25941,0.406
26113,0.174
26114,0.25
26115,0.261
26119,0.274
26120,0.174
26121,0.268
26122,0.379
26229,0.39
26230,0.316
26231,0.372
26233,0.364
26234,0.341
26235,0.306
26236,0.364
26265,0.294
26266,0.293
26267,0.291
26268,0.284
26269,0.286
26270,0.282
26271,0.279
26272,0.277
26273,0.273
26274,0.271
26275,0.269
26276,0.266
26277,0.264
26278,0.262
26279,0.259
26280,0.256
26282,0.253
26283,0.25
26284,0.246
26286,0.241
26288,0.236
26289,0.231
26308,0.288
26309,0.288
26310,0.288
26311,0.287
26312,0.287
26313,0.286
26314,0.285
26315,0.285
26316,0.284
26317,0.283
26318,0.283
26319,0.282
26320,0.281
26321,0.281
26322,0.28
26363,0.381
26364,0.385
26365,0.39
26366,0.4
26367,0.41
26368,0.393
26369,0.409
26370,0.289
26372,0.294
26373,0.273
26374,0.358
26375,0.291
26377,0.294
26379,0.294
26380,0.294
26382,0.296
26383,0.297
26385,0.298
26386,0.299
26388,0.301
26389,0.303
26391,0.305
26392,0.306
26393,0.308
26394,0.31
26396,0.312
26398,0.316
26400,0.295
26417,0.312
26435,0.409
26436,0.41
26437,0.407
26438,0.398
26439,0.387
26449,0.364
26450,0.364
26451,0.364
26452,0.364
26453,0.364
26454,0.364
26455,0.364
26456,0.364
26457,0.364
26467,0.399
26468,0.384
26469,0.382
26470,0.389
26471,0.409
26472,0.414
26473,0.42
26474,0.425
26475,0.274
26482,0.275
26483,0.258
26485,0.314
26488,0.286
26489,0.247
26490,0.311
26491,0.27
26916,0.243
26917,0.243
26918,0.243
26919,0.242
26920,0.243
26921,0.242
26922,0.241
26923,0.241
26924,0.24
26925,0.24
26926,0.24
26961,0.344
26962,0.335
27141,0.21
27142,0.21
27176,0.243
27177,0.235
27178,0.231
27179,0.224
27180,0.219
27181,0.213
27182,0.208
27183,0.201
27184,0.196
27185,0.18
27187,0.172
27188,0.162
27189,0.156
27190,0.149
27191,0.143
27192,0.136
27197,0.178
27198,0.167
27199,0.16
27200,0.149
27201,0.142
27203,0.132
27205,0.124
27207,0.114
27209,0.196
27210,0.202
27211,0.175
27212,0.159
27213,0.158
27214,0.153
27215,0.142
27216,0.133
27220,0.22
27221,0.215
27222,0.207
27223,0.204
27225,0.196
27226,0.188
27227,0.175
27228,0.175
27231,0.292
27232,0.283
27233,0.275
27235,0.262
27236,0.249
27238,0.231
27239,0.297
27240,0.304
27242,0.281
27243,0.266
27244,0.278
27245,0.301
27246,0.271
27248,0.187
27249,0.175
27250,0.166
27251,0.161
27252,0.153
27253,0.144
27254,0.134
27255,0.216
27257,0.2
27258,0.19
27260,0.181
27261,0.169
27262,0.159
27264,0.148
27366,0.209
27367,0.198
27368,0.185
27369,0.177
27370,0.171
27371,0.161
27372,0.16
27373,0.151
27375,0.216
27376,0.205
27377,0.198
27378,0.19
27379,0.181
27380,0.178
27381,0.168
27382,0.16
27384,0.207
27385,0.198
27387,0.186
27388,0.183
27389,0.176
27390,0.168
27391,0.163
27392,0.206
27393,0.199
27394,0.19
27395,0.181
27396,0.172
27397,0.163
27398,0.153
27399,0.141
27400,0.196
27401,0.189
27402,0.179
27404,0.173
27405,0.162
27406,0.153
27407,0.141
27408,0.131
27410,0.204
27411,0.196
27412,0.189
27413,0.179
27414,0.171
27415,0.158
27419,0.193
27420,0.184
27421,0.178
27422,0.17
27423,0.164
27424,0.157
27425,0.147
27426,0.139
27427,0.198
27428,0.186
27429,0.181
27430,0.173
27431,0.164
27432,0.16
27433,0.153
27434,0.14
27435,0.188
27436,0.178
27437,0.168
27438,0.16
27439,0.152
27440,0.144
27442,0.127
27531,0.258
27532,0.243
27533,0.234
27534,0.225
27535,0.205
27536,0.199
27537,0.216
27538,0.208
27539,0.197
27540,0.191
27541,0.186
27542,0.182
27543,0.173
27544,0.165
27545,0.238
27546,0.226
27547,0.217
27548,0.208
27550,0.202
27551,0.193
27552,0.185
27553,0.176
27554,0.217
27555,0.207
27556,0.199
27557,0.191
27558,0.185
27559,0.178
27561,0.172
27562,0.165
27563,0.193
27564,0.184
27565,0.175
27566,0.168
27567,0.162
27568,0.154
27569,0.131
27570,0.259
27571,0.244
27572,0.236
27573,0.229
27574,0.217
27575,0.21
27576,0.202
27577,0.195
27580,0.204
27581,0.195
27582,0.185
27583,0.175
27584,0.168
27585,0.155
27588,0.205
27589,0.197
27590,0.189
27591,0.178
27592,0.172
27593,0.162
27594,0.156
27595,0.149
27598,0.221
27599,0.212
27600,0.205
27601,0.197
27602,0.191
27603,0.181
27604,0.171
27605,0.162
29043,0.266
29044,0.182
29046,0.232
29048,0.159
29098,0.228
29148,0.28
29198,0.304
29199,0.301
29200,0.297
29201,0.288
29204,0.298
29206,0.284
29207,0.276
29208,0.272
29209,0.267
29210,0.262
29211,0.257
29212,0.247
29213,0.232
29214,0.237
29216,0.226
29217,0.23
29218,0.218
29220,0.234
29221,0.28
29222,0.294
29253,0.282
29254,0.282
29255,0.281
29256,0.28
29257,0.279
29258,0.278
29259,0.277
29260,0.276
29261,0.275
29262,0.273
29263,0.272
29264,0.271
29266,0.269
29267,0.268
29268,0.266
29269,0.264
29270,0.262
29271,0.26
29272,0.258
29273,0.255
29275,0.252
29276,0.25
29277,0.246
29278,0.243
29279,0.24
29280,0.235
29281,0.224
29282,0.216
29283,0.208
29284,0.197
29413,0.331
29414,0.25
29416,0.257
29417,0.266
29418,0.272
29419,0.279
29420,0.287
29421,0.297
29425,0.277
29426,0.253
29427,0.252
29428,0.251
29431,0.181
29432,0.209
29433,0.216
29434,0.223
29435,0.23
29436,0.237
29438,0.244
29439,0.251
29446,0.324
29447,0.24
29448,0.236
29449,0.24
29453,0.168
29454,0.177
29455,0.185
29457,0.194
29458,0.196
29459,0.205
29460,0.213
29461,0.22
29463,0.08
29464,0.095
29465,0.114
29466,0.133
29467,0.147
29469,0.165
29470,0.181
29471,0.193
29474,0.209
29475,0.215
29476,0.22
29477,0.211
29478,0.235
29479,0.243
29480,0.249
29481,0.256
29487,0.162
29488,0.169
29489,0.176
29490,0.185
29491,0.192
29492,0.2
29494,0.208
29495,0.216
29497,0.174
29498,0.18
29499,0.186
29500,0.194
29501,0.198
29502,0.203
29503,0.209
29504,0.215
29514,0.333
29516,0.386
29517,0.42
29518,0.325
29519,0.33
29520,0.336
29521,0.342
29522,0.349
29523,0.356
29524,0.364
29525,0.371
29526,0.379
29527,0.387
29528,0.395
29529,0.403
29530,0.413
29531,0.422
29532,0.432
29540,0.432
29542,0.304
29543,0.306
29544,0.307
29546,0.309
29547,0.31
29548,0.309
29550,0.308
29551,0.306
29552,0.302
29553,0.298
29555,0.295
29556,0.291
29557,0.287
29558,0.284
29559,0.281
29560,0.278
29561,0.276
29562,0.273
29566,0.269
29567,0.268
29613,0.325
29614,0.33
29616,0.336
29617,0.342
29619,0.349
29620,0.356
29621,0.364
29622,0.371
29623,0.379
29624,0.387
29625,0.395
29626,0.403
29627,0.413
29628,0.422
29629,0.432
29637,0.37
29638,0.366
29639,0.359
29640,0.351
29641,0.344
29643,0.334
29644,0.333
29645,0.332
29647,0.332
29648,0.331
29650,0.329
29651,0.325
29652,0.321
29654,0.316
29656,0.3
29657,0.292
29658,0.284
29659,0.276
29660,0.309
29661,0.338
30031,0.182
30032,0.194
30033,0.202
30034,0.209
30035,0.215
30036,0.223
30037,0.213
30040,0.183
30041,0.193
30042,0.196
30043,0.203
30044,0.2
30046,0.216
30661,0.201
30663,0.201
30666,0.201
30682,0.199
30685,0.197
30686,0.197
30691,0.193
30780,0.227
30782,0.227
30783,0.227
30785,0.227
30786,0.227
30787,0.227
30788,0.227
30789,0.227
30790,0.227
30791,0.457
30792,0.428
30793,0.303
30794,0.353
30813,0.169
30847,0.198
30848,0.196
30934,0.237
30935,0.229
30936,0.222
30937,0.215
30938,0.207
30939,0.2
30943,0.191
30944,0.185
30946,0.237
30947,0.23
30951,0.214
30952,0.208
30968,0.221
30969,0.22
30970,0.219
30971,0.217
30972,0.215
30973,0.212
30974,0.21
30975,0.207
30976,0.207
30978,0.201
30979,0.222
30980,0.2
30981,0.192
30982,0.185
30985,0.205
30997,0.219
30998,0.219
31000,0.214
31001,0.214
31002,0.211
31003,0.21
31004,0.21
31005,0.207
31006,0.205
31007,0.202
31025,0.217
31032,0.2
31034,0.2
31040,0.198
31050,0.169
31051,0.169
31052,0.169
31053,0.169
31056,0.169
31057,0.168
31058,0.168
31059,0.168
31060,0.168
31061,0.168
31062,0.166
31063,0.166
31064,0.166
31065,0.165
31066,0.164
31067,0.164
31068,0.164
31069,0.163
31070,0.164
31071,0.162
31072,0.161
31073,0.16
31074,0.16
31075,0.159
31096,0.197
31097,0.195
31098,0.192
31133,0.138
31134,0.13
31135,0.316
31136,0.314
31137,0.312
31138,0.31
31139,0.368
31140,0.309
31141,0.306
31142,0.301
31143,0.347
31144,0.347
31145,0.411
31146,0.348
31147,0.348
31148,0.348
31149,0.35
31150,0.348
31231,0.369
31232,0.351
31233,0.143
31234,0.13
31235,0.143
31236,0.313
31237,0.369
31238,0.312
31239,0.369
31251,0.306
31252,0.306
31253,0.306
31254,0.305
31255,0.305
31256,0.305
31257,0.304
31258,0.304
31259,0.303
31260,0.303
31261,0.302
31262,0.302
31263,0.301
31264,0.301
31265,0.3
31266,0.3
31267,0.299
31268,0.299
31269,0.298
31270,0.298
31271,0.297
31272,0.297
31273,0.296
31274,0.295
31275,0.295
31276,0.294
31277,0.293
31278,0.293
31279,0.292
31280,0.291
31281,0.366
31282,0.31
31284,0.166
31285,0.168
31286,0.279
31287,0.282
31288,0.285
31289,0.29
31290,0.292
31291,0.295
31292,0.297
31358,0.35
31359,0.349
31360,0.348
31361,0.347
31363,0.347
31365,0.255
31366,0.258
31367,0.261
31368,0.351
31369,0.255
31371,0.268
31372,0.272
31375,0.3
31376,0.3
31377,0.302
31378,0.305
31379,0.307
31380,0.31
31381,0.313
31382,0.315
31384,0.413
31385,0.405
31386,0.4
31387,0.394
31388,0.39
31389,0.387
31413,0.383
31414,0.38
31433,0.236
31435,0.243
31436,0.213
31437,0.202
31438,0.19
31440,0.204
31441,0.207
31442,0.192
31443,0.236
31444,0.241
31445,0.23
31446,0.191
31447,0.191
31448,0.201
31449,0.246
31451,0.205
31452,0.243
31453,0.207
31455,0.203
31457,0.202
31458,0.202
31459,0.201
31460,0.201
31461,0.201
31462,0.201
31463,0.2
31464,0.2
31465,0.2
31466,0.199
31467,0.199
31468,0.2
31469,0.198
31473,0.196
31474,0.195
31475,0.193
31476,0.195
31479,0.24
31480,0.245
31482,0.243
31483,0.196
31484,0.207
31486,0.198
31508,0.196
31509,0.204
31510,0.21
31511,0.244
31512,0.207
31513,0.2
31514,0.243
31515,0.243
31516,0.241
31517,0.204
31518,0.201
31519,0.191
31521,0.193
31522,0.189
31524,0.339
31525,0.305
31526,0.192
31527,0.197
31528,0.2
31554,0.209
31555,0.202
31556,0.203
31557,0.208
31558,0.205
31559,0.209
31560,0.207
31561,0.209
31563,0.209
31564,0.208
31565,0.209
31566,0.207
31567,0.205
31568,0.203
31569,0.202
31609,0.175
31610,0.183
31611,0.19
31612,0.196
31613,0.2
31614,0.209
31615,0.216
31622,0.187
31625,0.21
31629,0.172
31630,0.179
31631,0.186
31632,0.193
31633,0.2
31634,0.208
31655,0.207
31656,0.207
31657,0.207
31659,0.207
31660,0.207
31661,0.207
31662,0.207
31663,0.207
31664,0.207
31665,0.207
31666,0.207
31667,0.207
31668,0.19
31765,0.202
31766,0.198
31767,0.198
31768,0.198
31769,0.197
31771,0.197
31772,0.196
31773,0.196
31775,0.447
31776,0.432
31778,0.432
31779,0.412
31780,0.389
31781,0.383
31782,0.376
31783,0.297
31785,0.288
31786,0.284
31787,0.274
31788,0.271
31789,0.267
31790,0.284
31791,0.288
31792,0.297
31793,0.412
31794,0.207
31807,0.18
31808,0.181
31826,0.227
31827,0.23
31828,0.198
31829,0.208
31831,0.298
31833,0.244
31834,0.261
31835,0.311
31836,0.233
31837,0.216
31844,0.309
31845,0.243
31926,0.18
31948,0.304
31949,0.263
31950,0.397
31951,0.288
31954,0.267
31955,0.266
31956,0.244
31957,0.259
31958,0.25
32034,0.141
32053,0.433
32054,0.433
32055,0.458
32056,0.439
32057,0.402
32058,0.379
32059,0.383
32060,0.354
32061,0.366
32062,0.343
32063,0.333
32064,0.324
32065,0.315
32066,0.306
32067,0.324
32068,0.354
32069,0.197
32070,0.196
32071,0.195
32072,0.197
32073,0.192
32074,0.195
32075,0.194
32076,0.197
32077,0.193
32078,0.193
32079,0.193
32080,0.196
32081,0.383
32082,0.379
32083,0.402
32087,0.267
32091,0.295
32093,0.193
32094,0.192
32095,0.192
32096,0.192
32097,0.191
32098,0.19
32100,0.192
32137,0.378
32139,0.319
32143,0.226
32145,0.244
32156,0.196
32168,0.455
32326,0.216
32327,0.304
32328,0.317
32330,0.266
32331,0.239
32333,0.229
32335,0.269
32345,0.273
32349,0.253
32353,0.171
32354,0.173
32361,0.244
32363,0.227
32364,0.253
32606,0.34
32607,0.34
32608,0.267
32609,0.338
32610,0.29
32906,0.212
32907,0.211
32908,0.293
33141,0.211
33142,0.293
33143,0.212
33789,0.234
33790,0.297
33791,0.274
33828,0.235
33834,0.247
33835,0.192
33836,0.194
33837,0.196
33838,0.229
33841,0.269
33843,0.186
33844,0.285
33845,0.244
33846,0.267
33847,0.219
33848,0.236
33849,0.219
33850,0.256
33960,0.2
33961,0.202
33962,0.205
33963,0.276
33965,0.2
33966,0.193
33967,0.193
33968,0.213
33969,0.19
33989,0.364
33990,0.353
34481,0.425
34482,0.433
34793,0.265
34794,0.275
34862,0.379
34863,0.379
34872,0.154
34873,0.147
34874,0.129
34875,0.122
34876,0.114
34877,0.107
34878,0.098
34892,0.109
34893,0.099
34894,0.091
34925,0.129
34928,0.118
34956,0.38
34957,0.383
34958,0.383
34959,0.384
34960,0.385
34961,0.387
34962,0.383
34963,0.388
34964,0.39
34965,0.391
34966,0.392
34967,0.394
34968,0.396
34969,0.397
34970,0.147
34971,0.142
34972,0.139
34973,0.398
34974,0.4
34975,0.403
34976,0.404
34977,0.403
34978,0.4
34979,0.408
34980,0.409
34981,0.413
34982,0.408
34983,0.398
34985,0.42
34986,0.425
34987,0.427
34988,0.42
34989,0.398
34990,0.408
34991,0.413
35002,0.147
35003,0.133
35004,0.13
35005,0.126
35006,0.122
35007,0.118
35028,0.141
35029,0.137
35030,0.133
35031,0.13
35032,0.133
35033,0.126
35034,0.122
35035,0.118
35036,0.114
35048,0.147
35072,0.27
35073,0.269
35074,0.261
35075,0.261
35076,0.259
35077,0.257
35078,0.256
35079,0.256
35094,0.137
35096,0.132
35097,0.129
35098,0.124
35099,0.121
35100,0.117
35101,0.114
35102,0.109
35103,0.138
35104,0.134
35105,0.129
35106,0.125
35107,0.121
35108,0.117
35109,0.112
35110,0.108
35111,0.275
35112,0.273
35113,0.275
35114,0.272
35115,0.265
35117,0.263
35118,0.258
35119,0.257
35120,0.264
35152,0.127
35153,0.126
35154,0.126
35155,0.124
35156,0.122
35157,0.121
35169,0.119
35170,0.118
35171,0.116
35172,0.115
35173,0.114
35174,0.119
35175,0.129
35176,0.128
35177,0.129
35183,0.126
35184,0.125
35185,0.124
35186,0.122
35187,0.12
35188,0.119
35189,0.117
35190,0.115
35191,0.114
35224,0.269
35225,0.265
35226,0.261
35227,0.262
35228,0.261
35229,0.26
35230,0.259
35231,0.258
35235,0.141
35236,0.139
35237,0.137
35238,0.135
35239,0.133
35240,0.131
35241,0.129
35242,0.127
35243,0.133
35244,0.141
35247,0.141
35248,0.139
35249,0.138
35250,0.135
35251,0.134
35252,0.131
35253,0.129
35254,0.127
35266,0.136
35267,0.136
35268,0.136
35269,0.136
35270,0.135
35271,0.135
35272,0.135
35273,0.135
35274,0.134
35275,0.134
35276,0.134
35456,0.137
35457,0.137
35458,0.137
35459,0.136
35460,0.136
35461,0.136
35462,0.136
35463,0.135
35464,0.135
35466,0.135
35467,0.136
35468,0.136
35791,0.135
35792,0.375
35793,0.374
35794,0.375
35795,0.376
35796,0.376
35797,0.378
35798,0.379
35825,0.381
35826,0.38
35827,0.381
35828,0.383
35833,0.385
35834,0.201
35835,0.203
35846,0.203
35854,0.228
35856,0.191
35860,0.191
35875,0.191
36139,0.392
36141,0.396
36142,0.398
36143,0.4
36144,0.402
36145,0.406
36446,0.265
36447,0.265
36448,0.265
36449,0.26
36450,0.262
36452,0.254
36453,0.25
36455,0.252
36562,0.41
36563,0.414
36564,0.418
36565,0.423
36566,0.426
36567,0.434
36568,0.444
36569,0.434
36570,0.426
36573,0.435
36588,0.199
36593,0.205
36597,0.204
36598,0.21
36599,0.227
36600,0.202
36601,0.199
36604,0.218
36605,0.228
36606,0.21
36608,0.205
36609,0.23
36612,0.207
36614,0.184
36616,0.233
36618,0.194
36619,0.194
36620,0.232
36625,0.2
36626,0.194
36627,0.195
36628,0.209
36632,0.206
36634,0.325
36636,0.192
36637,0.199
36895,0.214
37086,0.167
37089,0.164
37095,0.164
37098,0.162
37406,0.329
37407,0.311
37408,0.316
37409,0.271
37410,0.311
37412,0.169
37416,0.45
37418,0.386
37420,0.349
37422,0.386
37424,0.386
37426,0.45
37429,0.169
38045,0.122
38046,0.118
38047,0.114
38048,0.11
38069,0.121
38071,0.113
38072,0.109
38073,0.105
38074,0.1
38075,0.096
38076,0.104
38077,0.1
38078,0.095
38079,0.089
38081,0.104
38092,0.117
38093,0.083
38094,0.103
38095,0.099
38096,0.094
38097,0.089
38098,0.085
38099,0.08
38100,0.136
38101,0.131
38102,0.128
38103,0.123
38104,0.119
38105,0.119
38106,0.104
38107,0.103
38108,0.123
38116,0.106
38117,0.102
38118,0.098
38119,0.094
38120,0.09
38121,0.086
38122,0.082
38181,0.173
38182,0.179
38183,0.221
38185,0.172
38186,0.176
38187,0.199
38188,0.171
38189,0.185
38190,0.171
38191,0.171
38200,0.084
38203,0.093
38358,0.237
38359,0.242
38360,0.217
38361,0.246
38797,0.219
38798,0.212
38800,0.198
38801,0.19
38802,0.185
38803,0.178
38804,0.198
38805,0.219
38854,0.207
38855,0.195
38856,0.186
38857,0.178
38858,0.17
38859,0.161
38860,0.155
38861,0.151
38862,0.161
38942,0.241
38943,0.232
38944,0.224
38945,0.232
38946,0.241
38947,0.216
38948,0.209
38949,0.202
38950,0.195
38951,0.19
38952,0.195
38953,0.202
38954,0.216
39157,0.162
39158,0.055
39217,0.211
39221,0.241
39223,0.253
39224,0.292
39225,0.3
39226,0.21
39228,0.226
39267,0.184
39268,0.173
39307,0.198
39357,0.149
39358,0.12
39372,0.051
39373,0.177
39374,0.181
39375,0.177
39410,0.287
39457,0.139
39458,0.13
39459,0.119
39460,0.109
39461,0.099
39462,0.09
39463,0.081
39464,0.076
39465,0.227
39481,0.237
39482,0.216
39483,0.194
39484,0.174
39485,0.158
39486,0.135
39487,0.116
39488,0.095
39489,0.077
39490,0.241
39491,0.22
39492,0.221
39494,0.219
39495,0.224
39496,0.221
39497,0.231
39498,0.25
39500,0.242
39501,0.237
39525,0.186
39526,0.127
39563,0.207
39564,0.197
39565,0.19
39566,0.183
39567,0.173
39568,0.164
39569,0.132
39570,0.164
39578,0.225
39579,0.222
39581,0.224
39582,0.235
39583,0.251
39605,0.353
39606,0.319
39607,0.33
39608,0.31
39609,0.33
39611,0.251
39612,0.235
39613,0.204
39614,0.199
39615,0.196
39617,0.199
39618,0.2
39619,0.199
39641,0.218
39642,0.214
39643,0.213
39644,0.224
39645,0.216
39646,0.218
39647,0.216
39648,0.219
39672,0.305
39673,0.341
39674,0.306
39675,0.354
39676,0.311
39677,0.347
39678,0.327
39810,0.207
39811,0.204
39812,0.204
39813,0.204
39814,0.203
39815,0.205
39816,0.201
39817,0.409
39948,0.269
39949,0.269
39950,0.265
39951,0.262
39952,0.26
39953,0.263
39964,0.261
39965,0.247
