1328,1.8852
1329,2.1202
1340,0.9864
1341,1.0976
1342,1.2093
1343,1.3151
1344,1.2154
1345,1.0888
1346,0.9985
1347,0.9564
1348,1.1424
1349,1.2083
1350,1.2667
1351,1.0163
1352,1.091
1353,1.1601
1356,1.2065
1357,0.947
1358,0.8349
1359,1.0674
1360,0.8951
1361,0.7981
1362,0.955
1363,1.2994
1382,0.7017
1385,0.6345
1390,0.6199
1391,0.8134
1392,0.6427
1393,0.6163
1401,0.9448
1478,2.12
1479,1.8875
1489,1.4051
1490,1.8607
1491,1.4
1492,1.5928
1493,1.846
1508,1.5797
1509,1.4239
1514,2.4048
1516,1.531
1517,1.9848
1518,1.5179
1531,1.7235
1533,1.5538
1537,1.4169
1566,1.1486
1625,0.8255
1626,1.4637
1627,1.4754
1628,1.4704
1629,1.4692
1630,1.4721
1631,1.3743
1632,1.3817
1634,1.3764
1645,1.6583
1672,1.2312
1673,1.4678
1674,1.4808
1675,1.5045
1819,2.507
1820,2.0398
1821,2.2827
1822,2.3868
1823,2.2727
1831,1.3493
1833,2.4154
1834,2.2795
1839,1.655
1840,2.2851
1841,1.143
1842,1.1097
1893,1.2905
2552,1.5536
2553,1.5272
2554,1.4449
2555,1.318
2556,1.3214
2557,1.1912
2558,1.0987
2559,1.0444
2560,1.1163
2562,1.8823
2563,1.9152
2564,1.9146
2567,1.9283
2568,1.896
2569,1.8694
2623,1.6958
2624,1.7567
2625,1.6299
2626,1.6299
2627,1.6505
2628,1.6496
2632,2.5153
2633,2.4897
2634,2.4794
2635,2.5202
2638,2.4142
2639,2.441
2640,2.4811
2643,2.472
2644,2.5518
2645,2.6346
2646,2.7355
2647,2.8021
2648,2.9008
2649,3.0196
2653,2.399
2656,3.2389
2660,1.6755
2664,2.4473
2665,1.7303
2666,1.7266
2667,1.7294
2668,1.7293
2669,1.7292
2670,1.7243
2671,1.7281
2672,1.6914
2673,1.7566
2694,0.8357
2695,1.0165
2696,0.6446
2698,1.1578
2699,1.0996
2700,1.0974
2701,0.9001
2702,0.8606
2703,1.1015
2704,1.1386
2705,1.0168
2706,0.9294
2708,0.9914
2710,1.0313
2711,1.3813
2712,0.9929
2713,0.7586
2714,1.178
2715,0.731
2717,1.2301
2718,1.0391
2719,1.0489
2723,0.8812
2725,1.5834
2727,1.2736
2728,1.3866
2729,1.4999
2730,1.2667
2731,1.2996
2732,1.6835
2733,1.5394
2734,1.5265
2735,1.4896
2736,1.4191
2737,1.5108
2738,1.3457
2739,1.407
2740,1.482
2741,1.7625
2742,1.7018
2743,1.4537
2745,1.5692
2746,1.4886
2748,1.5307
2769,1.6657
2770,1.4488
2772,2.3546
2773,2.1213
2774,2.0533
2863,1.59
2864,1.5744
2865,1.6814
2866,1.7444
2867,1.6187
2868,1.6635
2869,1.746
2871,0.9481
2915,1.3353
2916,1.2344
2917,0.8919
2918,1.0745
2919,1.2036
2920,1.3662
2922,1.2601
2923,1.0649
2924,0.9914
2925,1.101
2926,1.1094
2927,1.31
2928,1.3141
2932,1.4632
2933,0.956
2934,0.7792
2939,1.3897
3061,1.22
3062,1.3118
3063,1.2737
3142,1.6336
3143,1.514
3145,1.6913
3147,1.5029
3149,1.4007
3150,1.2976
3194,0.9185
3196,0.9858
3200,0.8597
3212,1.2489
3250,1.7979
3251,1.8265
3253,2.0679
3255,1.5566
3256,1.4923
3257,1.5331
3258,1.533
3261,1.589
3265,1.4233
3266,1.414
3267,1.1987
3269,1.5646
3270,1.6735
3277,2.3504
3307,0.935
3309,0.819
3310,0.9802
3336,1.3173
3337,1.1928
3338,1.4495
3339,1.1277
3340,1.3512
3341,1.3503
3342,1.3512
3343,1.3512
3344,1.3485
3345,2.159
3346,2.1594
3348,1.3167
3349,1.3518
3350,1.3471
3351,1.2941
3352,1.1923
3353,1.4499
3354,1.3868
3355,1.301
3356,1.1013
3357,1.1287
3358,1.4128
3359,1.4268
3360,1.3745
3361,1.359
3362,1.3657
3363,1.3365
3364,1.3236
3365,1.2513
3366,1.2651
3367,1.9796
3368,1.9996
3372,2.0772
3373,1.5656
3374,1.566
3375,1.9965
3376,1.9343
3377,1.7037
3378,1.9624
3379,1.9122
3380,1.9238
3381,1.8579
3382,1.869
3383,1.7901
3384,1.7653
3385,1.7655
3386,1.8703
3387,2.4009
3388,1.6898
3389,0.9584
3390,0.8806
3392,0.9141
3394,0.9194
3395,0.9252
3396,0.9288
3397,1.0078
3398,0.9981
3399,0.9825
3400,0.9812
3401,0.9497
3403,0.9377
3404,0.8773
3406,0.8029
3407,0.9907
3409,2.4009
3410,1.6898
3412,2.0172
3413,2.0112
3414,1.9591
3415,1.9593
3416,1.9129
3417,1.9218
3418,1.9083
3419,1.8717
3420,1.9655
3421,1.9433
3422,1.9322
3423,2.0558
3424,2.0978
3425,2.1155
3426,2.1664
3427,2.1892
3428,2.1837
3429,2.269
3430,2.269
3431,2.2901
3433,1.2683
3434,1.3529
3435,1.3339
3436,1.3482
3437,1.3492
3438,1.3522
3439,1.278
3440,1.3659
3441,1.3889
3442,1.3836
3443,1.277
3444,1.2789
3445,1.1233
3446,1.2094
3447,0.8603
3448,1.1833
3473,2.3797
3474,2.198
3475,2.1751
3476,2.1747
3477,1.9599
3478,2.0496
3479,1.9495
3480,1.9266
3507,1.8515
3508,1.8178
3509,1.7471
3510,1.9984
3511,2.0528
3512,1.9216
3513,1.9444
3514,1.9806
3515,1.9123
3516,1.8578
3517,1.906
3518,1.8717
3519,1.8786
3520,1.8287
3521,1.6309
3522,1.7526
3524,1.8335
3526,1.6654
3528,2.0263
3529,1.7406
3530,2.0486
3532,1.9752
3533,2.1998
3535,0.855
3576,0.9842
3591,1.2117
3592,1.7947
3593,1.807
3596,1.1905
3649,0.9009
3650,0.9805
3673,1.0426
3676,0.9627
3677,0.9198
3684,0.8665
3685,0.9629
3686,0.8469
3687,0.898
3688,0.8696
3699,0.9726
3700,0.8677
3708,0.9196
3724,0.8516
3725,0.9845
3726,0.9327
3727,0.9405
3728,0.8944
3729,0.9937
3730,0.9196
3731,0.9795
3732,0.805
3733,0.792
3740,0.9005
3749,1.2102
3750,1.6939
3751,1.6281
3752,1.5379
3753,1.6254
3754,1.5417
3755,1.6285
3756,1.4688
3757,1.5977
3758,1.5459
3759,1.2239
3760,1.6947
3761,1.8099
3762,1.5668
3763,1.5094
3764,1.6102
3765,1.355
3766,1.6449
3767,1.6613
3784,1.6527
3785,1.5156
3786,1.4677
3787,1.6024
3843,1.2811
3861,1.2715
3862,1.3735
3865,1.3649
3866,1.2346
3867,1.399
3868,1.3119
3896,1.2394
4073,1.203
4074,1.186
4075,0.872
4076,1.0263
4077,0.6416
4079,1.1449
4080,1.0734
4082,0.9098
4084,1.1166
4085,1.0397
4086,1.0255
4087,0.9332
4089,1.0122
4090,1.0389
4091,1.3952
4092,0.9919
4093,0.778
4094,1.0651
4095,0.7781
4096,0.7978
4130,1.111
4131,0.8744
4132,0.9178
4176,2.2185
4177,2.0135
4178,1.7724
4179,1.5681
4180,1.3391
4181,1.1537
4182,0.9865
4223,1.8009
4224,1.847
4225,1.6418
4226,1.7915
4227,1.6412
4228,1.588
4229,1.5084
4230,1.4465
4231,1.4241
4232,1.6961
4233,1.2837
4234,1.5359
4235,1.4065
4236,1.2939
4238,2.2469
4239,2.1168
4240,2.0267
4244,1.1225
4246,1.2471
4248,1.0035
4250,1.4321
4256,1.2263
4259,1.4015
4260,1.4319
4263,1.0835
4264,1.4698
4271,0.9197
4273,1.3537
4274,1.3669
4280,1.3154
4281,1.0832
4282,1.3145
4285,1.0029
4355,0.8672
4356,1.1255
4358,1.2184
4359,1.1871
4360,0.9507
4361,1.1483
4364,1.1817
4366,1.0162
4367,1.2232
4368,0.9217
4386,3.24
4388,1.9297
4389,1.8269
4390,1.9277
4391,1.8955
4392,2.1308
4393,2.2518
4394,2.2052
4395,2.3164
4396,2.7846
4397,2.851
4398,2.6783
4400,2.6135
4401,2.8437
4402,2.8335
4403,2.7794
4404,3.2403
4405,3.3933
4409,0.7811
4410,1.2684
4412,1.0117
4413,1.6281
4414,1.6222
4415,1.946
4416,1.8861
4418,1.7478
4419,1.9541
4420,2.2511
4421,2.4695
4422,1.7003
4423,3.24
4424,4.4912
4428,1.3699
4429,1.2473
4431,1.5292
4432,1.6294
4433,1.4613
4434,1.5486
4435,1.4414
4438,1.434
4439,2.2806
4440,2.3399
4441,1.2233
4442,3.2292
4443,5.4137
4447,2.3378
4463,2.2922
4464,2.4644
4465,2.0566
4466,2.3399
4467,2.4061
4468,2.3205
4469,2.3189
4470,2.302
4471,2.284
4472,2.2508
4473,2.0112
4474,2.093
4475,2.1734
4477,1.8684
4478,1.938
4479,1.7281
4481,1.5906
4482,2.938
4483,2.8282
4484,2.0476
4485,2.3397
4486,2.1796
4487,1.8882
4488,1.7114
4489,1.5067
4490,1.9162
4491,1.8432
4492,1.6159
4493,1.7685
4494,1.6124
4496,1.3886
4497,1.2758
4501,3.0993
4502,2.3933
4506,1.593
4521,2.3933
4522,2.0273
4523,1.9479
4524,1.8769
4525,1.944
4526,2.0261
4527,1.9954
4528,1.9027
4529,1.8429
4530,1.603
4531,1.6794
4532,1.7513
4533,1.7325
4534,1.4579
4535,1.4949
4536,1.4719
4538,1.3708
4539,4.1308
4540,2.3933
4542,1.9465
4543,1.8193
4544,1.3558
4545,1.4276
4546,1.4418
4547,1.2148
4550,1.427
4551,1.3564
4553,1.1253
4554,0.9936
4555,1.0409
4556,1.0216
4557,1.1798
4558,5.7607
4559,2.3933
4561,1.7886
4562,1.4558
4563,1.0357
4565,1.4068
4566,1.115
4567,1.0007
4568,0.9414
4570,1.0277
4571,1.0971
4572,0.872
4573,0.8704
4574,1.131
4575,1.3745
4577,2.0593
4595,2.2462
4596,1.9477
4597,1.9269
4598,1.7842
4599,1.7109
4600,1.7291
4601,1.6627
4602,1.6575
4603,1.5932
4604,1.5262
4605,1.4285
4606,1.557
4607,1.5615
4608,1.5482
4609,1.3842
4610,1.3789
4611,1.3692
4612,1.3286
4633,2.5304
4634,2.1635
4635,2.0474
4636,1.7972
4637,1.7835
4639,1.2875
4640,1.4175
4641,1.1152
4642,1.2496
4646,1.2323
4648,1.0152
4649,1.0647
4650,1.0459
4651,1.1777
4652,0.9058
4654,1.2752
4655,0.7143
4659,0.9608
4660,1.3097
4661,1.2003
4662,1.188
4663,1.4248
4664,1.4048
4665,1.2242
4668,1.2633
4669,1.3425
4672,0.6645
4673,0.8533
4674,0.782
4675,1.0156
4676,0.9326
4677,0.698
4679,0.6269
4680,1.1013
4681,0.9904
4682,1.1074
4683,0.9151
4684,1.1018
4685,0.9186
4686,0.8166
4687,1.0563
4688,0.9647
4689,0.9805
4690,1.1851
4691,1.0305
4692,0.7493
4693,1.1844
4752,0.7241
4753,0.8561
4754,1.2138
4755,1.422
4756,1.2835
4757,0.8521
4761,0.7694
4762,0.7105
4763,0.738
4765,1.1816
4766,0.9623
4767,0.9316
4769,1.1016
4771,0.9068
4772,0.5741
4773,0.838
4774,1.2257
4775,1.1401
4776,1.0108
4777,1.1853
4778,0.9963
4779,1.1735
4780,0.9826
4781,1.773
4782,1.9858
4789,0.9014
4790,0.9387
4791,0.8511
4792,1.2644
4794,0.899
4795,1.3334
4796,0.8901
4798,0.9671
4801,0.5925
4802,1.3542
4805,1.2677
4809,0.5277
4810,1.05
4814,0.8003
4815,0.7109
4817,0.8045
4818,1.016
4819,0.8056
4820,1.1597
4821,0.8901
4824,2.4301
4825,2.3143
4826,1.575
4827,1.71
4828,1.2355
4829,1.0956
4841,3.2423
4842,2.2322
4843,2.9059
4844,2.9494
4845,2.7818
4846,2.6457
4847,2.753
4848,2.8363
4849,2.6874
4850,1.6737
4851,2.406
4852,2.3562
4853,2.4056
4854,2.0979
4855,2.0761
4856,1.9199
4857,2.0702
4858,1.9866
4859,3.1695
4860,3.247
4861,3.1519
4862,3.1493
4864,2.5966
4865,3.2256
4866,3.2077
4867,3.2099
4868,3.0868
4869,3.0672
4870,2.9637
4871,3.0131
4872,3.0682
4873,2.81
4874,2.9015
4875,2.955
4877,2.9973
4878,2.4675
4879,2.4037
4880,2.412
4881,2.2432
4882,2.336
4883,2.3441
4884,2.3612
4885,2.3761
4886,2.4078
4887,2.4263
4888,2.3234
4889,2.2884
4890,2.2878
4891,2.1677
4892,2.2688
4893,2.2199
4894,2.1474
4895,2.1668
4896,2.2486
4897,2.1306
4898,2.2199
4899,2.3804
4900,2.406
4901,2.4897
4902,2.3657
4903,2.2457
4904,2.2403
4905,2.157
4906,2.1317
4907,1.8654
4908,2.1134
4909,2.2669
4910,2.2868
4911,1.8913
4912,2.0151
4913,2.0505
4914,1.9352
4915,1.8575
4916,2.7472
4917,2.2336
4918,1.9631
4919,1.9995
4920,1.9622
4921,1.9743
4922,1.9681
4923,1.8014
4924,1.7869
4925,1.6467
4926,1.6976
4927,1.7783
4928,1.7652
4929,1.497
4930,1.5193
4931,1.5547
4932,1.4854
4933,1.5561
4934,1.8485
4935,1.8515
4936,1.8476
4937,1.8365
4938,1.8237
4939,1.7941
4940,1.7206
4941,1.6715
4942,1.3857
4943,1.6833
4944,1.7237
4945,1.7685
4946,1.7331
4947,1.6434
4948,1.7081
4949,1.6539
4950,1.5845
4951,1.5901
4952,1.5702
4953,1.8223
4954,1.8356
4955,1.7903
4956,1.7116
4957,1.792
4958,1.6278
4959,1.6461
4960,1.6061
4961,1.5657
4962,1.4592
4963,1.4033
4964,1.5212
4965,1.6227
4966,1.519
4967,1.3516
4968,1.4431
4969,1.355
4970,1.3979
4972,2.4913
4974,2.3229
4975,2.2849
4976,2.2918
4977,2.292
4978,2.2944
4979,2.3144
4980,2.244
4981,2.2164
4982,2.1415
4983,2.1125
4984,2.0586
4985,2.2153
4986,1.9946
4987,1.7966
4988,1.9871
4990,2.0181
4992,1.3054
4993,1.3098
4994,1.0293
4996,1.1758
4997,0.6923
5001,2.4096
5008,3.1738
5010,2.4072
5011,3.172
5012,3.1964
5013,3.1904
5015,1.0277
5016,2.2879
5017,2.2337
5021,1.3735
5025,1.1699
5026,1.512
5027,1.6711
5028,1.7201
5029,1.67
5030,1.9567
5031,2.0703
5032,2.0257
5033,1.3276
5034,2.274
5035,2.0306
5036,2.3635
5037,1.9281
5038,2.3436
5039,2.7095
5040,2.7032
5041,2.2079
5042,3.2472
5043,2.7567
5044,1.049
5045,0.599
5046,1.3169
5047,1.3389
5048,1.4132
5049,1.7033
5050,1.7236
5051,1.7676
5052,1.3375
5053,1.7912
5054,1.3075
5055,1.6155
5056,1.7555
5058,2.3808
5059,2.5358
5060,2.2745
5062,2.492
5082,0.9201
5083,1.1725
5084,1.2756
5085,1.3635
5086,1.3666
5087,1.5812
5088,1.6297
5089,1.7398
5090,1.4544
5091,1.669
5092,1.4445
5093,1.5216
5094,1.6441
5095,4.2491
5096,2.1863
5097,2.4168
5099,2.8942
5100,2.802
5101,3.097
5103,2.0596
5104,1.7373
5105,1.9843
5106,1.6362
5107,1.9522
5108,1.5993
5109,1.5866
5110,1.4267
5111,1.1746
5112,1.3474
5113,1.2108
5114,1.5417
5115,1.1242
5116,1.1791
5117,1.1855
5118,1.2215
5119,1.1954
5120,4.2139
5122,1.8199
5123,1.8208
5124,1.8168
5125,1.5005
5126,1.5295
5127,1.5318
5128,1.4156
5129,1.2494
5130,0.9464
5131,1.2811
5132,1.2212
5133,1.3071
5134,0.8912
5135,0.9521
5136,1.0562
5137,0.9814
5138,1.013
5158,3.0655
5159,1.9751
5160,1.9492
5161,1.6678
5162,1.7632
5163,1.555
5164,1.293
5166,1.169
5167,1.148
5168,0.9966
5169,1.2347
5170,1.0582
5171,1.0712
5172,0.9936
5173,0.9017
5174,1.0148
5175,1.0204
5176,1.08
5186,0.9063
5189,0.8272
5190,1.0649
5192,0.9293
5193,0.7957
5194,1.1056
5197,0.8468
5198,0.8335
5199,1.2105
5200,1.091
5203,1.4761
5204,0.8675
5206,1.0419
5207,1.2225
5208,0.5598
5209,0.7937
5210,0.8618
5211,0.7241
5224,1.0447
5225,2.5383
5226,2.603
5227,2.5722
5228,2.6966
5229,2.7331
5230,2.7377
5231,2.8961
5232,2.9314
5233,2.9109
5234,2.7527
5235,2.7411
5238,2.8907
5239,2.8386
5240,2.9188
5242,2.0236
5243,1.7265
5244,1.9707
5245,1.8305
5246,1.967
5247,1.9897
5248,1.9913
5249,2.0042
5250,1.8705
5251,1.86
5252,1.355
5253,1.3572
5254,1.346
5255,1.3096
5256,1.3013
5257,1.2874
5258,1.0804
5259,1.2176
5260,1.386
5261,1.2986
5262,1.1707
5263,1.4284
5264,1.4055
5265,1.3811
5266,1.3751
5267,1.3306
5268,1.2354
5269,1.2522
5270,1.4257
5271,1.3762
5272,1.3599
5273,1.4526
5274,1.4307
5275,1.4343
5276,1.4063
5277,1.0216
5278,1.4642
5279,1.4407
5280,1.2983
5281,1.1579
5282,1.4595
5283,1.2358
5284,0.8905
5285,0.8695
5286,0.9644
5293,2.5354
5294,2.5495
5295,2.5481
5296,2.5247
5298,1.9843
5299,2.3168
5300,2.6278
5301,2.8025
5302,1.9328
5333,1.0493
5334,0.8428
5335,1.1699
5336,1.2178
5337,1.2595
5339,1.1003
5359,1.3499
5369,1.3535
5370,0.8667
5371,1.2171
5372,1.38
5373,1.4442
5374,1.3535
5376,2.3702
5377,2.3221
5379,2.4079
5427,2.484
5428,2.4454
5429,2.3968
5488,2.39
5491,2.4555
5493,2.4848
5494,2.4938
5495,2.3045
5496,2.319
5497,2.329
5498,2.3374
5499,2.1813
5500,2.2494
5501,2.2567
5502,2.3702
5503,2.3962
5504,2.4234
5505,2.387
5506,2.1655
5507,2.1405
5508,2.1483
5509,2.1359
5510,2.107
5511,2.1363
5514,2.2138
5515,2.2353
5516,2.2831
5518,1.8456
5519,1.8687
5520,1.8916
5542,1.079
5565,1.5755
5566,1.4811
5567,1.38
5568,1.2604
5576,2.3424
5577,2.2842
5578,2.222
5579,1.6432
5580,1.6016
5581,1.5474
5582,1.5143
5592,0.9744
5594,1.4746
5599,1.64
5600,1.6123
5601,1.5448
5602,1.5338
5604,2.1926
5607,2.1616
5608,1.6016
5609,2.1088
5615,2.1616
5616,2.1088
5617,2.0593
5618,1.9896
5619,1.9365
5624,2.1573
5625,2.1211
5626,2.0566
5627,2.0291
5632,2.1825
5633,2.1704
5634,2.1127
5635,2.0045
5637,3.2775
5638,2.129
5644,1.1921
5655,1.1093
5656,1.0499
5658,1.3522
5713,1.6207
5714,2.1553
5715,1.9363
5716,1.8577
5717,1.4622
5798,1.0393
5799,0.8318
5800,1.1547
5801,1.1747
5821,0.6012
5822,1.031
5823,1.1747
5824,0.8492
5825,0.9002
5826,1.0892
5845,1.2172
5846,0.6263
5847,1.1732
5848,1.1681
5849,0.9364
5850,1.0843
5893,0.8113
5894,1.2394
5895,1.363
5896,1.1863
5897,1.116
5905,1.1324
5906,0.8519
5907,0.9031
5909,0.968
5910,1.0802
5912,0.8763
5913,0.8662
5914,0.7134
5915,0.8984
5916,0.9101
5917,0.8461
5918,0.9084
5919,0.9261
5930,1.0207
5931,0.9285
5932,1.0992
5933,0.9762
5934,0.8452
5935,0.8059
5937,0.753
5962,0.8885
5963,1.137
5964,1.4973
5965,0.874
5966,0.6983
5967,1.005
5968,1.2445
5969,1.1789
5970,1.3651
5971,1.1199
5972,1.0888
5973,0.8029
5981,0.8851
5982,1.0573
5983,1.4948
5984,0.7562
5985,1.0219
5986,0.9251
5987,0.8739
5988,1.1477
5995,0.9226
5996,1.2071
5997,0.8187
5999,1.1611
6002,1.0773
6004,2.3985
6005,2.3895
6007,2.4005
6008,2.8346
6010,1.1239
6023,2.8806
6028,2.8819
6030,3.2408
6045,0.9187
6046,2.1229
6047,1.8713
6049,2.3572
6050,1.2183
6051,2.2113
6052,0.8973
6053,0.928
6055,0.7005
6062,2.1527
6063,2.2086
6064,0.8773
6065,1.0489
6069,0.9244
6070,2.2283
6071,2.054
6072,2.0192
6073,1.9789
6074,1.959
6075,0.658
6077,2.2296
6078,0.658
6079,2.7703
6080,2.5374
6084,0.5805
6085,2.0623
6086,2.0477
6087,1.9523
6089,0.9873
6093,1.0326
6096,2.199
6098,2.8961
6099,0.9816
6100,0.976
6101,0.9793
6103,0.9841
6105,2.3646
6106,1.7156
6108,1.5596
6109,1.084
6110,2.0621
6111,2.0508
6112,1.9624
6113,1.8406
6114,2.243
6115,1.1004
6118,1.3579
6119,1.1151
6120,0.6455
6124,1.2957
6133,0.8408
6134,0.8816
6135,0.8055
6137,1.6545
6139,1.3149
6146,1.3316
6147,1.6529
6154,1.6478
6160,2.3857
6171,1.0865
6212,1.2923
6217,1.1473
6249,0.9351
6250,1.0933
6251,0.8864
6252,0.8121
6253,0.9558
6254,0.8121
6255,1.1113
6256,0.9032
6257,0.818
6258,0.9579
6259,0.9455
6274,0.947
6284,1.0961
6289,1.0934
6294,1.6005
6296,0.9556
6297,0.9387
6298,0.9556
6299,0.934
6710,2.4734
6711,2.4444
6712,2.4139
6713,2.5221
6714,2.5443
6715,2.5671
6716,2.5006
6717,1.2137
6718,1.5833
6719,1.2043
6720,1.1918
6721,1.1783
6722,1.1681
6723,1.2256
6724,1.2284
6725,1.2408
6726,1.2284
6727,1.5595
6728,1.5473
6729,1.5941
6730,1.6036
6731,1.4983
6732,1.6036
6733,1.5833
6734,1.6036
6765,1.588
6766,1.5733
6776,2.4084
6777,1.2124
6778,1.1739
6779,1.5194
6780,1.7679
6781,1.6231
6782,1.4426
6784,1.9218
7259,1.6792
7419,1.681
7420,1.8534
7421,1.8961
7422,1.6092
7423,1.4547
7424,1.4217
7425,1.2156
7426,1.4389
7427,1.5461
7428,1.7037
7429,1.5751
7430,1.6995
7431,1.4791
7432,1.4117
7433,1.4945
7434,1.3257
7435,1.4008
7436,1.3744
7437,1.4756
7438,1.6912
7439,1.511
7448,1.6483
7450,1.3405
7451,1.5351
7452,1.6765
7453,1.283
7454,1.2864
7455,1.283
7459,0.6081
7460,0.7394
7461,1.1502
7462,0.6315
7464,0.406
7465,0.9268
7466,0.4182
7467,0.8995
7468,1.319
7469,1.37
7471,0.8058
7472,0.9585
7473,0.9168
7474,1.0168
7475,0.9305
7477,1.007
7482,1.4596
7509,2.0133
7510,1.8465
7511,1.7041
7512,1.7817
7513,1.5851
7514,1.3731
7515,1.5959
7516,1.453
7517,1.4886
7518,1.7461
7519,1.5686
7520,1.6898
7521,1.5303
7522,1.4473
7523,1.477
7525,1.3033
7526,1.4428
7528,1.6418
7529,1.4844
7532,1.6002
7533,1.4215
7534,1.6069
7535,1.5428
7540,1.198
7541,1.6048
7544,1.6907
7545,0.523
7546,1.6112
7547,1.4899
7565,1.646
7566,1.3617
7567,1.182
7568,1.4407
7605,1.646
7608,2.4151
7673,1.8951
7674,1.4868
7675,0.8511
7676,1.6363
7677,1.6093
7678,1.6672
7679,1.1936
7680,2.1347
7681,1.5241
7682,1.809
7683,1.7908
7684,2.2045
7685,2.421
7686,2.0606
7687,2.0379
7694,2.1641
7695,2.144
7696,1.9001
7697,1.8553
7698,1.6054
7699,1.6143
7701,1.5074
7702,1.5397
7703,1.6739
7704,1.786
7797,1.1194
7799,1.304
7800,1.2603
7809,2.4035
7810,2.6557
7811,1.6836
7812,1.7584
7813,1.3153
7814,1.6023
7815,1.3233
7816,2.2689
7817,1.4783
7869,2.4065
7870,1.6693
7892,2.3748
7893,2.3909
7894,2.3923
7897,4.6219
7898,5.3991
7899,3.0234
7904,2.3869
8163,1.7576
8164,1.7577
8408,1.5539
8413,1.6995
8414,1.8673
8415,1.9057
8416,1.1709
8417,1.3413
8418,1.3565
8419,0.9389
8420,0.9903
8421,1.729
8422,1.8224
8423,1.6244
8424,1.1894
8425,1.1755
8427,0.973
8429,0.958
9036,1.7003
9037,1.4425
9038,1.6233
9039,1.5218
9040,1.3718
9058,2.4083
9059,1.6838
9060,2.4214
9061,1.3235
9062,2.1252
9063,2.258
9064,1.7423
9065,1.9051
9066,2.1193
9067,1.9232
9068,2.0142
9070,2.0142
9071,1.7822
9138,2.2645
9158,3.2019
9170,3.1188
9171,2.2379
9172,2.7668
9174,2.2466
9175,2.7538
9176,3.1835
9177,3.0653
9178,4.1439
9179,2.3749
9182,3.1119
9183,1.8392
9184,1.6824
9185,2.8718
9186,2.7109
9187,2.1627
9188,1.7014
9189,1.848
9190,1.7838
9192,1.6028
9193,1.5817
9194,2.3824
9195,1.2545
9197,1.5223
9198,1.6063
9199,1.9546
9200,1.9638
9201,1.3503
9202,3.155
9203,2.3
9204,3.1549
9205,1.8645
9207,1.738
9420,1.498
9421,1.5689
9422,1.7385
9424,1.8466
9425,1.5575
9426,1.8466
9427,1.4372
9429,1.376
9430,1.5248
9432,1.6018
9434,1.8513
9435,1.8439
9438,1.5615
9442,1.6763
9443,1.6488
9445,1.562
9446,1.3714
9447,1.6739
9448,1.6739
9449,1.2079
9450,1.4554
9451,1.2079
9453,1.376
9454,1.4372
9455,1.8466
9456,1.4197
9457,1.6403
9458,1.6362
11183,1.8058
11184,1.3944
11185,1.626
11187,1.6621
11190,1.9199
11191,1.8058
11192,1.7108
11193,1.8656
11194,1.6599
11195,1.5836
11196,1.5694
11197,1.2578
11198,1.4537
11199,1.5171
11200,1.5128
11201,1.7952
11202,1.781
11203,1.4458
11204,1.6885
11205,1.7491
11206,1.3642
11207,1.8443
11208,1.6575
11209,1.2717
11210,1.1979
11211,1.2717
11225,1.2741
11230,2.1805
11231,1.3549
11234,2.2407
11235,1.4099
11236,1.9437
11238,2.2586
11239,1.6934
11242,2.2989
11243,2.0025
11246,1.7747
11247,2.1681
11252,2.3455
11253,1.5306
11256,0.9203
11260,2.0283
11261,2.145
11264,1.8045
11267,2.3336
11268,2.1469
11271,1.7357
11272,2.1205
11273,1.9397
11275,1.5499
11371,1.4155
11372,0.9059
11457,1.6691
11458,1.6109
11459,1.5597
11460,1.7289
11461,1.5391
11462,1.8176
11719,1.7465
11720,1.718
11721,1.6898
11722,1.6613
11723,1.6041
11724,1.5753
11725,1.5464
11726,1.5753
11727,1.5175
11728,1.5753
11729,1.4884
11730,1.4592
11731,1.8036
11732,1.7752
11733,1.7469
11734,1.7205
11735,1.6635
11736,1.7205
11737,1.6345
11738,1.6051
11739,1.575
11740,1.6051
11741,1.545
11742,1.5141
11743,1.8925
11744,2.0522
11745,1.8349
11746,1.8057
11747,1.7471
11748,1.7171
11749,1.686
11750,1.6552
11751,1.6249
11752,1.5942
11773,1.8642
11801,1.7706
11805,3.0318
11806,3.2023
11807,3.1984
11808,3.1856
11810,2.8713
11812,2.1969
11813,2.3488
11815,2.2131
11816,2.2203
11817,2.188
11821,2.3646
11822,2.3548
11823,2.2954
11826,2.4474
11828,1.8065
11829,1.8815
11830,1.8011
11834,1.7106
11835,1.6956
11836,1.7001
11837,1.5559
11840,1.1115
11841,1.6489
11842,1.521
11843,1.5841
11845,1.1439
11869,1.595
11870,1.5643
11871,1.698
11872,1.7264
11873,1.6581
11874,2.3345
11875,2.2964
11876,2.2799
11877,2.2689
11878,2.8639
11879,2.2424
11880,2.7663
11881,2.82
11882,1.5059
11883,1.7849
11884,2.1887
11885,1.9696
11888,2.6563
11889,2.1451
11891,2.3332
11892,2.2285
11893,2.274
11894,2.309
11895,1.7979
11896,2.2507
11914,1.6965
11915,2.1608
11917,1.3256
11918,2.8209
11919,1.6793
11920,1.4457
11949,1.6112
11950,1.4755
11951,1.5279
11952,1.339
11955,1.588
11958,1.9624
11959,2.1304
11960,2.193
11961,2.259
11962,1.7693
11963,1.8204
11964,1.791
11965,1.7615
11966,1.7319
11967,1.7332
11968,1.706
11969,1.6776
11970,1.706
11971,1.6488
11972,1.6756
11973,1.647
11974,1.6184
11975,1.5898
11978,2.1887
11979,2.2448
11982,1.654
11984,2.1458
11985,2.2566
11986,1.7984
11987,1.7912
11988,1.7836
11989,1.7689
11990,1.7615
11991,1.7544
11992,1.7467
11994,1.7131
11995,1.706
11996,1.7131
11997,1.6989
11998,1.6847
11999,1.6989
12001,1.6776
12002,1.6705
12003,1.6776
12004,1.6634
12005,1.6776
12006,1.6542
12007,1.647
12008,1.6399
12009,1.647
12010,1.6255
12011,1.6184
12012,1.6113
12013,1.6041
12014,2.3221
12015,2.4421
12016,2.5178
12017,2.5282
12018,2.004
12019,2.3457
12020,2.2745
12021,2.1334
12022,2.004
12024,2.4367
12025,1.7491
12026,1.5677
12027,1.455
12028,1.5117
12029,1.3307
12030,1.6251
12031,1.3679
12032,1.7263
12033,1.054
12034,0.8693
12035,1.2362
12036,1.4812
12037,1.2912
12038,0.4338
12039,1.4515
12040,1.2
12041,1.253
12042,1.502
12043,1.2319
12044,1.1889
12045,0.7073
12046,0.8204
12048,1.2645
12049,0.927
12050,0.941
12051,2.4051
12053,2.2917
12054,2.325
12056,2.3412
12057,1.691
12058,1.6939
12059,1.6964
12060,1.699
12061,1.7019
12062,1.7046
12063,1.7076
12064,1.7101
12065,1.7131
12066,1.7157
12067,1.7193
12068,1.7218
12069,1.7248
12070,1.7273
12071,1.7297
12072,1.7323
12075,1.738
12077,1.7406
12078,1.7354
12079,1.7435
12081,1.7461
12083,1.7487
12084,1.7513
12085,1.7539
12086,1.7566
12087,1.7585
12088,1.7609
12089,1.7623
12090,1.7637
12091,1.7647
12093,1.584
12094,1.5854
12095,1.5869
12096,1.5883
12097,1.5898
12098,1.5912
12099,1.5926
12100,1.5941
12101,1.5955
12102,1.597
12103,1.5983
12104,1.5998
12105,1.6012
12106,1.6026
12107,1.6041
12108,1.6055
12109,1.6069
12110,1.6084
12111,1.6098
12112,1.6113
12113,1.6127
12114,1.6141
12115,1.6155
12116,1.6169
12117,1.6184
12118,1.6198
12119,1.6212
12120,1.6227
12121,1.6255
12122,1.6241
12123,1.6594
12124,1.6609
12125,1.6623
12126,1.6638
12127,1.6652
12128,1.6667
12129,1.6682
12130,1.6697
12131,1.6711
12132,1.6724
12133,1.6739
12134,1.6753
12135,1.6767
12136,1.6783
12137,1.6783
12138,1.6812
12139,1.6838
12140,1.6853
12141,1.687
12142,1.6879
12143,1.6446
12144,1.646
12145,1.649
12146,1.649
12147,1.6504
12148,1.652
12149,1.6533
12150,1.652
12151,1.6548
12152,1.6519
12153,1.6566
12154,1.658
12155,1.6476
12156,2.4105
12157,2.47
12158,2.396
12159,2.3846
12160,2.4574
12161,2.5141
12162,2.2137
12163,2.369
12165,2.4887
12166,2.2924
12167,2.2409
12168,2.2782
12169,2.2997
12170,2.1586
12171,1.8647
12173,2.0097
12174,1.6797
12188,1.6314
12189,1.6941
12541,1.7585
12542,2.8651
12543,1.7585
13312,2.2851
13313,2.3048
13315,2.6195
13316,2.3685
13991,1.2567
13996,1.5874
13997,1.4753
13998,1.3395
14000,1.1804
14002,1.0558
14003,1.0609
14005,1.2599
14006,0.7359
14008,1.1125
14009,1.3226
14010,1.5849
14011,1.2235
14012,0.961
14013,0.9421
14014,1.4657
14015,1.3389
14016,1.3041
14017,1.2839
14146,1.7255
14147,1.715
14148,1.7038
14149,1.6943
14171,1.6484
14172,1.6393
14173,1.6291
14174,1.6196
14227,1.2696
14228,1.2977
14229,2.487
14230,2.47
14231,2.4506
14232,2.4373
14233,2.4214
14234,2.4045
14235,2.3872
14236,2.3711
14237,1.3215
14238,1.4223
14239,0.9332
14241,2.3544
14243,2.3409
14244,2.3255
14245,2.3409
14246,2.3106
14247,2.3409
14261,1.9586
14262,1.9591
14263,1.9586
14264,1.9477
14265,1.9359
14266,1.9245
14277,1.9114
14285,0.7837
14293,1.8997
14294,1.8872
14295,1.8732
14296,1.8612
14297,1.8486
14298,1.8365
14299,1.8486
14342,2.2909
14348,2.6181
14397,2.3155
14400,2.5984
14444,1.7452
14446,1.7583
14447,2.0294
14448,2.3668
14456,1.7209
14457,1.7184
14502,0.8595
14503,0.8711
14504,0.8779
14505,1.7936
14506,1.7967
14507,1.8563
14508,1.8343
14509,1.8128
14510,1.7907
14511,1.7687
14512,1.7465
14513,1.7243
14514,1.7016
14515,1.6778
14517,1.6553
14518,1.6325
14519,1.6091
14520,1.5855
14522,1.5609
14524,1.537
14526,1.5112
14528,1.4851
14529,1.4592
14530,1.4313
14531,1.3965
14532,1.7682
14533,1.7475
14534,1.7265
14535,1.7056
14536,1.6843
14537,1.6642
14538,1.6436
14539,1.6232
14540,1.6023
14541,1.5804
14542,1.5598
14543,1.539
14544,1.5175
14546,1.4966
14547,1.4752
14548,1.4544
14550,1.4326
14551,1.4101
14552,1.387
14553,1.3636
14555,1.784
14556,1.7869
14581,1.7868
14582,1.7867
14895,2.0276
14896,2.3819
14899,2.35
15087,1.7601
15088,1.759
15089,1.7576
15090,1.7559
15091,1.7539
15092,1.7517
15093,1.7491
15094,1.7468
15095,1.7448
15096,1.7419
15097,1.7394
15098,1.7345
15099,1.7319
15100,1.7315
15101,1.7265
15102,1.7236
15104,1.7205
15105,1.7178
15106,1.715
15107,1.7119
15108,1.7089
15109,1.7056
15110,1.7022
15111,1.6991
15112,1.6957
15113,1.692
15114,1.6891
15115,1.686
15116,1.6827
15117,1.6813
15129,1.6953
15130,1.6939
15131,1.6922
15133,1.6905
15134,1.6875
15135,1.6846
15136,1.6826
15137,1.6795
15138,1.6768
15139,1.6742
15140,1.6706
15141,1.668
15142,1.6652
15143,1.6621
15144,1.6586
15145,1.6561
15146,1.6525
15147,1.6491
15148,1.6456
15149,1.6425
15150,1.639
15152,1.6355
15153,1.6321
15154,1.6286
15155,1.6247
15156,1.6207
15157,1.6166
15158,1.6127
15159,1.6086
15160,1.6033
15161,1.6166
15162,1.6155
15163,1.6143
15164,1.6127
15165,1.6114
15166,1.6094
15167,1.6074
15168,1.6046
15169,1.6025
15170,1.5992
15171,1.5962
15172,1.5938
15173,1.5914
15174,1.5886
15175,1.5874
15176,1.5839
15177,1.5807
15178,1.5789
15179,1.5754
15180,1.5728
15182,1.5669
15183,1.5645
15184,1.5613
15185,1.5581
15186,1.5555
15187,1.5529
15188,1.5494
15189,1.5465
15190,1.5435
15191,1.5701
15192,1.7146
15193,1.713
15194,1.7099
15195,1.7146
15196,1.713
15197,1.7099
15230,0.7844
15231,0.8682
15232,0.9394
15233,0.8664
15234,0.9315
15235,0.8783
15260,1.3326
15261,1.4589
15262,1.4742
15263,1.471
15264,1.4607
15265,1.3898
15267,1.4464
15268,1.3437
15269,1.4278
15270,1.4607
15271,1.4943
15272,1.4531
15273,1.4597
15274,1.4088
15275,1.3961
15276,1.4466
15277,1.4523
15278,1.4632
15280,1.4854
15281,1.7179
15282,1.3351
15283,1.3749
15284,0.8741
15285,1.1915
15286,0.874
15322,1.7369
15323,1.7342
15324,1.7347
15325,1.7332
15326,1.7321
15327,1.7296
15328,1.727
15329,1.7229
15330,1.7211
15331,1.7202
15332,1.7178
15335,1.7146
15336,1.713
15337,1.7099
15338,1.7066
15339,1.7025
15340,1.6999
15341,1.6987
15343,1.695
15344,1.6932
15346,1.6902
15348,1.6866
15349,1.6834
15351,1.6809
15352,1.6767
15353,1.6741
15354,1.6713
15355,1.6684
15356,1.6648
15357,1.6599
15358,2.5005
15359,1.7026
15362,1.7464
15473,0.9034
15474,0.7386
15475,0.9997
15476,0.5625
15477,0.6431
15478,0.5625
15479,0.8953
15480,1.2887
15481,1.0765
15482,1.3497
15483,0.2207
15484,0.8098
15485,0.2207
15486,0.8113
15487,0.7807
15488,0.9142
15489,1.1465
15491,0.6418
15492,0.4858
15493,0.5906
15494,0.8646
15495,0.9323
15496,0.8646
15497,1.1478
15498,0.589
15499,1.0889
15500,1.3681
15501,1.1208
15502,1.0334
15503,0.8646
15504,0.7292
15506,0.8047
15530,1.1243
15533,2.1316
15535,2.214
15536,2.5255
15537,2.1154
15538,2.0479
15540,2.2802
15592,0.5666
15612,1.657
15614,1.6412
15615,1.6325
15634,0.9729
15635,0.5002
15636,0.5767
15637,0.8196
15638,0.8005
15639,1.3502
15640,0.6538
15641,1.3509
15642,1.3423
15643,1.3323
15644,1.3235
15646,2.3279
15647,0.9414
15649,1.3439
15653,1.3143
15654,1.3079
15655,1.4654
15660,1.2205
15661,1.6056
15662,1.4078
15663,0.7194
15664,1.4078
15668,0.3911
15669,0.4122
15670,0.4101
15672,0.4413
15673,0.3837
15674,0.5149
15675,0.5312
15676,0.5426
15677,0.5541
15678,0.5696
15679,0.5149
15680,0.5876
15681,0.5149
15682,0.3819
15683,0.615
15684,0.9485
15686,0.9525
15687,2.4987
15690,2.4527
15691,2.9037
15694,2.4561
15695,3.0911
15696,2.4561
15697,3.0801
15698,3.0914
15699,3.0254
15700,3.0801
15701,1.6856
15702,1.6253
15703,3.0801
15704,1.6965
15705,3.0801
15706,1.5712
15707,1.7045
15708,1.4949
15709,1.8048
15710,1.5042
15711,1.4949
15712,1.5949
15713,1.6754
15714,1.4949
15715,1.5712
15716,2.0873
15717,2.3191
15718,1.7905
15719,1.961
15720,2.3964
15721,2.0442
15722,2.0879
15723,2.4885
15724,1.7102
15725,1.4102
15726,2.3159
15727,2.17
15728,1.961
15729,2.3191
15731,1.2977
15732,1.2876
15733,1.2788
15739,1.715
15740,1.7038
15741,1.6943
15742,1.6838
15743,1.6741
15744,1.6649
15745,1.6576
15746,1.6484
15747,1.6393
15760,0.5414
15831,2.3797
15832,2.3435
15872,1.6493
15874,1.1207
15875,1.8726
15876,1.3456
15878,0.5074
15879,1.609
15880,1.3063
15881,1.5216
15882,1.5243
15886,2.3396
15891,2.835
15894,2.1395
15895,2.1559
15896,1.7861
16008,1.6741
16009,1.6943
16010,1.715
16034,1.7973
16036,1.7973
16037,1.7434
16038,1.7986
16040,1.8106
16043,2.2582
16044,2.3248
16049,1.5953
16050,1.5946
16051,1.3359
16052,1.3711
16056,1.7281
16076,1.5638
16077,1.987
16078,1.3769
16079,1.607
16080,1.846
16081,2.2846
16085,0.8907
16086,1.0433
16087,1.2727
16088,0.865
16089,1.041
16090,0.8689
16091,0.5718
16092,1.8165
16094,1.0355
16097,0.3596
16099,1.259
16100,1.6829
16101,1.682
16102,1.6808
16103,1.6787
16104,1.6771
16105,1.6787
16106,2.4043
16107,2.4043
16108,2.4016
16109,2.397
16110,2.393
16111,2.4016
16114,1.6766
16117,1.8067
16118,1.7024
16120,1.875
16122,2.147
16123,1.8556
16124,2.1575
16126,1.6283
16127,2.1777
16159,1.3173
16160,1.3206
16161,1.3196
16162,1.3178
16163,1.3158
16164,2.1923
16165,2.1991
16166,2.1887
16167,2.1827
16168,2.1765
16194,1.9312
16201,1.324
16202,1.2492
16264,1.8323
16265,1.8552
16319,2.7529
16320,2.6511
16321,2.5355
16322,2.4214
16323,2.6511
16324,2.3056
16325,2.1952
16326,2.0799
16327,1.9833
16329,1.8738
16337,2.3451
16338,2.5193
16339,2.4797
16340,2.5979
16344,2.0209
16346,2.0854
16348,1.5129
16349,1.4514
16350,1.3906
16351,1.3235
16352,1.2561
16353,0.7039
16354,1.1381
16355,1.3235
16356,1.0839
16357,1.0252
16358,1.8773
16359,1.9991
16361,2.4056
16363,1.7401
16364,2.921
16367,3.1495
16368,3.1542
16369,3.1495
16370,2.9426
16371,2.8173
16372,2.85
16373,2.8993
16374,2.7371
16375,2.9195
16376,2.9055
16377,3.1538
16378,3.1502
16379,2.1877
16380,2.0987
16381,2.0092
16382,1.9243
16383,2.0987
16384,1.8384
16385,1.7487
16386,1.659
16387,1.5719
16388,1.4821
16389,1.659
16390,1.9132
16391,1.8336
16392,1.7552
16393,1.6838
16394,1.7552
16395,1.6101
16396,1.7552
16397,1.5363
16398,1.4588
16399,1.3837
16400,1.7552
16401,1.3066
16402,1.7552
16403,3.1068
16404,3.0961
16405,3.2554
16408,3.1706
16410,1.933
16418,1.324
16419,1.2492
16438,1.6012
16571,1.2488
16580,1.2936
16581,1.4678
16654,1.4318
16656,1.9783
16657,1.2488
16659,1.2182
16660,1.0499
16661,1.5189
16662,1.3179
16663,1.3049
16684,1.7485
16686,1.4578
16784,1.3746
16785,1.6054
16788,1.1491
16789,1.2747
16799,2.9483
16800,2.9198
16801,2.9221
16802,2.325
16803,2.3589
16804,2.325
16810,2.9261
16811,2.9256
16812,2.9523
16813,1.2892
16814,1.0625
16815,1.5697
16816,1.0625
16822,1.4075
16824,0.5634
16825,0.8206
16827,0.7664
16829,1.3056
16830,1.9594
16831,1.6882
16832,1.0931
16834,1.1205
16835,1.6031
16836,1.9038
16837,2.4358
16838,2.5463
16839,2.3711
16840,2.5463
16841,2.4358
16842,2.3711
16864,1.671
16865,1.3102
16866,2.9436
16867,2.9146
16868,2.9131
16869,2.9432
16870,1.4446
16871,1.026
16880,1.6676
16881,1.2999
16882,2.9511
16883,2.9242
16884,2.9304
16885,2.9506
16886,1.4327
16887,1.0308
16889,2.3677
16912,1.4389
16913,1.4357
16914,1.5733
16915,1.4383
16917,1.8353
16918,1.6471
16919,1.8992
16983,1.9344
16984,1.8509
16985,1.8903
17124,1.5602
17125,1.8981
17126,1.808
17127,1.8888
17141,1.6565
17142,1.5709
17143,1.6879
17144,1.5674
17145,1.6069
17213,1.3212
17214,1.6085
17215,1.5905
17217,1.429
17218,1.4222
17219,1.2295
17220,1.0939
17246,1.8501
17250,1.957
17356,2.3715
17401,1.9441
17402,1.9158
17403,1.8892
17404,1.8719
17405,1.8668
17406,1.8506
17408,1.7914
17409,1.7815
17410,1.7681
17411,1.9898
17412,1.9581
17413,1.8921
17414,1.8421
17415,1.8219
17416,1.9898
17417,1.8364
17418,1.9291
17419,1.9153
17420,1.8889
17421,1.8661
17422,1.9355
17423,1.8926
17424,1.9481
17425,1.9485
17426,1.896
17427,1.8597
17428,1.8749
17429,1.8594
17430,1.8253
17431,1.7981
17545,1.5153
17546,1.43
17547,1.3525
17592,1.3542
17593,1.6025
17595,1.2724
17605,1.8673
17606,2.834
17607,1.5453
17608,1.5199
17609,1.6046
17610,0.8171
17611,1.6139
17612,1.4927
17613,1.2791
17614,1.2789
17615,1.1273
17617,1.1594
17619,2.4837
17620,1.0945
17621,1.5171
17624,1.0791
17625,1.0144
17626,1.9529
17627,1.8757
17628,1.668
17629,1.8616
17630,1.7129
17633,1.7475
17634,1.6015
17635,1.6552
17637,1.5349
17638,1.3233
17639,1.3295
17640,2.1573
17641,1.4205
17642,1.8856
17643,1.3991
17644,1.5701
17645,1.3808
17646,2.6075
17649,2.2348
17650,2.2496
17651,1.6552
17652,1.8639
17653,2.1105
17654,2.0053
17657,2.2925
17658,1.7288
17659,2.4738
17661,1.9746
17662,1.7084
17700,1.8175
17709,2.5708
17710,2.3025
17711,2.2135
17712,2.4331
17713,2.2525
17714,1.9394
17716,2.262
17717,2.2986
17718,2.1546
17719,1.7903
17720,1.7953
17721,2.4626
17722,2.0464
17723,2.5084
17724,2.0291
17725,2.1956
17726,1.9754
17728,1.8639
17737,1.5536
17741,1.4471
17742,1.3345
17764,1.5382
18037,1.6866
18040,1.7688
18050,1.5962
18051,1.6193
18052,1.6259
18053,1.516
18054,1.7068
18055,1.7481
18057,1.5721
18058,1.7577
18059,1.6771
18060,1.2995
18061,1.2394
18062,1.4944
18063,1.3649
18065,1.8494
18067,2.1939
18068,2.1374
18093,1.7164
18095,1.7178
18096,1.7732
18097,1.7746
18098,1.775
18099,1.8066
18100,1.8039
18101,1.8053
18104,1.7682
18210,1.6866
18211,1.7763
19018,1.2871
19340,1.2084
19341,1.0709
19342,0.9749
19345,1.2846
19346,1.3682
19347,1.3797
19348,1.3978
19349,1.4447
19350,1.3965
19351,1.429
19352,1.4429
19394,1.3774
19395,1.4335
19396,1.8918
19397,1.4335
19398,1.4482
19399,1.4377
19400,1.539
19401,1.5421
19402,1.4377
19403,1.55
19404,1.6812
19405,1.6628
19406,1.6845
19407,1.6628
19408,1.4482
19441,2.2024
19442,1.8245
19445,1.2084
19447,0.9749
19449,1.2846
19450,1.3682
19451,1.3797
19452,1.3978
19453,1.4447
19454,1.3965
19455,1.429
19456,1.4429
19545,1.8326
19546,2.9262
19551,1.4431
19570,1.3909
19571,1.4973
19573,1.4893
19575,1.4727
19576,1.4705
19579,1.4012
19580,1.4227
19583,1.4937
19587,1.4511
19592,1.3214
19594,1.3798
19916,0.8022
19917,1.4255
19918,0.8861
19919,0.8941
19920,1.4294
19921,1.4442
19922,1.4206
19923,1.4347
19924,0.8942
19925,0.8888
19926,0.8353
19928,0.861
19929,0.8592
19930,0.8606
19931,0.8804
19932,1.4407
19933,0.8924
19934,1.3635
19935,0.8512
19936,0.9219
19937,0.8797
19965,1.354
19966,1.4368
19967,1.4885
19968,2.1031
19969,1.5373
19970,1.1381
20011,1.3984
20012,1.4552
20013,0.8985
20050,1.2999
20051,1.3174
20052,1.4331
20053,1.4533
20054,1.3919
20055,1.4613
20056,1.4331
20057,1.4597
20058,1.4392
20059,1.3856
20060,1.3825
20061,1.4204
20062,1.3825
20063,1.4408
20064,1.4532
20065,1.3673
20066,1.4715
20067,1.4283
20068,1.4344
20069,1.4171
20070,1.4447
20071,1.4122
20072,1.395
20073,1.391
20074,1.4487
20075,1.4632
20076,1.4116
20077,1.3352
20092,2.0924
20093,1.5087
20094,1.3078
20095,1.4176
20096,1.5942
20098,0.8749
20099,0.8713
20101,1.1832
20102,0.8713
20244,1.7227
20245,1.8409
20246,1.9672
20247,1.8934
20258,2.3688
20259,1.8651
20260,1.8651
20261,2.368
20262,1.8362
20482,1.9805
20628,1.102
20630,1.1779
20632,1.1647
20633,1.1442
20635,1.1951
20636,1.2065
20637,1.2367
20638,1.2465
20639,1.2087
20641,1.1565
20740,0.9729
20742,3.2749
20751,1.3549
20752,1.4057
20775,1.1676
20779,1.2299
20780,1.1062
20784,1.1453
20791,2.5133
20964,1.1638
20965,1.1363
20966,1.1595
20967,1.1403
20969,1.1542
20970,1.211
20971,1.273
20972,1.2425
20973,1.173
20974,1.1242
20975,1.0079
20976,1.1605
20977,1.2536
21018,2.3549
21019,2.3664
21020,2.3672
21056,2.242
21057,2.3881
21058,2.1065
21059,2.1547
21061,2.1694
21062,2.301
21063,2.3445
21064,2.4252
21065,2.4568
21066,2.506
21067,2.1285
21068,2.3641
21069,1.8825
21070,2.0188
21071,2.0308
21073,2.2431
21074,2.3467
21075,2.505
21076,2.6243
21077,2.6929
21140,0.9078
21142,1.3613
21143,1.3973
21144,1.1717
21145,0.865
21146,1.2216
21147,1.84
21148,1.4956
21149,0.9957
21150,1.3774
21151,1.2879
21152,2.0619
21153,2.2607
21154,2.0111
21155,1.3909
21156,1.3746
21157,2.0535
21158,1.6254
21159,1.3218
21160,1.2123
21161,1.7978
21162,1.3332
21163,2.2559
21165,2.5626
21167,1.7839
21168,2.382
21176,1.4764
21177,2.1323
21178,2.1812
21179,1.5449
21183,1.8666
21189,1.7385
21206,1.933
21208,2.195
21210,2.4009
21211,1.5999
21212,1.4839
21213,1.8157
21215,1.8726
21216,1.1069
21218,1.872
21219,2.1509
21220,1.872
21221,1.2155
21222,1.2006
21223,1.2103
21225,1.0371
21226,0.9771
21227,1.3822
21228,1.4596
21230,0.9996
21231,0.7473
21232,1.1125
21233,1.3035
21234,1.1125
21338,2.5255
21339,2.5722
21340,2.5995
21341,2.6081
21342,2.6069
21343,2.611
21344,2.6103
21345,2.611
21346,2.5722
21347,2.5862
21348,2.5656
21349,2.6044
21350,2.5831
21352,2.6037
21353,2.5998
21355,3.1233
21356,2.9526
21357,2.7784
21358,2.613
21359,2.4746
21360,2.3184
21361,2.1769
21362,1.9732
21398,2.361
21399,2.1663
21400,2.5293
21401,1.6763
21402,1.8531
21403,1.9195
21410,2.2252
21411,2.3029
21412,2.6494
21414,2.9149
21436,1.9527
21437,1.9423
21438,1.9228
21439,1.918
21440,1.9091
21441,1.9008
21442,1.8883
21443,1.8757
21454,1.4256
21455,1.4052
21456,1.3852
21457,1.3667
21458,1.3512
21459,1.3339
21461,1.4464
21462,1.3172
21464,1.4125
21465,1.3512
21466,1.3959
21468,1.3782
21469,1.3536
21470,1.3457
21471,1.3456
21479,2.8339
21500,1.8276
21542,1.2187
21543,1.2555
21544,1.8419
21545,1.8966
21547,1.7908
21550,1.8839
21555,1.8685
21556,1.9582
21559,2.0312
21583,1.7726
21584,1.919
21586,1.9539
21588,2.0095
21624,1.9049
21626,1.6902
21627,1.7921
21628,1.3585
21629,1.3787
21632,1.4713
21634,1.5386
21635,1.6016
21636,1.3507
21638,1.3801
21639,1.418
21642,1.5433
21643,1.642
21670,1.9697
21671,1.9321
21672,2.0187
21673,2.1292
21674,2.2134
21675,2.2609
21685,2.1756
21686,1.6296
21687,1.7557
21688,2.1685
21689,2.0322
21690,2.1269
21691,2.3989
21692,2.5652
21693,2.6194
21762,1.3512
21763,1.4198
21764,1.4008
21765,1.3999
21766,1.4392
21767,1.501
21768,1.368
21769,1.4548
21770,1.4589
21771,1.7448
21772,1.6933
21773,1.6556
21774,1.6084
21775,1.5398
21776,1.4957
21777,1.4416
21778,1.4001
21779,1.5622
21780,1.4973
21781,1.4715
21782,1.4603
21783,1.4303
21784,1.4013
21785,1.3761
21786,1.3603
21787,1.5772
21788,1.5595
21789,1.5444
21790,1.5249
21791,1.4827
21792,1.4715
21793,1.4458
21794,1.4
21795,1.419
21796,1.4341
21797,1.432
21798,1.4396
21799,1.4052
21800,1.4309
21801,1.4242
21802,1.3904
21821,2.4009
21875,1.4442
21876,1.5049
21877,1.5108
21878,1.5265
21879,1.559
21888,2.1636
21889,1.9339
21890,1.6195
21891,1.4221
21902,2.3156
21903,2.1847
21907,1.7697
21911,1.4093
21912,1.5587
21914,1.6233
21918,1.7523
21961,1.3805
21962,1.6055
21963,1.6158
21964,1.745
21965,2.0489
22364,1.9481
22669,2.3278
22670,2.3278
22708,2.4994
22709,2.4191
22710,2.3397
22711,2.2617
22712,2.1835
22713,2.1055
22715,2.038
22716,1.9622
22717,1.3364
22718,1.2914
22719,1.2473
22720,1.2038
22722,1.1228
22723,1.082
22724,1.0209
22726,1.6825
22728,1.5772
22730,1.443
22731,1.3958
22732,1.3485
22751,1.0838
22752,1.7942
22754,1.9675
22755,1.7942
22756,2.5091
22757,1.665
22758,1.1647
22804,1.7352
22805,1.6294
22806,1.5259
22948,1.7482
22949,1.5793
22951,1.4391
22953,1.7239
22955,2.1169
22957,2.5108
22959,1.8336
22960,1.0838
22961,1.7942
22963,1.665
22965,1.9675
22966,1.7942
22967,1.9382
23156,2.3807
23172,1.8486
23174,2.3456
23175,2.1201
23176,1.8611
23177,1.5838
23178,1.8273
23179,1.6297
23180,1.2833
23181,2.1656
23277,2.5126
23278,1.8336
23280,2.5126
23350,2.3039
23351,2.3039
23352,1.752
23353,1.7356
23354,1.5223
23355,1.542
23356,1.046
23357,1.5428
23358,1.5038
23359,1.5188
23360,1.5394
23361,1.0398
23363,1.0572
23365,1.2365
23379,1.5428
23390,2.2686
23391,2.2639
23392,1.779
23393,1.779
23398,1.6477
23399,1.6477
23400,1.6021
23401,1.5995
23402,1.2792
23403,1.2792
23404,1.2499
23405,1.2584
23755,2.3464
23756,2.3454
23757,2.3431
23758,2.3399
23759,2.3361
23806,2.3321
23811,2.3278
23812,2.3234
23813,2.3189
23814,2.3144
23815,2.3097
23845,1.235
23846,1.2327
23847,1.2308
23848,1.2288
23849,1.2343
23877,1.2263
23878,1.2243
23879,1.2222
23880,1.2201
23881,1.2181
23882,1.2161
23975,1.6104
23976,1.6096
23977,1.6078
23978,1.6055
23979,1.603
23980,1.6003
24127,1.4388
24128,1.3326
24129,1.418
24130,1.5296
24131,1.6349
24132,1.5687
24134,1.2913
24135,1.2941
24136,1.2931
24137,1.4174
24138,1.4248
24139,1.4163
24140,1.6256
24141,1.6247
24142,1.6166
24143,1.7904
24144,1.8039
24246,2.0809
24247,2.2065
24248,2.4314
24249,2.4375
24250,2.4708
24251,2.2713
24252,2.2986
24253,2.3379
24279,1.5974
24280,1.5945
24281,1.5914
24282,1.5882
24283,1.5849
24440,2.5774
24441,2.5016
24442,2.4241
24443,2.3504
24444,2.2804
24445,2.2144
24446,2.1317
24447,2.064
24448,1.9689
24449,2.0882
24450,2.2087
24451,2.442
24452,2.4382
24453,2.4738
24454,2.2695
24455,2.3037
24456,2.3416
24457,2.4738
24458,2.0882
24459,1.4033
24460,1.3618
24461,1.3219
24462,1.2831
24463,1.2443
24464,1.2056
24465,1.1669
24466,1.1291
24467,1.7782
24468,1.7251
24469,1.6744
24471,1.5769
24472,1.5284
24473,1.4803
24474,1.4316
24475,1.6256
24525,1.9721
24548,2.3941
24549,2.3903
24550,2.3821
24552,2.371
24553,2.3583
24554,2.3443
24555,2.3278
24557,2.311
24586,2.294
24587,2.2727
24589,2.252
24590,2.2285
24591,2.2066
24592,2.1654
24593,2.1257
24595,2.0904
24616,1.3148
24617,1.3126
24618,1.3078
24619,1.3024
24620,1.2956
24621,1.2886
24622,1.2813
24623,1.2735
24624,1.2653
24625,1.2566
24626,1.2475
24627,1.238
24628,1.2279
24629,1.2173
24630,1.2061
24631,1.1937
24650,1.6628
24651,1.6603
24652,1.655
24653,1.6477
24654,1.6395
24655,1.6306
24656,1.6213
24657,1.6113
24658,1.6011
24659,1.59
24660,1.5783
24661,1.5662
24662,1.553
24663,1.5389
24664,1.5237
24665,1.507
24809,1.9827
24810,2.4194
24811,2.5363
24812,2.7484
24814,2.5686
24816,1.7755
24817,2.137
24818,1.8132
24819,2.0544
24820,1.7839
24825,2.0521
24826,1.3176
24827,1.6686
24828,2.3866
24829,2.4098
24830,1.8889
24831,1.7884
24843,2.687
24844,2.6018
24845,2.5183
24846,2.4377
24847,2.3575
24848,2.2803
24849,2.2046
24850,2.1287
24863,1.4471
24864,1.4028
24865,1.3583
24867,1.2782
24868,1.238
24869,1.1966
24870,1.156
24881,1.8451
24882,1.786
24883,1.7263
24884,1.6865
24885,1.6327
24886,1.5797
24887,1.5273
24889,1.4761
24892,1.3166
24894,2.4978
24901,2.4712
24902,2.4627
24903,2.4535
24904,2.4441
24905,2.4338
24906,2.4239
24929,2.5012
24930,2.4992
24931,2.4949
24932,2.4886
24933,2.4814
24934,2.473
24935,2.4643
24936,2.4553
24937,2.4457
24938,2.4357
24939,2.4261
24976,1.3539
24977,1.3527
24978,1.3501
24979,1.3468
24980,1.3433
24981,1.3397
24982,1.3358
24983,1.332
24984,1.3283
24985,1.3245
24986,1.3206
24987,1.7157
24988,1.7145
24989,1.7267
24990,1.7236
24991,1.7201
24992,1.7164
24993,1.7125
24994,1.7083
24995,1.7125
24996,1.7041
24997,1.7164
24998,1.6995
24999,1.6939
25000,1.7164
25001,1.7267
25057,1.4523
25058,1.4043
25059,1.3581
25060,1.3126
25061,1.2735
25063,1.2602
25064,1.2275
25065,1.1504
25067,2.6955
25068,2.6072
25069,2.5202
25070,2.4333
25072,2.36
25074,2.2775
25075,2.1334
25076,1.8515
25078,1.7358
25080,1.6757
25081,1.6275
25082,1.6113
25083,1.5705
25084,1.474
25096,0.6787
25097,0.8818
25098,1.2795
25099,0.6787
25132,1.3416
25141,1.3734
25142,1.3341
25143,1.2288
25145,1.2805
25146,1.186
25147,1.1727
25149,1.1369
25150,1.0526
25151,0.8742
25152,0.8328
25153,0.7988
25154,0.77
25155,0.7472
25156,0.7398
25157,0.7213
25158,0.6759
25159,2.3361
25160,1.7932
25177,1.7223
25179,1.7196
25180,1.7171
25181,1.7128
25182,1.7119
25184,1.7096
25185,1.7069
25186,1.7043
25187,1.7018
25232,1.7231
25233,1.7207
25235,1.3555
25236,1.354
25237,1.3524
25238,1.3506
25239,1.3486
25240,1.3466
25241,1.3446
25243,1.3427
25244,1.3405
25245,1.3386
25246,1.356
25247,2.5104
25248,2.5094
25249,2.5071
25251,2.5001
25255,2.4832
25256,2.4788
25258,2.5039
25259,2.496
25260,2.4917
25261,2.4873
25262,2.474
25317,0.8895
25318,1.075
25319,0.9806
25320,0.8895
25321,0.8046
25323,0.7279
25324,0.6565
25325,0.5947
25326,0.5641
25327,0.9153
25328,0.8825
25329,0.8511
25330,0.8205
25331,0.7913
25332,0.7637
25333,0.7369
25334,0.7112
25344,1.3591
25345,1.3087
25346,1.2596
25347,1.2128
25349,1.17
25350,1.1267
25351,1.086
25352,1.0471
25365,2.4692
25366,2.4395
25367,2.3934
25368,2.3551
25369,2.3296
25370,2.3074
25372,2.2808
25373,2.256
25385,0.9806
25386,0.9346
25387,0.8895
25388,0.8458
25389,0.8046
25391,0.765
25392,0.7279
25393,0.6907
25404,1.2494
25405,1.2436
25406,1.2318
25407,1.2173
25408,1.2018
25409,1.187
25410,1.1697
25411,1.1505
25413,1.1309
25431,0.8484
25432,0.8465
25433,0.843
25434,0.8389
25435,0.8347
25437,0.8304
25439,0.826
25440,0.8215
25441,0.8171
25443,0.8125
25444,0.808
25446,0.8033
25447,0.7987
25448,0.794
25449,0.7892
25450,0.7844
25830,1.6559
25831,2.3389
25832,1.9957
25833,1.9726
25834,1.8094
25835,1.7154
25836,1.5346
25837,1.4309
25838,1.438
25839,1.4081
25840,1.2142
25841,1.8738
25842,1.7349
25843,1.3962
25844,2.0011
25845,2.3389
25846,2.0195
25847,2.0078
25849,1.7349
25898,0.9533
25899,0.9306
25900,0.908
25901,0.8858
25903,0.8425
25904,0.864
25905,0.8219
25906,0.8014
25923,0.8912
25924,0.8688
25925,0.8467
25927,0.8254
25928,0.8046
25929,0.7837
25930,0.7642
25931,0.7456
25932,0.726
25934,0.7067
25936,0.6885
25937,0.6711
25939,0.6538
25940,0.6367
25941,0.6206
26113,1.4904
26114,1.1395
26115,1.2107
26119,1.1127
26120,1.4886
26121,1.2228
26122,0.7406
26229,0.8382
26230,1.3691
26231,0.9106
26233,0.9251
26234,0.9954
26235,1.4285
26236,0.9171
26265,1.2475
26266,1.2382
26267,1.2247
26268,1.2074
26269,1.1938
26270,1.1785
26271,1.1606
26272,1.1407
26273,1.1218
26274,1.1116
26275,1.1015
26276,1.0907
26277,1.0798
26278,1.0686
26279,1.057
26280,1.045
26282,1.0326
26283,1.0199
26284,1.0066
26286,0.9938
26288,0.9785
26289,0.9621
26308,0.8478
26309,0.8449
26310,0.841
26311,0.8368
26312,0.8326
26313,0.8282
26314,0.8238
26315,0.8193
26316,0.8148
26317,0.8103
26318,0.8056
26319,0.801
26320,0.7963
26321,0.7916
26322,0.7868
26363,0.7902
26364,0.7694
26365,0.723
26366,0.6559
26367,0.5826
26368,0.5727
26369,0.4634
26370,0.6127
26372,0.4899
26373,0.6826
26374,0.2998
26375,0.5975
26377,0.5478
26379,0.5138
26380,0.4991
26382,0.474
26383,0.4636
26385,0.4534
26386,0.4469
26388,0.4364
26389,0.4277
26391,0.4205
26392,0.4145
26393,0.4098
26394,0.4016
26396,0.3954
26398,0.3853
26400,0.4869
26417,0.3978
26435,0.5917
26436,0.571
26437,0.5638
26438,0.5693
26439,0.5731
26449,0.908
26450,0.908
26451,0.908
26452,0.908
26453,0.908
26454,0.908
26455,0.908
26456,0.908
26457,0.908
26467,0.5685
26468,0.5709
26469,0.5395
26470,0.5053
26471,0.4648
26472,0.4491
26473,0.424
26474,0.4013
26475,0.6779
26482,1.1526
26483,1.2037
26485,0.9893
26488,1.073
26489,1.2514
26490,1.0631
26491,1.1994
26916,2.3904
26917,2.3902
26918,2.3897
26919,2.389
26920,2.3822
26921,2.381
26922,2.3808
26923,2.3799
26924,2.3779
26925,2.373
26926,2.3723
26961,0.959
26962,1.0216
27141,2.4055
27142,2.4067
27176,1.742
27177,1.6862
27178,1.6234
27179,1.5667
27180,1.5175
27181,1.4593
27182,1.4078
27183,1.3562
27184,1.8976
27185,1.8587
27187,1.7964
27188,1.7335
27189,1.6788
27190,1.6179
27191,1.5639
27192,1.5104
27197,1.8449
27198,1.7905
27199,1.7319
27200,1.6789
27201,1.6318
27203,1.5769
27205,1.5316
27207,1.4853
27209,1.979
27210,1.9363
27211,1.8661
27212,1.801
27213,1.7551
27214,1.6834
27215,1.6345
27216,1.584
27220,1.9827
27221,1.9133
27222,1.845
27223,1.7834
27225,1.7226
27226,1.6542
27227,1.592
27228,1.5201
27231,1.7392
27232,1.6894
27233,1.6446
27235,1.5401
27236,1.4722
27238,1.3661
27239,1.6189
27240,1.5164
27242,1.4625
27243,1.4638
27244,1.2523
27245,1.0987
27246,1.2373
27248,1.948
27249,1.8866
27250,1.8223
27251,1.7668
27252,1.6975
27253,1.6443
27254,1.5896
27255,2.0752
27257,1.9503
27258,1.8772
27260,1.8192
27261,1.7484
27262,1.6893
27264,1.6275
27366,1.984
27367,1.9398
27368,1.8769
27369,1.8119
27370,1.7593
27371,1.6936
27372,1.6457
27373,1.5924
27375,1.9871
27376,1.9243
27377,1.8616
27378,1.7951
27379,1.7372
27380,1.6694
27381,1.6105
27382,1.5565
27384,2.0039
27385,1.9405
27387,1.8072
27388,1.7517
27389,1.6875
27390,1.6409
27391,1.5888
27392,2.0543
27393,1.9854
27394,1.9122
27395,1.8452
27396,1.7849
27397,1.7135
27398,1.6581
27399,1.6001
27400,2.0177
27401,1.9538
27402,1.8868
27404,1.8148
27405,1.7644
27406,1.6961
27407,1.6419
27408,1.5841
27410,2.0225
27411,1.9558
27412,1.8888
27413,1.8211
27414,1.7615
27415,1.6984
27419,1.853
27420,1.7938
27421,1.7328
27422,1.6772
27423,1.627
27424,1.5719
27425,1.5251
27426,1.4762
27427,1.8698
27428,1.8133
27429,1.7477
27430,1.6876
27431,1.6426
27432,1.5778
27433,1.5294
27434,1.4753
27435,1.8438
27436,1.7831
27437,1.7302
27438,1.6735
27439,1.6247
27440,1.5666
27442,1.4675
27531,1.8429
27532,1.8101
27533,1.7577
27534,1.6979
27535,1.5244
27536,1.4737
27537,1.9412
27538,1.8859
27539,1.8204
27540,1.7641
27541,1.7105
27542,1.6505
27543,1.5969
27544,1.5435
27545,1.8781
27546,1.8305
27547,1.7688
27548,1.7118
27550,1.6573
27551,1.5933
27552,1.5312
27553,1.4746
27554,1.799
27555,1.7474
27556,1.6883
27557,1.6314
27558,1.5797
27559,1.5201
27561,1.4673
27562,1.4202
27563,1.8203
27564,1.7639
27565,1.7057
27566,1.6491
27567,1.6019
27568,1.5434
27569,1.4427
27570,1.8014
27571,1.7659
27572,1.7114
27573,1.6488
27574,1.6079
27575,1.543
27576,1.4956
27577,1.4385
27580,1.9819
27581,1.9197
27582,1.8556
27583,1.7888
27584,1.7334
27585,1.6656
27588,1.8208
27589,1.7607
27590,1.703
27591,1.6517
27592,1.6031
27593,1.5461
27594,1.4965
27595,1.4491
27598,1.9311
27599,1.8704
27600,1.8012
27601,1.7383
27602,1.6814
27603,1.6171
27604,1.5605
27605,1.5052
29043,1.1118
29044,0.9463
29046,1.3251
29048,1.73
29098,1.0503
29148,1.2638
29198,1.4991
29199,1.4637
29200,1.3957
29201,1.3286
29204,1.4286
29206,1.297
29207,1.2326
29208,1.2013
29209,1.1689
29210,1.1392
29211,1.1085
29212,1.0762
29213,1.043
29214,0.9939
29216,0.9355
29217,0.9645
29218,0.9059
29220,1.0181
29221,1.2647
29222,1.3623
29253,1.2934
29254,1.2888
29255,1.2825
29256,1.275
29257,1.2662
29258,1.258
29259,1.2505
29260,1.2393
29261,1.2314
29262,1.2201
29263,1.21
29264,1.2003
29266,1.1883
29267,1.1771
29268,1.1646
29269,1.1533
29270,1.139
29271,1.1259
29272,1.1127
29273,1.0964
29275,1.0799
29276,1.0618
29277,1.0424
29278,1.0224
29279,1
29280,0.9683
29281,0.9253
29282,0.9061
29283,0.8858
29284,0.8654
29413,0.9678
29414,1.1435
29416,1.1919
29417,1.2574
29418,1.3095
29419,1.3747
29420,1.4294
29421,1.4755
29425,1.2725
29426,1.3999
29427,1.474
29428,1.5515
29431,1.5309
29432,1.5301
29433,1.5829
29434,1.6421
29435,1.6941
29436,1.7551
29438,1.8161
29439,1.8782
29446,0.9509
29447,1.2343
29448,1.3021
29449,1.3579
29453,1.3995
29454,1.4458
29455,1.4933
29457,1.5482
29458,1.6041
29459,1.6603
29460,1.7184
29461,1.7799
29463,2.6253
29464,2.6886
29465,2.7376
29466,2.7972
29467,2.8508
29469,2.9054
29470,2.9624
29471,3.0361
29474,2.0393
29475,2.1103
29476,2.1784
29477,2.2444
29478,2.3301
29479,2.4144
29480,2.4943
29481,2.5783
29487,2.1327
29488,2.2044
29489,2.2753
29490,2.3588
29491,2.4296
29492,2.5125
29494,2.598
29495,2.6834
29497,2.2619
29498,2.3476
29499,2.441
29500,2.5409
29501,2.6276
29502,2.7292
29503,2.832
29504,2.9341
29514,0.8021
29516,0.822
29517,0.6844
29518,1.237
29519,1.1876
29520,1.1368
29521,1.085
29522,1.033
29523,0.9812
29524,0.93
29525,0.8793
29526,0.8292
29527,0.7788
29528,0.728
29529,0.6763
29530,0.6233
29531,0.5682
29532,0.5108
29540,0.5108
29542,1.0699
29543,1.0331
29544,0.997
29546,0.9631
29547,0.9324
29548,0.9053
29550,0.8819
29551,0.8615
29552,0.8431
29553,0.8256
29555,0.8078
29556,0.7891
29557,0.7695
29558,0.7489
29559,0.7279
29560,0.7068
29561,0.6858
29562,0.6654
29566,0.6452
29567,0.6262
29613,1.237
29614,1.1876
29616,1.1368
29617,1.085
29619,1.033
29620,0.9812
29621,0.93
29622,0.8793
29623,0.8292
29624,0.7788
29625,0.728
29626,0.6763
29627,0.6233
29628,0.5682
29629,0.5108
29637,0.8547
29638,0.8487
29639,0.8502
29640,0.8533
29641,0.8517
29643,0.8254
29644,0.8021
29645,0.7751
29647,0.7492
29648,0.7255
29650,0.7061
29651,0.6905
29652,0.6777
29654,0.6672
29656,0.6465
29657,0.636
29658,0.6245
29659,0.6127
29660,0.6569
29661,0.8426
30031,1.6343
30032,1.6826
30033,1.7388
30034,1.8052
30035,1.8599
30036,1.9245
30037,2.0576
30040,1.4162
30041,1.4741
30042,1.5485
30043,1.5959
30044,1.6843
30046,1.798
30661,1.3568
30663,1.3567
30666,1.3525
30682,1.3253
30685,1.3156
30686,1.3107
30691,1.2878
30780,2.3395
30782,2.3395
30783,2.3395
30785,2.3395
30786,2.3395
30787,2.3395
30788,2.3395
30789,2.3395
30790,2.3395
30791,0.4288
30792,0.5537
30793,1.5038
30794,0.7951
30813,1.7815
30847,1.3123
30848,1.2921
30934,2.3114
30935,2.2353
30936,2.1634
30937,2.0962
30938,2.0268
30939,1.9609
30943,1.89
30944,1.8186
30946,2.4718
30947,2.3928
30951,2.2386
30952,2.1658
30968,2.1403
30969,2.136
30970,2.1261
30971,2.1131
30972,2.0981
30973,2.082
30974,2.0644
30975,2.0468
30976,2.0279
30978,1.9834
30979,2.3156
30980,2.0905
30981,2.0157
30982,1.9468
30985,2.0079
30997,2.2838
30998,2.279
31000,2.2533
31001,2.2388
31002,2.2224
31003,2.2038
31004,2.1836
31005,2.1608
31006,2.1362
31007,2.1093
31025,2.2687
31032,1.3472
31034,1.3435
31040,1.3312
31050,1.7815
31051,1.7813
31052,1.7808
31053,1.7806
31056,1.7791
31057,1.7779
31058,1.7762
31059,1.7745
31060,1.7706
31061,1.7549
31062,1.758
31063,1.755
31064,1.7528
31065,1.7484
31066,1.743
31067,1.7378
31068,1.743
31069,1.7321
31070,1.743
31071,1.7263
31072,1.7206
31073,1.7149
31074,1.7083
31075,1.703
31096,1.6698
31097,1.6545
31098,1.6313
31133,1.64
31134,1.5817
31135,1.4183
31136,1.3617
31137,1.3067
31138,1.2535
31139,1.0131
31140,1.1568
31141,1.1129
31142,1.0707
31143,1.3018
31144,1.2466
31145,0.9137
31146,1.1324
31147,1.086
31148,1.0325
31149,0.9839
31150,1.086
31231,0.9616
31232,0.9375
31233,1.6391
31234,1.5817
31235,1.6391
31236,1.3151
31237,0.9616
31238,1.3093
31239,0.9616
31251,1.0421
31252,1.0407
31253,1.0397
31254,1.0379
31255,1.0368
31256,1.0357
31257,1.0341
31258,1.0319
31259,1.0301
31260,1.029
31261,1.0265
31262,1.0254
31263,1.0232
31264,1.0218
31265,1.0195
31266,1.0175
31267,1.015
31268,1.0128
31269,1.0116
31270,1.0091
31271,1.0062
31272,1.0045
31273,1.0015
31274,0.999
31275,0.9964
31276,0.9939
31277,0.9909
31278,0.988
31279,0.9857
31280,0.9817
31281,1.1116
31282,1.2535
31284,1.758
31285,1.7779
31286,1.1148
31287,1.1569
31288,1.1998
31289,1.2501
31290,1.2928
31291,1.3443
31292,1.3979
31358,0.9858
31359,1.0329
31360,1.0872
31361,1.1358
31363,1.2471
31365,1.1924
31366,1.2371
31367,1.2809
31368,0.9383
31369,1.1924
31371,1.3791
31372,1.4339
31375,1.0703
31376,1.0703
31377,1.1144
31378,1.1577
31379,1.2093
31380,1.2549
31381,1.3076
31382,1.3629
31384,0.7378
31385,0.8035
31386,0.8643
31387,0.9311
31388,0.989
31389,1.0525
31413,1.1164
31414,1.18
31433,2.1851
31435,1.2969
31436,2.4569
31437,1.6811
31438,1.325
31440,1.7083
31441,2.565
31442,1.3416
31443,1.2783
31444,1.637
31445,2.3887
31446,1.3496
31447,1.3392
31448,1.6479
31449,2.242
31451,2.3438
31452,1.6214
31453,2.258
31455,1.7088
31457,1.3566
31458,1.3566
31459,1.3546
31460,1.3532
31461,1.3501
31462,1.3484
31463,1.3448
31464,1.3407
31465,1.3388
31466,1.3367
31467,1.3349
31468,1.3355
31469,1.32
31473,1.3052
31474,1.298
31475,1.2821
31476,1.298
31479,2.1815
31480,1.6831
31482,1.3503
31483,1.4596
31484,1.9176
31486,1.3259
31508,1.4496
31509,1.7933
31510,2.1427
31511,1.4274
31512,1.9474
31513,1.6313
31514,1.5282
31515,1.3053
31516,1.3153
31517,1.7933
31518,2.5521
31519,1.7088
31521,1.7418
31522,2.4096
31524,1.79
31525,1.3647
31526,1.8305
31527,2.1888
31528,1.9672
31554,2.4234
31555,1.6875
31556,1.7111
31557,2.3457
31558,1.7948
31559,2.1441
31560,1.9454
31561,2.4232
31563,2.4234
31564,2.3457
31565,2.1441
31566,1.9454
31567,1.7948
31568,1.7111
31569,1.6875
31609,2.0672
31610,2.135
31611,2.2012
31612,2.2784
31613,2.3431
31614,2.4234
31615,2.5033
31622,1.5879
31625,1.7415
31629,1.997
31630,2.0616
31631,2.1269
31632,2.2024
31633,2.268
31634,2.3455
31655,2.4146
31656,2.414
31657,2.4136
31659,2.4121
31660,2.4116
31661,2.4102
31662,2.4107
31663,2.4124
31664,2.4146
31665,2.4102
31666,2.4092
31667,2.4088
31668,2.2012
31765,2.8995
31766,2.8704
31767,2.8441
31768,2.8258
31769,2.7985
31771,2.7774
31772,2.7574
31773,2.7391
31775,0.6798
31776,0.7514
31778,0.7514
31779,0.8256
31780,0.8551
31781,0.8694
31782,0.8963
31783,1.0182
31785,0.9983
31786,0.9884
31787,0.9876
31788,0.9768
31789,0.9676
31790,0.9884
31791,0.9983
31792,1.0182
31793,0.8256
31794,2.4124
31807,1.8854
31808,1.8837
31826,1.4615
31827,1.5594
31828,1.8026
31829,2.0012
31831,1.5212
31833,1.4384
31834,1.407
31835,1.279
31836,2.0268
31837,1.6281
31844,1.225
31845,1.4724
31926,1.8854
31948,1.2384
31949,1.5995
31950,0.7243
31951,1.1706
31954,1.3808
31955,1.5201
31956,1.7598
31957,1.3439
31958,1.4175
32034,1.5512
32053,0.8023
32054,0.8023
32055,0.6127
32056,0.7184
32057,0.8423
32058,0.8926
32059,0.8694
32060,0.9157
32061,0.9085
32062,0.918
32063,0.9144
32064,0.9046
32065,0.8932
32066,0.8781
32067,0.9046
32068,0.9157
32069,2.7774
32070,2.745
32071,2.7145
32072,2.6841
32073,2.6525
32074,2.625
32075,2.596
32076,2.6841
32077,2.542
32078,2.5687
32079,2.542
32080,2.745
32081,0.8694
32082,0.8926
32083,0.8423
32087,1.7168
32091,1.1975
32093,2.5139
32094,2.4894
32095,2.4644
32096,2.4381
32097,2.4135
32098,2.3889
32100,2.4644
32137,1.0034
32139,1.3836
32143,1.5397
32145,1.4071
32156,1.2921
32168,0.568
32326,1.468
32327,1.6945
32328,1.2794
32330,1.1165
32331,1.3155
32333,1.5218
32335,1.6536
32345,1.5086
32349,1.6249
32353,1.8001
32354,1.6577
32361,1.7073
32363,1.5183
32364,1.5643
32606,0.875
32607,0.875
32608,1.5807
32609,1.4812
32610,2.249
32906,2.4074
32907,1.6531
32908,2.3357
33141,1.6531
33142,2.3356
33143,2.4074
33789,2.0641
33790,1.6882
33791,1.4364
33828,1.8176
33834,2.0197
33835,1.7854
33836,1.7824
33837,1.1795
33838,1.0496
33841,1.8035
33843,1.8555
33844,1.1995
33845,1.4354
33846,1.3896
33847,1.7639
33848,1.7482
33849,1.7639
33850,1.5471
33960,1.8101
33961,1.8104
33962,1.8057
33963,1.6521
33965,1.92
33966,1.905
33967,1.905
33968,1.7321
33969,1.8372
33989,2.0472
33990,1.6811
34481,0.6507
34482,0.5916
34793,1.3343
34794,1.4903
34862,1.2053
34863,1.1827
34872,1.9783
34873,1.9146
34874,1.803
34875,1.7453
34876,1.689
34877,1.6353
34878,1.5823
34892,2.1471
34893,2.0778
34894,2.0117
34925,1.803
34928,1.7171
34956,1.16
34957,1.1371
34958,1.1159
34959,1.0947
34960,1.0735
34961,1.0499
34962,1.1371
34963,1.0286
34964,1.0078
34965,0.9858
34966,0.9644
34967,0.9409
34968,0.9187
34969,0.8971
34970,1.9146
34971,1.8886
34972,1.8523
34973,0.8747
34974,0.8525
34975,0.8302
34976,0.8086
34977,0.8302
34978,0.8525
34979,0.7854
34980,0.7613
34981,0.736
34982,0.7854
34983,0.8747
34985,0.681
34986,0.6507
34987,0.6216
34988,0.681
34989,0.8747
34990,0.7854
34991,0.736
35002,1.9146
35003,1.8304
35004,1.8026
35005,1.7737
35006,1.7444
35007,1.7157
35028,2.4375
35029,2.3994
35030,2.3593
35031,2.318
35032,2.3593
35033,2.2868
35034,2.2504
35035,2.2138
35036,2.1773
35048,1.9146
35072,1.672
35073,1.6428
35074,1.6335
35075,1.6015
35076,1.5708
35077,1.5416
35078,1.5093
35079,1.4775
35094,2.7068
35096,2.6648
35097,2.6251
35098,2.5836
35099,2.5444
35100,2.5042
35101,2.4675
35102,2.4285
35103,3.0073
35104,2.9611
35105,2.9153
35106,2.8703
35107,2.8255
35108,2.7822
35109,2.7387
35110,2.6964
35111,1.7359
35112,1.7067
35113,1.7359
35114,1.6728
35115,1.6621
35117,1.5999
35118,1.5778
35119,1.5484
35120,1.6284
35152,2.6027
35153,2.5982
35154,2.5891
35155,2.5754
35156,2.5616
35157,2.5474
35169,2.5313
35170,2.5166
35171,2.5011
35172,2.4865
35173,2.471
35174,2.5313
35175,2.8935
35176,2.8887
35177,2.8935
35183,2.8798
35184,2.8666
35185,2.8519
35186,2.8355
35187,2.8187
35188,2.8019
35189,2.7842
35190,2.7664
35191,2.7487
35224,1.6428
35225,1.6405
35226,1.6335
35227,1.6146
35228,1.6015
35229,1.5834
35230,1.5708
35231,1.5551
35235,1.8573
35236,1.8425
35237,1.8276
35238,1.8126
35239,1.7979
35240,1.7833
35241,1.7684
35242,1.7542
35243,1.7979
35244,1.8573
35247,2.3829
35248,2.3635
35249,2.3451
35250,2.3265
35251,2.3077
35252,2.2895
35253,2.2712
35254,2.2532
35266,1.8244
35267,1.8235
35268,1.8215
35269,1.8193
35270,1.8169
35271,1.8145
35272,1.812
35273,1.8095
35274,1.807
35275,1.8044
35276,1.8019
35456,2.3428
35457,2.3416
35458,2.3394
35459,2.3372
35460,2.3344
35461,2.3312
35462,2.3283
35463,2.3255
35464,2.3224
35466,2.316
35467,2.3312
35468,2.3344
35791,2.3191
35792,1.2065
35793,1.1896
35794,1.1675
35795,1.1469
35796,1.1241
35797,1.1025
35798,1.0829
35825,1.0551
35826,1.0382
35827,1.0169
35828,0.9964
35833,0.9724
35834,1.4195
35835,1.3946
35846,1.3946
35854,1.4957
35856,1.3723
35860,1.3723
35875,1.3723
36139,0.8815
36141,0.8411
36142,0.8185
36143,0.7967
36144,0.7706
36145,0.7442
36446,1.6919
36447,1.654
36448,1.6189
36449,1.6019
36450,1.563
36452,1.5509
36453,1.4948
36455,1.5226
36562,0.7173
36563,0.6948
36564,0.6633
36565,0.631
36566,0.6037
36567,0.557
36568,0.5024
36569,0.557
36570,0.6037
36573,0.5358
36588,1.7332
36593,1.5687
36597,1.5879
36598,1.7544
36599,1.4537
36600,1.7107
36601,1.6424
36604,1.5097
36605,1.6283
36606,1.5379
36608,1.6948
36609,1.5393
36612,1.4166
36614,1.2241
36616,1.4415
36618,1.3331
36619,1.4633
36620,1.3193
36625,1.3425
36626,1.4923
36627,1.418
36628,1.265
36632,1.3749
36634,1.3558
36636,1.4058
36637,1.5438
36895,1.6581
37086,1.8395
37089,1.8386
37095,1.8227
37098,1.8176
37406,1.5477
37407,1.0917
37408,0.6483
37409,1.8586
37410,1.0917
37412,0.9814
37416,1.6412
37418,1.2231
37420,0.5132
37422,1.2231
37424,1.2231
37426,1.6412
37429,0.9814
38045,1.7111
38046,1.6834
38047,1.6561
38048,1.6293
38069,2.1996
38071,2.1285
38072,2.095
38073,2.0609
38074,2.0278
38075,1.995
38076,2.3914
38077,2.3559
38078,2.3182
38079,2.2817
38081,2.3914
38092,2.1631
38093,2.2439
38094,2.6556
38095,2.6153
38096,2.5764
38097,2.5365
38098,2.4972
38099,2.4584
38100,3.3121
38101,3.2601
38102,3.2091
38103,3.1583
38104,3.1141
38105,3.073
38106,3.0189
38107,2.9761
38108,3.1583
38116,1.603
38117,1.5767
38118,1.551
38119,1.5253
38120,1.4996
38121,1.4746
38122,1.4495
38181,1.7278
38182,1.8373
38183,1.6904
38185,1.678
38186,1.7003
38187,1.693
38188,1.6822
38189,1.701
38190,1.6822
38191,1.6822
38200,1.3428
38203,1.3174
38358,2.4407
38359,2.4119
38360,2.5184
38361,2.3917
38797,1.8921
38798,1.833
38800,1.7199
38801,1.663
38802,1.6039
38803,1.5503
38804,1.7199
38805,1.8921
38854,1.8785
38855,1.8298
38856,1.7706
38857,1.7077
38858,1.6586
38859,1.5957
38860,1.5425
38861,1.4934
38862,1.5957
38942,1.8635
38943,1.8107
38944,1.7524
38945,1.8107
38946,1.8635
38947,1.6955
38948,1.6482
38949,1.5885
38950,1.5399
38951,1.4869
38952,1.5399
38953,1.5885
38954,1.6955
39157,1.4577
39158,1.0288
39217,2.6804
39221,1.5737
39223,2.0318
39224,1.92
39225,1.4976
39226,2.537
39228,1.873
39267,1.3386
39268,1.2416
39307,2.7535
39357,1.3398
39358,1.1919
39372,1.1332
39373,1.0501
39374,1.653
39375,1.0501
39410,2.3391
39457,1.0818
39458,1.0344
39459,0.9897
39460,0.9453
39461,0.8997
39462,0.8535
39463,0.8062
39464,0.7586
39465,2.047
39481,1.5172
39482,1.415
39483,1.3154
39484,1.2157
39485,1.1136
39486,1.0284
39487,0.9374
39488,0.8501
39489,0.7559
39490,1.5737
39491,1.6622
39492,3.3632
39494,1.6439
39495,1.6367
39496,1.6504
39497,1.6344
39498,1.5849
39500,1.6102
39501,1.6174
39525,1.9442
39526,1.5072
39563,1.9908
39564,1.9249
39565,1.8604
39566,1.7907
39567,1.7025
39568,1.6516
39569,1.4977
39570,1.6516
39578,1.2712
39579,1.2985
39581,1.3223
39582,1.3121
39583,1.2958
39605,1.6031
39606,1.7088
39607,1.7946
39608,1.4843
39609,1.7512
39611,1.4065
39612,1.4592
39613,1.5531
39614,1.5794
39615,1.5877
39617,1.5916
39618,1.5961
39619,1.602
39641,1.9047
39642,1.7077
39643,1.7721
39644,1.8407
39645,1.6726
39646,1.7274
39647,1.7961
39648,1.816
39672,1.2549
39673,1.0425
39674,1.1804
39675,1.1056
39676,1.4654
39677,1.6704
39678,1.7564
39810,1.3215
39811,1.3578
39812,1.393
39813,1.4307
39814,1.4744
39815,1.5111
39816,1.6635
39817,1.2702
39948,1.3603
39949,1.3761
39950,1.4013
39951,1.4303
39952,1.4603
39953,1.4715
39964,1.4973
39965,1.5622
